3762,adyen-java-api-library_6fb5cd049b57a22d2ec4465d204c15f1c90dd325,com.adyen.PayoutTest.testConfirmThirdPartySuccess,True
3763,adyen-java-api-library_6fb5cd049b57a22d2ec4465d204c15f1c90dd325,com.adyen.PayoutTest.testSubmitThirdPartySuccess,True
3783,adyen-java-api-library_6fb5cd049b57a22d2ec4465d204c15f1c90dd325,com.adyen.StoredValueTest.testLoadSuccessMocked,True
3790,adyen-java-api-library_6fb5cd049b57a22d2ec4465d204c15f1c90dd325,com.adyen.NotificationTest.testCaptureFail,True
3805,adyen-java-api-library_6fb5cd049b57a22d2ec4465d204c15f1c90dd325,com.adyen.NexoCryptoTest.testEncryptionWithInvalidSecurityKey,True
3810,adyen-java-api-library_6fb5cd049b57a22d2ec4465d204c15f1c90dd325,com.adyen.BinLookupTest.TestGetCostEstimateInvalidMerchantMocked,True
3824,adyen-java-api-library_6fb5cd049b57a22d2ec4465d204c15f1c90dd325,com.adyen.PaymentTest.TestBoletoSuccess,True
3830,adyen-java-api-library_6fb5cd049b57a22d2ec4465d204c15f1c90dd325,com.adyen.PaymentTest.TestGetAuthenticationResultErrorNotAllowed,True
3834,adyen-java-api-library_6fb5cd049b57a22d2ec4465d204c15f1c90dd325,com.adyen.ModificationTest.TestCancelOrRefundReceived,True
3836,adyen-java-api-library_6fb5cd049b57a22d2ec4465d204c15f1c90dd325,com.adyen.ModificationTest.TestCancelReceived,True
3848,adyen-java-api-library_6fb5cd049b57a22d2ec4465d204c15f1c90dd325,com.adyen.CheckoutTest.TestPaymentMethodsErrorMocked,True
3849,adyen-java-api-library_6fb5cd049b57a22d2ec4465d204c15f1c90dd325,com.adyen.CheckoutTest.TestPaymentsDetailsSuccessMocked,True
3857,adyen-java-api-library_6fb5cd049b57a22d2ec4465d204c15f1c90dd325,com.adyen.CheckoutTest.TestEncryptedPaymentMethodDetails,True
3865,adyen-java-api-library_6fb5cd049b57a22d2ec4465d204c15f1c90dd325,com.adyen.CheckoutTest.TestPayPalDetails,True
3867,adyen-java-api-library_6fb5cd049b57a22d2ec4465d204c15f1c90dd325,com.adyen.CheckoutTest.TestDokuDetailsSerialization,True
3875,adyen-java-api-library_6fb5cd049b57a22d2ec4465d204c15f1c90dd325,com.adyen.CheckoutTest.TestGenericIssuerPaymentMethodDetails,True
3915,adyen-java-api-library_6fb5cd049b57a22d2ec4465d204c15f1c90dd325,com.adyen.CheckoutTest.TestCancels,True
3948,adyen-java-api-library_6fb5cd049b57a22d2ec4465d204c15f1c90dd325,com.adyen.RecurringTest.testListRecurringDetails,True
3949,adyen-java-api-library_6fb5cd049b57a22d2ec4465d204c15f1c90dd325,com.adyen.RecurringTest.testDisable,True
3955,adyen-java-api-library_6fb5cd049b57a22d2ec4465d204c15f1c90dd325,com.adyen.RecurringTest.testNotifyShopper,True
3961,adyen-java-api-library_6fb5cd049b57a22d2ec4465d204c15f1c90dd325,com.adyen.TerminalCloudAPITest.syncPaymentRequestStoredValueSuccess,True
3968,adyen-java-api-library_6fb5cd049b57a22d2ec4465d204c15f1c90dd325,com.adyen.serializer.DateSerializerTest.testSerialize,True
3989,adyen-java-api-library_6fb5cd049b57a22d2ec4465d204c15f1c90dd325,com.adyen.builders.terminal.TerminalAPIRequestBuilderTest.testPaymentRequest,True
4003,adyen-java-api-library_6fb5cd049b57a22d2ec4465d204c15f1c90dd325,com.adyen.service.PaymentLinksTest.TestUpdatePaymentLink,True
4006,adyen-java-api-library_6fb5cd049b57a22d2ec4465d204c15f1c90dd325,com.adyen.service.PaymentLinksTest.createAmountObject,True
3758,adyen-java-api-library_6fb5cd049b57a22d2ec4465d204c15f1c90dd325,com.adyen.PosPaymentTest.testConnectedTerminalsErrorInvalidMerchant,True
3759,adyen-java-api-library_6fb5cd049b57a22d2ec4465d204c15f1c90dd325,com.adyen.PosPaymentTest.testConnectedTerminalsErrorMissingMerchant,True
3760,adyen-java-api-library_6fb5cd049b57a22d2ec4465d204c15f1c90dd325,com.adyen.PayoutTest.testStoreDetailAndSubmitThirdPartySuccess,True
3771,adyen-java-api-library_6fb5cd049b57a22d2ec4465d204c15f1c90dd325,com.adyen.PosTerminalManagementTest.testGetStoresUnderAccountSuccess,True
3773,adyen-java-api-library_6fb5cd049b57a22d2ec4465d204c15f1c90dd325,com.adyen.UtilTest.testAmountDecimals,True
3780,adyen-java-api-library_6fb5cd049b57a22d2ec4465d204c15f1c90dd325,com.adyen.UtilTest.testValidateHMACWithEmptyHmacException,True
3785,adyen-java-api-library_6fb5cd049b57a22d2ec4465d204c15f1c90dd325,com.adyen.StoredValueTest.testMergeBalanceSuccessMocked,True
3786,adyen-java-api-library_6fb5cd049b57a22d2ec4465d204c15f1c90dd325,com.adyen.StoredValueTest.testVoidTransactionSuccessMocked,True
3800,adyen-java-api-library_6fb5cd049b57a22d2ec4465d204c15f1c90dd325,com.adyen.ClientTest.testClientCertificateAuth_AU,True
3802,adyen-java-api-library_6fb5cd049b57a22d2ec4465d204c15f1c90dd325,com.adyen.ClientTest.assertCommonEndpoints,True
3814,adyen-java-api-library_6fb5cd049b57a22d2ec4465d204c15f1c90dd325,com.adyen.PaymentTest.TestAuthoriseError010Mocked,True
3837,adyen-java-api-library_6fb5cd049b57a22d2ec4465d204c15f1c90dd325,com.adyen.ModificationTest.TestVoidPendingRefundReceived,True
3843,adyen-java-api-library_6fb5cd049b57a22d2ec4465d204c15f1c90dd325,com.adyen.CheckoutTest.TestEncryptedPaymentsWithoutHoldernameSuccessMocked,True
3850,adyen-java-api-library_6fb5cd049b57a22d2ec4465d204c15f1c90dd325,com.adyen.CheckoutTest.TestPaymentsDetailsErrorMocked,True
3855,adyen-java-api-library_6fb5cd049b57a22d2ec4465d204c15f1c90dd325,com.adyen.CheckoutTest.TestPaymentMethodsFailureMissingIdentifierOnLive,True
3859,adyen-java-api-library_6fb5cd049b57a22d2ec4465d204c15f1c90dd325,com.adyen.CheckoutTest.TestSepaPaymentMethodDetails,True
3862,adyen-java-api-library_6fb5cd049b57a22d2ec4465d204c15f1c90dd325,com.adyen.CheckoutTest.TestEcontextVoucherDetailsSerialization,True
3866,adyen-java-api-library_6fb5cd049b57a22d2ec4465d204c15f1c90dd325,com.adyen.CheckoutTest.TestPayPalDetailsDeserialization,True
3897,adyen-java-api-library_6fb5cd049b57a22d2ec4465d204c15f1c90dd325,com.adyen.CheckoutTest.TestRecurringProcessingModels,True
3904,adyen-java-api-library_6fb5cd049b57a22d2ec4465d204c15f1c90dd325,com.adyen.CheckoutTest.TestPaymentsNetworkSuccess,True
3909,adyen-java-api-library_6fb5cd049b57a22d2ec4465d204c15f1c90dd325,com.adyen.CheckoutTest.TestStoredPaymentMethods,True
3920,adyen-java-api-library_6fb5cd049b57a22d2ec4465d204c15f1c90dd325,com.adyen.CheckoutTest.TestPaymentsReversalsFailed,True
3940,adyen-java-api-library_6fb5cd049b57a22d2ec4465d204c15f1c90dd325,com.adyen.PaymentRequestTest.TestDefaultApplicationInfoAdyenLibrary,True
3963,adyen-java-api-library_6fb5cd049b57a22d2ec4465d204c15f1c90dd325,com.adyen.serializer.DateTimeGMTSerializerTest.testSerialize,True
3965,adyen-java-api-library_6fb5cd049b57a22d2ec4465d204c15f1c90dd325,com.adyen.serializer.ByteArrayToStringAdapterTest.testDeserialize,True
3993,adyen-java-api-library_6fb5cd049b57a22d2ec4465d204c15f1c90dd325,com.adyen.terminal.security.TerminalCommonNameValidatorTest.TerminalCommonNameValidatorTest,True
3995,adyen-java-api-library_6fb5cd049b57a22d2ec4465d204c15f1c90dd325,com.adyen.service.ResourceTest.testRequest,True
4002,adyen-java-api-library_6fb5cd049b57a22d2ec4465d204c15f1c90dd325,com.adyen.service.PaymentLinksTest.TestGetPaymentLink,True
3768,adyen-java-api-library_6fb5cd049b57a22d2ec4465d204c15f1c90dd325,com.adyen.PosTerminalManagementTest.testAssignTerminalsSuccess,True
3779,adyen-java-api-library_6fb5cd049b57a22d2ec4465d204c15f1c90dd325,com.adyen.UtilTest.testValidateHMACException,True
3788,adyen-java-api-library_6fb5cd049b57a22d2ec4465d204c15f1c90dd325,com.adyen.NotificationTest.testAuthorisationSuccess,True
3792,adyen-java-api-library_6fb5cd049b57a22d2ec4465d204c15f1c90dd325,com.adyen.NotificationTest.testRefundFail,True
3804,adyen-java-api-library_6fb5cd049b57a22d2ec4465d204c15f1c90dd325,com.adyen.NexoCryptoTest.testDecryption,True
3809,adyen-java-api-library_6fb5cd049b57a22d2ec4465d204c15f1c90dd325,com.adyen.BinLookupTest.TestGetCostEstimateSuccessMocked,True
3812,adyen-java-api-library_6fb5cd049b57a22d2ec4465d204c15f1c90dd325,com.adyen.BinLookupTest.TestGetCostEstimateInvalidAmountMocked,True
3819,adyen-java-api-library_6fb5cd049b57a22d2ec4465d204c15f1c90dd325,com.adyen.PaymentTest.TestRetrieve3ds2ResultSuccessMocked,True
3820,adyen-java-api-library_6fb5cd049b57a22d2ec4465d204c15f1c90dd325,com.adyen.PaymentTest.TestAuthoriseCSESuccessMocked,True
3828,adyen-java-api-library_6fb5cd049b57a22d2ec4465d204c15f1c90dd325,com.adyen.PaymentTest.TestGetAuthenticationResultErrorNotFound,True
3835,adyen-java-api-library_6fb5cd049b57a22d2ec4465d204c15f1c90dd325,com.adyen.ModificationTest.TestRefundReceived,True
3879,adyen-java-api-library_6fb5cd049b57a22d2ec4465d204c15f1c90dd325,com.adyen.CheckoutTest.TestVippsDetailsSerialization,True
3882,adyen-java-api-library_6fb5cd049b57a22d2ec4465d204c15f1c90dd325,com.adyen.CheckoutTest.TestShopperNotificationReferencePaymentMethodDetails,True
3900,adyen-java-api-library_6fb5cd049b57a22d2ec4465d204c15f1c90dd325,com.adyen.CheckoutTest.TestPaymentResponseAuthenticationFinished,True
3914,adyen-java-api-library_6fb5cd049b57a22d2ec4465d204c15f1c90dd325,com.adyen.CheckoutTest.TestPaymentsCancelsFailed,True
3930,adyen-java-api-library_6fb5cd049b57a22d2ec4465d204c15f1c90dd325,com.adyen.CheckoutTest.createPaymentsRequestWithOrder,True
3957,adyen-java-api-library_6fb5cd049b57a22d2ec4465d204c15f1c90dd325,com.adyen.TerminalCloudAPITest.syncPaymentRequestSuccess,True
3988,adyen-java-api-library_6fb5cd049b57a22d2ec4465d204c15f1c90dd325,com.adyen.util.HMACValidatorTest.testCalculateHMACNullKey,True
3991,adyen-java-api-library_6fb5cd049b57a22d2ec4465d204c15f1c90dd325,com.adyen.builders.terminal.TerminalAPIRequestBuilderTest.testNoRequest,True
3999,adyen-java-api-library_6fb5cd049b57a22d2ec4465d204c15f1c90dd325,com.adyen.service.PaymentLinksTest.TestCreatePaymentLinksErrorMerchantMissing,True
3761,adyen-java-api-library_6fb5cd049b57a22d2ec4465d204c15f1c90dd325,com.adyen.PayoutTest.testStoreDetailSuccess,True
3765,adyen-java-api-library_6fb5cd049b57a22d2ec4465d204c15f1c90dd325,com.adyen.PayoutTest.testPayoutSuccess,True
3772,adyen-java-api-library_6fb5cd049b57a22d2ec4465d204c15f1c90dd325,com.adyen.PosTerminalManagementTest.testGetTerminalDetailsSuccess,True
3793,adyen-java-api-library_6fb5cd049b57a22d2ec4465d204c15f1c90dd325,com.adyen.NotificationTest.testChargeback,True
3795,adyen-java-api-library_6fb5cd049b57a22d2ec4465d204c15f1c90dd325,com.adyen.NotificationTest.testCancellationTrue,True
3803,adyen-java-api-library_6fb5cd049b57a22d2ec4465d204c15f1c90dd325,com.adyen.NexoCryptoTest.testEncryption,True
3811,adyen-java-api-library_6fb5cd049b57a22d2ec4465d204c15f1c90dd325,com.adyen.BinLookupTest.TestGetCostEstimateInvalidCardNumberMocked,True
3821,adyen-java-api-library_6fb5cd049b57a22d2ec4465d204c15f1c90dd325,com.adyen.PaymentTest.TestAuthoriseCSEErrorExpiredMocked,True
3826,adyen-java-api-library_6fb5cd049b57a22d2ec4465d204c15f1c90dd325,com.adyen.PaymentTest.TestGetAuthenticationResult3ds2Success,True
3832,adyen-java-api-library_6fb5cd049b57a22d2ec4465d204c15f1c90dd325,com.adyen.ModificationTest.TestCaptureSuccess,True
3853,adyen-java-api-library_6fb5cd049b57a22d2ec4465d204c15f1c90dd325,com.adyen.CheckoutTest.TestPaymentsResultSuccessMocked,True
3883,adyen-java-api-library_6fb5cd049b57a22d2ec4465d204c15f1c90dd325,com.adyen.CheckoutTest.TestAndroidPayDetails,True
3886,adyen-java-api-library_6fb5cd049b57a22d2ec4465d204c15f1c90dd325,com.adyen.CheckoutTest.TestMasterPassDetailsSerialization,True
3889,adyen-java-api-library_6fb5cd049b57a22d2ec4465d204c15f1c90dd325,com.adyen.CheckoutTest.TestWeChatPayDetailsSerialization,True
3896,adyen-java-api-library_6fb5cd049b57a22d2ec4465d204c15f1c90dd325,com.adyen.CheckoutTest.TestDateSerializers,True
3899,adyen-java-api-library_6fb5cd049b57a22d2ec4465d204c15f1c90dd325,com.adyen.CheckoutTest.TestPaymentResponseChallengeShopper,True
3906,adyen-java-api-library_6fb5cd049b57a22d2ec4465d204c15f1c90dd325,com.adyen.CheckoutTest.TestOrdersSuccess,True
3917,adyen-java-api-library_6fb5cd049b57a22d2ec4465d204c15f1c90dd325,com.adyen.CheckoutTest.TestPaymentsRefunds,True
3923,adyen-java-api-library_6fb5cd049b57a22d2ec4465d204c15f1c90dd325,com.adyen.CheckoutTest.createPaymentSessionRequest,True
3926,adyen-java-api-library_6fb5cd049b57a22d2ec4465d204c15f1c90dd325,com.adyen.CheckoutTest.createEncryptedPaymentsCheckoutRequest,True
3929,adyen-java-api-library_6fb5cd049b57a22d2ec4465d204c15f1c90dd325,com.adyen.CheckoutTest.createCheckoutCreateOrderRequest,True
3932,adyen-java-api-library_6fb5cd049b57a22d2ec4465d204c15f1c90dd325,com.adyen.CheckoutTest.TestPaymentMethodDetailsDirectDeserialization,True
3950,adyen-java-api-library_6fb5cd049b57a22d2ec4465d204c15f1c90dd325,com.adyen.RecurringTest.testDisable803,True
3952,adyen-java-api-library_6fb5cd049b57a22d2ec4465d204c15f1c90dd325,com.adyen.RecurringTest.testStoreToken101,True
3953,adyen-java-api-library_6fb5cd049b57a22d2ec4465d204c15f1c90dd325,com.adyen.RecurringTest.testScheduleAccountUpdater,True
3954,adyen-java-api-library_6fb5cd049b57a22d2ec4465d204c15f1c90dd325,com.adyen.RecurringTest.testScheduleAccountUpdater130,True
3958,adyen-java-api-library_6fb5cd049b57a22d2ec4465d204c15f1c90dd325,com.adyen.TerminalCloudAPITest.syncPaymentRequestErrorEmptyBody,True
3969,adyen-java-api-library_6fb5cd049b57a22d2ec4465d204c15f1c90dd325,com.adyen.util.CertificateUtilTest.testErrorLoadingCertificateFromPath,True
3975,adyen-java-api-library_6fb5cd049b57a22d2ec4465d204c15f1c90dd325,com.adyen.util.CertificateUtilTest.testLoadKeyStore_ErrorOnNullKeyStorePath,True
3977,adyen-java-api-library_6fb5cd049b57a22d2ec4465d204c15f1c90dd325,com.adyen.util.MaskUtilTest.TestMaskWithFixedSize,True
3981,adyen-java-api-library_6fb5cd049b57a22d2ec4465d204c15f1c90dd325,com.adyen.util.MaskUtilTest.TestMaskCardNumberWithNull,True
3755,adyen-java-api-library_6fb5cd049b57a22d2ec4465d204c15f1c90dd325,com.adyen.ApplicationInfoTest.TestApplicationInfoEquals,True
3757,adyen-java-api-library_6fb5cd049b57a22d2ec4465d204c15f1c90dd325,com.adyen.PosPaymentTest.testConnectedTerminalsSuccess,True
3791,adyen-java-api-library_6fb5cd049b57a22d2ec4465d204c15f1c90dd325,com.adyen.NotificationTest.testRefundSuccess,True
3796,adyen-java-api-library_6fb5cd049b57a22d2ec4465d204c15f1c90dd325,com.adyen.NotificationTest.testOfferClosed,True
3823,adyen-java-api-library_6fb5cd049b57a22d2ec4465d204c15f1c90dd325,com.adyen.PaymentTest.TestOpenInvoice,True
3838,adyen-java-api-library_6fb5cd049b57a22d2ec4465d204c15f1c90dd325,com.adyen.ModificationTest.TestDonateSuccess,False
3840,adyen-java-api-library_6fb5cd049b57a22d2ec4465d204c15f1c90dd325,com.adyen.CheckoutTest.TestPaypalPaymentSuccess,False
3847,adyen-java-api-library_6fb5cd049b57a22d2ec4465d204c15f1c90dd325,com.adyen.CheckoutTest.TestPaymentMethodsStoringMethodsMocked,True
3911,adyen-java-api-library_6fb5cd049b57a22d2ec4465d204c15f1c90dd325,com.adyen.CheckoutTest.TestPaymentsCaptures,True
3912,adyen-java-api-library_6fb5cd049b57a22d2ec4465d204c15f1c90dd325,com.adyen.CheckoutTest.TestPaymentsCapturesFailed,False
3919,adyen-java-api-library_6fb5cd049b57a22d2ec4465d204c15f1c90dd325,com.adyen.CheckoutTest.TestPaymentsReversals,True
3924,adyen-java-api-library_6fb5cd049b57a22d2ec4465d204c15f1c90dd325,com.adyen.CheckoutTest.createPaymentsCheckoutRequest,True
3928,adyen-java-api-library_6fb5cd049b57a22d2ec4465d204c15f1c90dd325,com.adyen.CheckoutTest.createStoredPaymentMethodsRequest,True
3935,adyen-java-api-library_6fb5cd049b57a22d2ec4465d204c15f1c90dd325,com.adyen.CheckoutTest.TestCheckoutSessionSuccess,True
3936,adyen-java-api-library_6fb5cd049b57a22d2ec4465d204c15f1c90dd325,com.adyen.CheckoutTest.TestCheckoutSessionErrorMocked,False
3941,adyen-java-api-library_6fb5cd049b57a22d2ec4465d204c15f1c90dd325,com.adyen.PaymentRequestTest.TestCustomApplicationInfoAdyenLibrary,True
3967,adyen-java-api-library_6fb5cd049b57a22d2ec4465d204c15f1c90dd325,com.adyen.serializer.DateTimeISO8601SerializerTest.testSerialize,True
3972,adyen-java-api-library_6fb5cd049b57a22d2ec4465d204c15f1c90dd325,com.adyen.util.CertificateUtilTest.testLoadKeyStore,True
3978,adyen-java-api-library_6fb5cd049b57a22d2ec4465d204c15f1c90dd325,com.adyen.util.MaskUtilTest.TestMaskWithFixedSizeWithEmptyString,True
3980,adyen-java-api-library_6fb5cd049b57a22d2ec4465d204c15f1c90dd325,com.adyen.util.MaskUtilTest.TestMaskCardNumberWithHyphens,True
3982,adyen-java-api-library_6fb5cd049b57a22d2ec4465d204c15f1c90dd325,com.adyen.util.MaskUtilTest.TestMaskCardNumberWithEmptyString,True
3985,adyen-java-api-library_6fb5cd049b57a22d2ec4465d204c15f1c90dd325,com.adyen.util.HMACValidatorTest.testValidateHMACMissingOptionalField,True
3782,adyen-java-api-library_6fb5cd049b57a22d2ec4465d204c15f1c90dd325,com.adyen.StoredValueTest.testChangeStatusActiveSuccessMocked,True
3789,adyen-java-api-library_6fb5cd049b57a22d2ec4465d204c15f1c90dd325,com.adyen.NotificationTest.testCaptureSuccess,True
3806,adyen-java-api-library_6fb5cd049b57a22d2ec4465d204c15f1c90dd325,com.adyen.NexoCryptoTest.testDecryptionWithInvalidHmac,True
3808,adyen-java-api-library_6fb5cd049b57a22d2ec4465d204c15f1c90dd325,com.adyen.BinLookupTest.TestGet3dsAvailabilityInvalidMerchantMocked,True
3825,adyen-java-api-library_6fb5cd049b57a22d2ec4465d204c15f1c90dd325,com.adyen.PaymentTest.TestGetAuthenticationResult3ds1Success,True
3842,adyen-java-api-library_6fb5cd049b57a22d2ec4465d204c15f1c90dd325,com.adyen.CheckoutTest.TestEncryptedPaymentsSuccessMocked,True
3846,adyen-java-api-library_6fb5cd049b57a22d2ec4465d204c15f1c90dd325,com.adyen.CheckoutTest.TestPaymentMethodsOneClickSuccessMocked,True
3860,adyen-java-api-library_6fb5cd049b57a22d2ec4465d204c15f1c90dd325,com.adyen.CheckoutTest.TestSepaDirectDebitDetailsSerialization,True
3870,adyen-java-api-library_6fb5cd049b57a22d2ec4465d204c15f1c90dd325,com.adyen.CheckoutTest.TestBillDeskOnlineDetailsSerialization,True
3873,adyen-java-api-library_6fb5cd049b57a22d2ec4465d204c15f1c90dd325,com.adyen.CheckoutTest.TestDotpayDetailsSerialization,True
3887,adyen-java-api-library_6fb5cd049b57a22d2ec4465d204c15f1c90dd325,com.adyen.CheckoutTest.TestMobilePayDetailsSerialization,True
3891,adyen-java-api-library_6fb5cd049b57a22d2ec4465d204c15f1c90dd325,com.adyen.CheckoutTest.TestBlikDetailsSerialization,True
3892,adyen-java-api-library_6fb5cd049b57a22d2ec4465d204c15f1c90dd325,com.adyen.CheckoutTest.TestDragonpayDetailsSerialization,True
3901,adyen-java-api-library_6fb5cd049b57a22d2ec4465d204c15f1c90dd325,com.adyen.CheckoutTest.TestStoredPaymentMethodsSuccess,True
3925,adyen-java-api-library_6fb5cd049b57a22d2ec4465d204c15f1c90dd325,com.adyen.CheckoutTest.createBacsDirectDebitDetails,True
3934,adyen-java-api-library_6fb5cd049b57a22d2ec4465d204c15f1c90dd325,com.adyen.CheckoutTest.createCreateCheckoutSessionRequest,True
3944,adyen-java-api-library_6fb5cd049b57a22d2ec4465d204c15f1c90dd325,com.adyen.RecurringTest.createDisableRequest,True
3962,adyen-java-api-library_6fb5cd049b57a22d2ec4465d204c15f1c90dd325,com.adyen.PaymentResultTest.TestAuthenticationFinishedResultCodeDeserialization,True
3973,adyen-java-api-library_6fb5cd049b57a22d2ec4465d204c15f1c90dd325,com.adyen.util.CertificateUtilTest.testLoadKeyStore_WithoutPassword,True
3979,adyen-java-api-library_6fb5cd049b57a22d2ec4465d204c15f1c90dd325,com.adyen.util.MaskUtilTest.TestMaskCardNumber,True
3983,adyen-java-api-library_6fb5cd049b57a22d2ec4465d204c15f1c90dd325,com.adyen.util.MaskUtilTest.TestMaskCardNumberWithTooShortCardNumber,True
3996,adyen-java-api-library_6fb5cd049b57a22d2ec4465d204c15f1c90dd325,com.adyen.service.ResourceTest.testRequestExceptionEmpty,True
4004,adyen-java-api-library_6fb5cd049b57a22d2ec4465d204c15f1c90dd325,com.adyen.service.PaymentLinksTest.assertPaymentLinkResource,True
3764,adyen-java-api-library_6fb5cd049b57a22d2ec4465d204c15f1c90dd325,com.adyen.PayoutTest.testDeclineThirdPartySuccess,True
3769,adyen-java-api-library_6fb5cd049b57a22d2ec4465d204c15f1c90dd325,com.adyen.PosTerminalManagementTest.testFindTerminalSuccess,True
3770,adyen-java-api-library_6fb5cd049b57a22d2ec4465d204c15f1c90dd325,com.adyen.PosTerminalManagementTest.testGetTerminalsUnderAccountSuccess,True
3774,adyen-java-api-library_6fb5cd049b57a22d2ec4465d204c15f1c90dd325,com.adyen.UtilTest.testCreateAmount,True
3794,adyen-java-api-library_6fb5cd049b57a22d2ec4465d204c15f1c90dd325,com.adyen.NotificationTest.testAuthorisationAdjustmentTrue,True
3801,adyen-java-api-library_6fb5cd049b57a22d2ec4465d204c15f1c90dd325,com.adyen.ClientTest.testClientCertificateAuth_US,True
3813,adyen-java-api-library_6fb5cd049b57a22d2ec4465d204c15f1c90dd325,com.adyen.PaymentTest.TestAuthoriseSuccessMocked,True
3816,adyen-java-api-library_6fb5cd049b57a22d2ec4465d204c15f1c90dd325,com.adyen.PaymentTest.TestAuthoriseSuccess3DMocked,True
3852,adyen-java-api-library_6fb5cd049b57a22d2ec4465d204c15f1c90dd325,com.adyen.CheckoutTest.TestPaymentSessionErrorMocked,True
3858,adyen-java-api-library_6fb5cd049b57a22d2ec4465d204c15f1c90dd325,com.adyen.CheckoutTest.TestMultibancoPaymentsSuccessMocked,True
3868,adyen-java-api-library_6fb5cd049b57a22d2ec4465d204c15f1c90dd325,com.adyen.CheckoutTest.TestAmazonPayDetailsSerialization,True
3876,adyen-java-api-library_6fb5cd049b57a22d2ec4465d204c15f1c90dd325,com.adyen.CheckoutTest.TestGiropayDetailsSerialization,True
3878,adyen-java-api-library_6fb5cd049b57a22d2ec4465d204c15f1c90dd325,com.adyen.CheckoutTest.TestSamsungPayDetailsSerialization,True
3880,adyen-java-api-library_6fb5cd049b57a22d2ec4465d204c15f1c90dd325,com.adyen.CheckoutTest.TestVisaCheckoutDetailsSerialization,True
3893,adyen-java-api-library_6fb5cd049b57a22d2ec4465d204c15f1c90dd325,com.adyen.CheckoutTest.TestLianLianPayDetailsSerialization,True
3902,adyen-java-api-library_6fb5cd049b57a22d2ec4465d204c15f1c90dd325,com.adyen.CheckoutTest.TestStoredPaymentMethodsErrorMocked,True
3910,adyen-java-api-library_6fb5cd049b57a22d2ec4465d204c15f1c90dd325,com.adyen.CheckoutTest.TestPaymentsResponseIdentifyShopper,True
3921,adyen-java-api-library_6fb5cd049b57a22d2ec4465d204c15f1c90dd325,com.adyen.CheckoutTest.TestPaymentsAmountUpdates,True
3931,adyen-java-api-library_6fb5cd049b57a22d2ec4465d204c15f1c90dd325,com.adyen.CheckoutTest.createBankTransferPaymentRequest,True
3947,adyen-java-api-library_6fb5cd049b57a22d2ec4465d204c15f1c90dd325,com.adyen.RecurringTest.createNotifyShopperRequest,True
3951,adyen-java-api-library_6fb5cd049b57a22d2ec4465d204c15f1c90dd325,com.adyen.RecurringTest.testStoreToken,True
3959,adyen-java-api-library_6fb5cd049b57a22d2ec4465d204c15f1c90dd325,com.adyen.TerminalCloudAPITest.syncAbortRequestSuccess,True
3964,adyen-java-api-library_6fb5cd049b57a22d2ec4465d204c15f1c90dd325,com.adyen.serializer.ByteArrayToStringAdapterTest.testSerialize,True
3987,adyen-java-api-library_6fb5cd049b57a22d2ec4465d204c15f1c90dd325,com.adyen.util.HMACValidatorTest.testCalculateHMACNullPayload,True
4001,adyen-java-api-library_6fb5cd049b57a22d2ec4465d204c15f1c90dd325,com.adyen.service.PaymentLinksTest.TestCreatePaymentLinksErrorReferenceMissing,True
3767,adyen-java-api-library_6fb5cd049b57a22d2ec4465d204c15f1c90dd325,com.adyen.PayoutTest.testPayoutErrorReference,True
3777,adyen-java-api-library_6fb5cd049b57a22d2ec4465d204c15f1c90dd325,com.adyen.UtilTest.testHmac,True
3781,adyen-java-api-library_6fb5cd049b57a22d2ec4465d204c15f1c90dd325,com.adyen.StoredValueTest.testIssueSuccessMocked,True
3787,adyen-java-api-library_6fb5cd049b57a22d2ec4465d204c15f1c90dd325,com.adyen.NotificationTest.init,True
3798,adyen-java-api-library_6fb5cd049b57a22d2ec4465d204c15f1c90dd325,com.adyen.NotificationTest.readNotificationRequestFromFile,True
3807,adyen-java-api-library_6fb5cd049b57a22d2ec4465d204c15f1c90dd325,com.adyen.BinLookupTest.TestGet3dsAvailabilitySuccessMocked,True
3815,adyen-java-api-library_6fb5cd049b57a22d2ec4465d204c15f1c90dd325,com.adyen.PaymentTest.TestAuthoriseErrorCVCDeclinedMocked,True
3827,adyen-java-api-library_6fb5cd049b57a22d2ec4465d204c15f1c90dd325,com.adyen.PaymentTest.TestGetAuthenticationResultErrorOldAuthentication,True
3833,adyen-java-api-library_6fb5cd049b57a22d2ec4465d204c15f1c90dd325,com.adyen.ModificationTest.TestCaptureError167,True
3841,adyen-java-api-library_6fb5cd049b57a22d2ec4465d204c15f1c90dd325,com.adyen.CheckoutTest.TestOneTimePassPaymentSuccess,True
3851,adyen-java-api-library_6fb5cd049b57a22d2ec4465d204c15f1c90dd325,com.adyen.CheckoutTest.TestPaymentSessionSuccessMocked,True
3856,adyen-java-api-library_6fb5cd049b57a22d2ec4465d204c15f1c90dd325,com.adyen.CheckoutTest.TestPaymentMethodDetails,True
3863,adyen-java-api-library_6fb5cd049b57a22d2ec4465d204c15f1c90dd325,com.adyen.CheckoutTest.TestIdealDetailsSerialization,True
3881,adyen-java-api-library_6fb5cd049b57a22d2ec4465d204c15f1c90dd325,com.adyen.CheckoutTest.TestRecurringPaymentMethodDetails,True
3888,adyen-java-api-library_6fb5cd049b57a22d2ec4465d204c15f1c90dd325,com.adyen.CheckoutTest.TestPayUUpiDetailsSerialization,True
3890,adyen-java-api-library_6fb5cd049b57a22d2ec4465d204c15f1c90dd325,com.adyen.CheckoutTest.TestWeChatPayMiniProgramDetailsSerialization,True
3918,adyen-java-api-library_6fb5cd049b57a22d2ec4465d204c15f1c90dd325,com.adyen.CheckoutTest.TestPaymentsRefundsFailed,True
3956,adyen-java-api-library_6fb5cd049b57a22d2ec4465d204c15f1c90dd325,com.adyen.TerminalCloudAPITest.asyncPaymentRequestSuccess,True
3974,adyen-java-api-library_6fb5cd049b57a22d2ec4465d204c15f1c90dd325,com.adyen.util.CertificateUtilTest.testLoadKeyStore_FileNotFoundErrorOnInvalidPath,True
3994,adyen-java-api-library_6fb5cd049b57a22d2ec4465d204c15f1c90dd325,com.adyen.terminal.security.TerminalCommonNameValidatorTest.testSerialize,True
3997,adyen-java-api-library_6fb5cd049b57a22d2ec4465d204c15f1c90dd325,com.adyen.service.ResourceTest.testRequestException,True
4007,adyen-java-api-library_6fb5cd049b57a22d2ec4465d204c15f1c90dd325,com.adyen.service.CheckoutTest.testPaymentsRequestWithXidAndCavv,True
3766,adyen-java-api-library_6fb5cd049b57a22d2ec4465d204c15f1c90dd325,com.adyen.PayoutTest.testPayoutErrorMerchant,True
3776,adyen-java-api-library_6fb5cd049b57a22d2ec4465d204c15f1c90dd325,com.adyen.UtilTest.testImplode,True
3784,adyen-java-api-library_6fb5cd049b57a22d2ec4465d204c15f1c90dd325,com.adyen.StoredValueTest.testCheckBalanceSuccessMocked,True
3831,adyen-java-api-library_6fb5cd049b57a22d2ec4465d204c15f1c90dd325,com.adyen.TerminalLocalAPITest.syncPaymentRequestSuccess,True
3839,adyen-java-api-library_6fb5cd049b57a22d2ec4465d204c15f1c90dd325,com.adyen.CheckoutTest.TestPaymentsSuccessMocked,True
3854,adyen-java-api-library_6fb5cd049b57a22d2ec4465d204c15f1c90dd325,com.adyen.CheckoutTest.TestPaymentsResultErrorMocked,True
3861,adyen-java-api-library_6fb5cd049b57a22d2ec4465d204c15f1c90dd325,com.adyen.CheckoutTest.TestAchDetailsSerialization,True
3864,adyen-java-api-library_6fb5cd049b57a22d2ec4465d204c15f1c90dd325,com.adyen.CheckoutTest.TestGooglePayDetailsSerialization,True
3869,adyen-java-api-library_6fb5cd049b57a22d2ec4465d204c15f1c90dd325,com.adyen.CheckoutTest.TestApplePayDetailsSerialization,True
3871,adyen-java-api-library_6fb5cd049b57a22d2ec4465d204c15f1c90dd325,com.adyen.CheckoutTest.TestBacsDirectDebitDetailsSerialization,True
3872,adyen-java-api-library_6fb5cd049b57a22d2ec4465d204c15f1c90dd325,com.adyen.CheckoutTest.TestBilldeskWalletDetailsSerialization,True
3877,adyen-java-api-library_6fb5cd049b57a22d2ec4465d204c15f1c90dd325,com.adyen.CheckoutTest.TestQiwiWalletDetailsSerialization,True
3885,adyen-java-api-library_6fb5cd049b57a22d2ec4465d204c15f1c90dd325,com.adyen.CheckoutTest.TestKlarnaDetailsSerialization,True
3895,adyen-java-api-library_6fb5cd049b57a22d2ec4465d204c15f1c90dd325,com.adyen.CheckoutTest.TestMolPayDetailsSerialization,True
3903,adyen-java-api-library_6fb5cd049b57a22d2ec4465d204c15f1c90dd325,com.adyen.CheckoutTest.TestApiExceptionErrorMocked,True
3905,adyen-java-api-library_6fb5cd049b57a22d2ec4465d204c15f1c90dd325,com.adyen.CheckoutTest.TestRiskDataInRequest,True
3908,adyen-java-api-library_6fb5cd049b57a22d2ec4465d204c15f1c90dd325,com.adyen.CheckoutTest.TestOrdersCancelSuccess,True
3913,adyen-java-api-library_6fb5cd049b57a22d2ec4465d204c15f1c90dd325,com.adyen.CheckoutTest.TestPaymentsCancels,True
3939,adyen-java-api-library_6fb5cd049b57a22d2ec4465d204c15f1c90dd325,com.adyen.PaymentRequestTest.TestPaypalEcsRequest,True
3943,adyen-java-api-library_6fb5cd049b57a22d2ec4465d204c15f1c90dd325,com.adyen.RecurringTest.createRecurringDetailsRequest,True
3960,adyen-java-api-library_6fb5cd049b57a22d2ec4465d204c15f1c90dd325,com.adyen.TerminalCloudAPITest.syncInputRequestSuccess,True
3970,adyen-java-api-library_6fb5cd049b57a22d2ec4465d204c15f1c90dd325,com.adyen.util.CertificateUtilTest.testLoadCertificateFromPath,True
3971,adyen-java-api-library_6fb5cd049b57a22d2ec4465d204c15f1c90dd325,com.adyen.util.CertificateUtilTest.testLoadCertificateFromInputStream,True
3976,adyen-java-api-library_6fb5cd049b57a22d2ec4465d204c15f1c90dd325,com.adyen.util.CertificateUtilTest.testLoadKeyStore_ErrorOnNullKeyStoreType,True
3990,adyen-java-api-library_6fb5cd049b57a22d2ec4465d204c15f1c90dd325,com.adyen.builders.terminal.TerminalAPIRequestBuilderTest.testMultipleRequestObjects,True
3992,adyen-java-api-library_6fb5cd049b57a22d2ec4465d204c15f1c90dd325,com.adyen.terminal.security.TerminalCommonNameValidatorTest.data,True
3998,adyen-java-api-library_6fb5cd049b57a22d2ec4465d204c15f1c90dd325,com.adyen.service.PaymentLinksTest.TestCreatePaymentLinksSuccess,True
4000,adyen-java-api-library_6fb5cd049b57a22d2ec4465d204c15f1c90dd325,com.adyen.service.PaymentLinksTest.TestCreatePaymentLinksErrorAmountMissing,True
3756,adyen-java-api-library_6fb5cd049b57a22d2ec4465d204c15f1c90dd325,com.adyen.ApplicationInfoTest.TestApplicationInfoPrefilledLibraryFields,True
3775,adyen-java-api-library_6fb5cd049b57a22d2ec4465d204c15f1c90dd325,com.adyen.UtilTest.testGetDataToSign,True
3778,adyen-java-api-library_6fb5cd049b57a22d2ec4465d204c15f1c90dd325,com.adyen.UtilTest.testNotificationHmac,True
3797,adyen-java-api-library_6fb5cd049b57a22d2ec4465d204c15f1c90dd325,com.adyen.NotificationTest.testGsonAndJacksonSerializeNotificationRequest,True
3799,adyen-java-api-library_6fb5cd049b57a22d2ec4465d204c15f1c90dd325,com.adyen.ClientTest.testClientCertificateAuth,True
3817,adyen-java-api-library_6fb5cd049b57a22d2ec4465d204c15f1c90dd325,com.adyen.PaymentTest.TestAuthorise3DSuccessMocked,True
3818,adyen-java-api-library_6fb5cd049b57a22d2ec4465d204c15f1c90dd325,com.adyen.PaymentTest.TestAuthorise3DS2SuccessMocked,True
3822,adyen-java-api-library_6fb5cd049b57a22d2ec4465d204c15f1c90dd325,com.adyen.PaymentTest.TestError401Mocked,True
3829,adyen-java-api-library_6fb5cd049b57a22d2ec4465d204c15f1c90dd325,com.adyen.PaymentTest.TestGetAuthenticationResultErrorInvalidPsp,True
3844,adyen-java-api-library_6fb5cd049b57a22d2ec4465d204c15f1c90dd325,com.adyen.CheckoutTest.TestPaymentsErrorMocked,False
3845,adyen-java-api-library_6fb5cd049b57a22d2ec4465d204c15f1c90dd325,com.adyen.CheckoutTest.TestPaymentMethodsSuccessMocked,False
3874,adyen-java-api-library_6fb5cd049b57a22d2ec4465d204c15f1c90dd325,com.adyen.CheckoutTest.TestEntercashDetailsSerialization,False
3884,adyen-java-api-library_6fb5cd049b57a22d2ec4465d204c15f1c90dd325,com.adyen.CheckoutTest.TestAndroidPayDetailsDeserializer,False
3894,adyen-java-api-library_6fb5cd049b57a22d2ec4465d204c15f1c90dd325,com.adyen.CheckoutTest.TestMbwayDetailsSerialization,False
3898,adyen-java-api-library_6fb5cd049b57a22d2ec4465d204c15f1c90dd325,com.adyen.CheckoutTest.TestPaymentResponseDate,False
3907,adyen-java-api-library_6fb5cd049b57a22d2ec4465d204c15f1c90dd325,com.adyen.CheckoutTest.TestPaymentsWithOrderSuccess,False
3916,adyen-java-api-library_6fb5cd049b57a22d2ec4465d204c15f1c90dd325,com.adyen.CheckoutTest.TestCancelsFailed,False
3922,adyen-java-api-library_6fb5cd049b57a22d2ec4465d204c15f1c90dd325,com.adyen.CheckoutTest.TestPaymentsAmountUpdatesFailed,False
3927,adyen-java-api-library_6fb5cd049b57a22d2ec4465d204c15f1c90dd325,com.adyen.CheckoutTest.createPaymentsNetworkCheckoutRequest,False
3933,adyen-java-api-library_6fb5cd049b57a22d2ec4465d204c15f1c90dd325,com.adyen.CheckoutTest.TestBankTransferPaymentsSuccess,False
3937,adyen-java-api-library_6fb5cd049b57a22d2ec4465d204c15f1c90dd325,com.adyen.CheckoutUtilityTest.TestOriginKeysSuccessMocked,True
3938,adyen-java-api-library_6fb5cd049b57a22d2ec4465d204c15f1c90dd325,com.adyen.PaymentRequestTest.TestOpenInvoiceRequest,True
3942,adyen-java-api-library_6fb5cd049b57a22d2ec4465d204c15f1c90dd325,com.adyen.PaymentRequestTest.TestPaymentsRequestForPresenceOfItemURLs,True
3945,adyen-java-api-library_6fb5cd049b57a22d2ec4465d204c15f1c90dd325,com.adyen.RecurringTest.createStoreTokenRequest,True
3946,adyen-java-api-library_6fb5cd049b57a22d2ec4465d204c15f1c90dd325,com.adyen.RecurringTest.createScheduleAccountUpdaterRequest,True
3966,adyen-java-api-library_6fb5cd049b57a22d2ec4465d204c15f1c90dd325,com.adyen.serializer.SaleToAcquirerDataSerializerTest.testSerialize,True
3984,adyen-java-api-library_6fb5cd049b57a22d2ec4465d204c15f1c90dd325,com.adyen.util.HMACValidatorTest.testValidateHMAC,True
3986,adyen-java-api-library_6fb5cd049b57a22d2ec4465d204c15f1c90dd325,com.adyen.util.HMACValidatorTest.testValidateHMACEmptyNotificationRequest,True
4005,adyen-java-api-library_6fb5cd049b57a22d2ec4465d204c15f1c90dd325,com.adyen.service.PaymentLinksTest.createPaymentLinkRequest,True
