48599,http-request_2d62a3e9da726942a93cf16b6e91c0187e6c0136,com.github.kevinsawicki.http.HttpRequestTest.getUrlEncodedWithPercent,True
48615,http-request_2d62a3e9da726942a93cf16b6e91c0187e6c0136,com.github.kevinsawicki.http.HttpRequestTest.postNonEmptyReader,True
48619,http-request_2d62a3e9da726942a93cf16b6e91c0187e6c0136,com.github.kevinsawicki.http.HttpRequestTest.postForm,True
48626,http-request_2d62a3e9da726942a93cf16b6e91c0187e6c0136,com.github.kevinsawicki.http.HttpRequestTest.basicAuthentication,True
48640,http-request_2d62a3e9da726942a93cf16b6e91c0187e6c0136,com.github.kevinsawicki.http.HttpRequestTest.handle,True
48645,http-request_2d62a3e9da726942a93cf16b6e91c0187e6c0136,com.github.kevinsawicki.http.HttpRequestTest.contentTypeHeader,True
48662,http-request_2d62a3e9da726942a93cf16b6e91c0187e6c0136,com.github.kevinsawicki.http.HttpRequestTest.refererHeader,True
48679,http-request_2d62a3e9da726942a93cf16b6e91c0187e6c0136,com.github.kevinsawicki.http.HttpRequestTest.sendErrorCloseStream,True
48683,http-request_2d62a3e9da726942a93cf16b6e91c0187e6c0136,com.github.kevinsawicki.http.HttpRequestTest.getToOutputBodyWithCharset,True
48684,http-request_2d62a3e9da726942a93cf16b6e91c0187e6c0136,com.github.kevinsawicki.http.HttpRequestTest.getGzipped,True
48687,http-request_2d62a3e9da726942a93cf16b6e91c0187e6c0136,com.github.kevinsawicki.http.HttpRequestTest.handle,True
48688,http-request_2d62a3e9da726942a93cf16b6e91c0187e6c0136,com.github.kevinsawicki.http.HttpRequestTest.getHeaders,True
48691,http-request_2d62a3e9da726942a93cf16b6e91c0187e6c0136,com.github.kevinsawicki.http.HttpRequestTest.getMultipleParameters,True
48697,http-request_2d62a3e9da726942a93cf16b6e91c0187e6c0136,com.github.kevinsawicki.http.HttpRequestTest.getEmptyParameters,True
48707,http-request_2d62a3e9da726942a93cf16b6e91c0187e6c0136,com.github.kevinsawicki.http.HttpRequestTest.postWithMappedQueryParams,True
48708,http-request_2d62a3e9da726942a93cf16b6e91c0187e6c0136,com.github.kevinsawicki.http.HttpRequestTest.handle,True
48716,http-request_2d62a3e9da726942a93cf16b6e91c0187e6c0136,com.github.kevinsawicki.http.HttpRequestTest.getWithEscapedVarargsQueryParams,True
48720,http-request_2d62a3e9da726942a93cf16b6e91c0187e6c0136,com.github.kevinsawicki.http.HttpRequestTest.deleteWithEscapedVarargsQueryParams,True
48745,http-request_2d62a3e9da726942a93cf16b6e91c0187e6c0136,com.github.kevinsawicki.http.HttpRequestTest.appendWithVarargsQueryParamsWithExistingParams,True
48759,http-request_2d62a3e9da726942a93cf16b6e91c0187e6c0136,com.github.kevinsawicki.http.HttpRequestTest.nullConnectionFactory,True
48767,http-request_2d62a3e9da726942a93cf16b6e91c0187e6c0136,com.github.kevinsawicki.http.HttpRequestTest.uploadProgressSendByteArray,True
48587,http-request_2d62a3e9da726942a93cf16b6e91c0187e6c0136,com.github.kevinsawicki.http.HttpRequestTest.handle,True
48588,http-request_2d62a3e9da726942a93cf16b6e91c0187e6c0136,com.github.kevinsawicki.http.HttpRequestTest.handle,True
48591,http-request_2d62a3e9da726942a93cf16b6e91c0187e6c0136,com.github.kevinsawicki.http.HttpRequestTest.malformedStringUrlCause,True
48604,http-request_2d62a3e9da726942a93cf16b6e91c0187e6c0136,com.github.kevinsawicki.http.HttpRequestTest.headEmpty,True
48608,http-request_2d62a3e9da726942a93cf16b6e91c0187e6c0136,com.github.kevinsawicki.http.HttpRequestTest.traceEmpty,True
48631,http-request_2d62a3e9da726942a93cf16b6e91c0187e6c0136,com.github.kevinsawicki.http.HttpRequestTest.getBufferedReader,True
48632,http-request_2d62a3e9da726942a93cf16b6e91c0187e6c0136,com.github.kevinsawicki.http.HttpRequestTest.getReaderWithCharset,True
48650,http-request_2d62a3e9da726942a93cf16b6e91c0187e6c0136,com.github.kevinsawicki.http.HttpRequestTest.headers,True
48656,http-request_2d62a3e9da726942a93cf16b6e91c0187e6c0136,com.github.kevinsawicki.http.HttpRequestTest.acceptHeader,True
48663,http-request_2d62a3e9da726942a93cf16b6e91c0187e6c0136,com.github.kevinsawicki.http.HttpRequestTest.postMultipart,True
48665,http-request_2d62a3e9da726942a93cf16b6e91c0187e6c0136,com.github.kevinsawicki.http.HttpRequestTest.postMultipartWithContentType,True
48677,http-request_2d62a3e9da726942a93cf16b6e91c0187e6c0136,com.github.kevinsawicki.http.HttpRequestTest.read,True
48695,http-request_2d62a3e9da726942a93cf16b6e91c0187e6c0136,com.github.kevinsawicki.http.HttpRequestTest.getParameterFromMissingHeader,True
48698,http-request_2d62a3e9da726942a93cf16b6e91c0187e6c0136,com.github.kevinsawicki.http.HttpRequestTest.getParameters,True
48702,http-request_2d62a3e9da726942a93cf16b6e91c0187e6c0136,com.github.kevinsawicki.http.HttpRequestTest.malformedDateHeader,True
48711,http-request_2d62a3e9da726942a93cf16b6e91c0187e6c0136,com.github.kevinsawicki.http.HttpRequestTest.postWithEscapedVarargsQueryParams,True
48712,http-request_2d62a3e9da726942a93cf16b6e91c0187e6c0136,com.github.kevinsawicki.http.HttpRequestTest.postWithNumericQueryParams,True
48713,http-request_2d62a3e9da726942a93cf16b6e91c0187e6c0136,com.github.kevinsawicki.http.HttpRequestTest.getWithMappedQueryParams,True
48718,http-request_2d62a3e9da726942a93cf16b6e91c0187e6c0136,com.github.kevinsawicki.http.HttpRequestTest.deleteWithVarargsQueryParams,True
48722,http-request_2d62a3e9da726942a93cf16b6e91c0187e6c0136,com.github.kevinsawicki.http.HttpRequestTest.putWithVarargsQueryParams,True
48741,http-request_2d62a3e9da726942a93cf16b6e91c0187e6c0136,com.github.kevinsawicki.http.HttpRequestTest.appendOddNumberOfParams,True
48757,http-request_2d62a3e9da726942a93cf16b6e91c0187e6c0136,com.github.kevinsawicki.http.HttpRequestTest.create,True
48769,http-request_2d62a3e9da726942a93cf16b6e91c0187e6c0136,com.github.kevinsawicki.http.HttpRequestTest.nullUploadProgress,True
48592,http-request_2d62a3e9da726942a93cf16b6e91c0187e6c0136,com.github.kevinsawicki.http.HttpRequestTest.negativeBufferSize,True
48612,http-request_2d62a3e9da726942a93cf16b6e91c0187e6c0136,com.github.kevinsawicki.http.HttpRequestTest.postNonEmptyString,True
48635,http-request_2d62a3e9da726942a93cf16b6e91c0187e6c0136,com.github.kevinsawicki.http.HttpRequestTest.noError,True
48669,http-request_2d62a3e9da726942a93cf16b6e91c0187e6c0136,com.github.kevinsawicki.http.HttpRequestTest.receivePrintStream,True
48676,http-request_2d62a3e9da726942a93cf16b6e91c0187e6c0136,com.github.kevinsawicki.http.HttpRequestTest.sendErrorReadStream,True
48682,http-request_2d62a3e9da726942a93cf16b6e91c0187e6c0136,com.github.kevinsawicki.http.HttpRequestTest.getToOutputBody,True
48693,http-request_2d62a3e9da726942a93cf16b6e91c0187e6c0136,com.github.kevinsawicki.http.HttpRequestTest.getMultipleParametersQuoted,True
48696,http-request_2d62a3e9da726942a93cf16b6e91c0187e6c0136,com.github.kevinsawicki.http.HttpRequestTest.getEmptyParameter,True
48699,http-request_2d62a3e9da726942a93cf16b6e91c0187e6c0136,com.github.kevinsawicki.http.HttpRequestTest.getQuotedParameters,True
48700,http-request_2d62a3e9da726942a93cf16b6e91c0187e6c0136,com.github.kevinsawicki.http.HttpRequestTest.getMixQuotedParameters,True
48709,http-request_2d62a3e9da726942a93cf16b6e91c0187e6c0136,com.github.kevinsawicki.http.HttpRequestTest.postWithVaragsQueryParams,True
48715,http-request_2d62a3e9da726942a93cf16b6e91c0187e6c0136,com.github.kevinsawicki.http.HttpRequestTest.getWithEscapedMappedQueryParams,True
48724,http-request_2d62a3e9da726942a93cf16b6e91c0187e6c0136,com.github.kevinsawicki.http.HttpRequestTest.putWithEscapedVarargsQueryParams,True
48731,http-request_2d62a3e9da726942a93cf16b6e91c0187e6c0136,com.github.kevinsawicki.http.HttpRequestTest.appendMappedQueryParamsWithPath,True
48737,http-request_2d62a3e9da726942a93cf16b6e91c0187e6c0136,com.github.kevinsawicki.http.HttpRequestTest.appendEmptyMappedQueryParams,True
48746,http-request_2d62a3e9da726942a93cf16b6e91c0187e6c0136,com.github.kevinsawicki.http.HttpRequestTest.appendArrayQueryParams,True
48749,http-request_2d62a3e9da726942a93cf16b6e91c0187e6c0136,com.github.kevinsawicki.http.HttpRequestTest.badRequestCode,True
48751,http-request_2d62a3e9da726942a93cf16b6e91c0187e6c0136,com.github.kevinsawicki.http.HttpRequestTest.sendReceiveWithoutCode,True
48763,http-request_2d62a3e9da726942a93cf16b6e91c0187e6c0136,com.github.kevinsawicki.http.HttpRequestTest.handle,True
48589,http-request_2d62a3e9da726942a93cf16b6e91c0187e6c0136,com.github.kevinsawicki.http.HttpRequestTest.clearHandler,True
48593,http-request_2d62a3e9da726942a93cf16b6e91c0187e6c0136,com.github.kevinsawicki.http.HttpRequestTest.getEmpty,True
48613,http-request_2d62a3e9da726942a93cf16b6e91c0187e6c0136,com.github.kevinsawicki.http.HttpRequestTest.postNonEmptyFile,True
48618,http-request_2d62a3e9da726942a93cf16b6e91c0187e6c0136,com.github.kevinsawicki.http.HttpRequestTest.handle,True
48621,http-request_2d62a3e9da726942a93cf16b6e91c0187e6c0136,com.github.kevinsawicki.http.HttpRequestTest.postEmptyForm,True
48641,http-request_2d62a3e9da726942a93cf16b6e91c0187e6c0136,com.github.kevinsawicki.http.HttpRequestTest.dateHeader,True
48651,http-request_2d62a3e9da726942a93cf16b6e91c0187e6c0136,com.github.kevinsawicki.http.HttpRequestTest.emptyHeaders,True
48666,http-request_2d62a3e9da726942a93cf16b6e91c0187e6c0136,com.github.kevinsawicki.http.HttpRequestTest.receiveAppendable,True
48672,http-request_2d62a3e9da726942a93cf16b6e91c0187e6c0136,com.github.kevinsawicki.http.HttpRequestTest.httpTrust,True
48678,http-request_2d62a3e9da726942a93cf16b6e91c0187e6c0136,com.github.kevinsawicki.http.HttpRequestTest.close,True
48689,http-request_2d62a3e9da726942a93cf16b6e91c0187e6c0136,com.github.kevinsawicki.http.HttpRequestTest.getEmptyHeaders,True
48690,http-request_2d62a3e9da726942a93cf16b6e91c0187e6c0136,com.github.kevinsawicki.http.HttpRequestTest.getSingleParameter,True
48705,http-request_2d62a3e9da726942a93cf16b6e91c0187e6c0136,com.github.kevinsawicki.http.HttpRequestTest.postFormAsEntries,True
48721,http-request_2d62a3e9da726942a93cf16b6e91c0187e6c0136,com.github.kevinsawicki.http.HttpRequestTest.putWithMappedQueryParams,True
48728,http-request_2d62a3e9da726942a93cf16b6e91c0187e6c0136,com.github.kevinsawicki.http.HttpRequestTest.headWithEscapedVarargsQueryParams,True
48743,http-request_2d62a3e9da726942a93cf16b6e91c0187e6c0136,com.github.kevinsawicki.http.HttpRequestTest.appendVarargsQueryParamsWithExistingQueryStart,True
48752,http-request_2d62a3e9da726942a93cf16b6e91c0187e6c0136,com.github.kevinsawicki.http.HttpRequestTest.handle,True
48764,http-request_2d62a3e9da726942a93cf16b6e91c0187e6c0136,com.github.kevinsawicki.http.HttpRequestTest.uploadProgressSend,True
48586,http-request_2d62a3e9da726942a93cf16b6e91c0187e6c0136,com.github.kevinsawicki.http.HttpRequestTest.startServer,True
48601,http-request_2d62a3e9da726942a93cf16b6e91c0187e6c0136,com.github.kevinsawicki.http.HttpRequestTest.deleteUrlEmpty,True
48602,http-request_2d62a3e9da726942a93cf16b6e91c0187e6c0136,com.github.kevinsawicki.http.HttpRequestTest.optionsEmpty,True
48605,http-request_2d62a3e9da726942a93cf16b6e91c0187e6c0136,com.github.kevinsawicki.http.HttpRequestTest.headUrlEmpty,True
48610,http-request_2d62a3e9da726942a93cf16b6e91c0187e6c0136,com.github.kevinsawicki.http.HttpRequestTest.postEmpty,True
48617,http-request_2d62a3e9da726942a93cf16b6e91c0187e6c0136,com.github.kevinsawicki.http.HttpRequestTest.postWithLength,True
48623,http-request_2d62a3e9da726942a93cf16b6e91c0187e6c0136,com.github.kevinsawicki.http.HttpRequestTest.getNonEmptyString,True
48628,http-request_2d62a3e9da726942a93cf16b6e91c0187e6c0136,com.github.kevinsawicki.http.HttpRequestTest.basicProxyAuthentication,True
48634,http-request_2d62a3e9da726942a93cf16b6e91c0187e6c0136,com.github.kevinsawicki.http.HttpRequestTest.getError,True
48636,http-request_2d62a3e9da726942a93cf16b6e91c0187e6c0136,com.github.kevinsawicki.http.HttpRequestTest.handle,True
48637,http-request_2d62a3e9da726942a93cf16b6e91c0187e6c0136,com.github.kevinsawicki.http.HttpRequestTest.serverHeader,True
48638,http-request_2d62a3e9da726942a93cf16b6e91c0187e6c0136,com.github.kevinsawicki.http.HttpRequestTest.expiresHeader,True
48644,http-request_2d62a3e9da726942a93cf16b6e91c0187e6c0136,com.github.kevinsawicki.http.HttpRequestTest.contentEncodingHeader,True
48653,http-request_2d62a3e9da726942a93cf16b6e91c0187e6c0136,com.github.kevinsawicki.http.HttpRequestTest.handle,True
48657,http-request_2d62a3e9da726942a93cf16b6e91c0187e6c0136,com.github.kevinsawicki.http.HttpRequestTest.acceptJson,True
48659,http-request_2d62a3e9da726942a93cf16b6e91c0187e6c0136,com.github.kevinsawicki.http.HttpRequestTest.acceptCharsetHeader,True
48660,http-request_2d62a3e9da726942a93cf16b6e91c0187e6c0136,com.github.kevinsawicki.http.HttpRequestTest.acceptEncodingHeader,True
48664,http-request_2d62a3e9da726942a93cf16b6e91c0187e6c0136,com.github.kevinsawicki.http.HttpRequestTest.handle,True
48671,http-request_2d62a3e9da726942a93cf16b6e91c0187e6c0136,com.github.kevinsawicki.http.HttpRequestTest.httpsTrust,True
48685,http-request_2d62a3e9da726942a93cf16b6e91c0187e6c0136,com.github.kevinsawicki.http.HttpRequestTest.handle,True
48723,http-request_2d62a3e9da726942a93cf16b6e91c0187e6c0136,com.github.kevinsawicki.http.HttpRequestTest.putWithEscapedMappedQueryParams,True
48727,http-request_2d62a3e9da726942a93cf16b6e91c0187e6c0136,com.github.kevinsawicki.http.HttpRequestTest.headWithEscapedMappedQueryParams,True
48732,http-request_2d62a3e9da726942a93cf16b6e91c0187e6c0136,com.github.kevinsawicki.http.HttpRequestTest.appendVarargsQueryParamsWithPath,True
48742,http-request_2d62a3e9da726942a93cf16b6e91c0187e6c0136,com.github.kevinsawicki.http.HttpRequestTest.appendMappedQueryParamsWithExistingQueryStart,True
48748,http-request_2d62a3e9da726942a93cf16b6e91c0187e6c0136,com.github.kevinsawicki.http.HttpRequestTest.serverErrorCode,True
48753,http-request_2d62a3e9da726942a93cf16b6e91c0187e6c0136,com.github.kevinsawicki.http.HttpRequestTest.sendHeadersWithoutCode,True
48755,http-request_2d62a3e9da726942a93cf16b6e91c0187e6c0136,com.github.kevinsawicki.http.HttpRequestTest.sendIntHeaderWithoutCode,True
48597,http-request_2d62a3e9da726942a93cf16b6e91c0187e6c0136,com.github.kevinsawicki.http.HttpRequestTest.getUrlEncodedWithSpace,True
48603,http-request_2d62a3e9da726942a93cf16b6e91c0187e6c0136,com.github.kevinsawicki.http.HttpRequestTest.optionsUrlEmpty,True
48606,http-request_2d62a3e9da726942a93cf16b6e91c0187e6c0136,com.github.kevinsawicki.http.HttpRequestTest.putEmpty,True
48624,http-request_2d62a3e9da726942a93cf16b6e91c0187e6c0136,com.github.kevinsawicki.http.HttpRequestTest.getWithResponseCharset,True
48629,http-request_2d62a3e9da726942a93cf16b6e91c0187e6c0136,com.github.kevinsawicki.http.HttpRequestTest.getReader,True
48642,http-request_2d62a3e9da726942a93cf16b6e91c0187e6c0136,com.github.kevinsawicki.http.HttpRequestTest.eTagHeader,True
48649,http-request_2d62a3e9da726942a93cf16b6e91c0187e6c0136,com.github.kevinsawicki.http.HttpRequestTest.cacheControlHeader,True
48661,http-request_2d62a3e9da726942a93cf16b6e91c0187e6c0136,com.github.kevinsawicki.http.HttpRequestTest.ifModifiedSinceHeader,True
48673,http-request_2d62a3e9da726942a93cf16b6e91c0187e6c0136,com.github.kevinsawicki.http.HttpRequestTest.verifierAccepts,True
48680,http-request_2d62a3e9da726942a93cf16b6e91c0187e6c0136,com.github.kevinsawicki.http.HttpRequestTest.read,True
48681,http-request_2d62a3e9da726942a93cf16b6e91c0187e6c0136,com.github.kevinsawicki.http.HttpRequestTest.getToOutputCode,True
48692,http-request_2d62a3e9da726942a93cf16b6e91c0187e6c0136,com.github.kevinsawicki.http.HttpRequestTest.getSingleParameterQuoted,True
48733,http-request_2d62a3e9da726942a93cf16b6e91c0187e6c0136,com.github.kevinsawicki.http.HttpRequestTest.appendMultipleMappedQueryParams,True
48762,http-request_2d62a3e9da726942a93cf16b6e91c0187e6c0136,com.github.kevinsawicki.http.HttpRequestTest.bodyOfNonEmptyErrorResponse,True
48594,http-request_2d62a3e9da726942a93cf16b6e91c0187e6c0136,com.github.kevinsawicki.http.HttpRequestTest.handle,True
48598,http-request_2d62a3e9da726942a93cf16b6e91c0187e6c0136,com.github.kevinsawicki.http.HttpRequestTest.getUrlEncodedWithUnicode,True
48633,http-request_2d62a3e9da726942a93cf16b6e91c0187e6c0136,com.github.kevinsawicki.http.HttpRequestTest.getBytes,True
48647,http-request_2d62a3e9da726942a93cf16b6e91c0187e6c0136,com.github.kevinsawicki.http.HttpRequestTest.requestContentTypeNullCharset,True
48648,http-request_2d62a3e9da726942a93cf16b6e91c0187e6c0136,com.github.kevinsawicki.http.HttpRequestTest.requestContentTypeEmptyCharset,True
48674,http-request_2d62a3e9da726942a93cf16b6e91c0187e6c0136,com.github.kevinsawicki.http.HttpRequestTest.singleVerifier,True
48694,http-request_2d62a3e9da726942a93cf16b6e91c0187e6c0136,com.github.kevinsawicki.http.HttpRequestTest.getMissingParameter,True
48701,http-request_2d62a3e9da726942a93cf16b6e91c0187e6c0136,com.github.kevinsawicki.http.HttpRequestTest.missingDateHeader,True
48703,http-request_2d62a3e9da726942a93cf16b6e91c0187e6c0136,com.github.kevinsawicki.http.HttpRequestTest.missingIntHeader,True
48710,http-request_2d62a3e9da726942a93cf16b6e91c0187e6c0136,com.github.kevinsawicki.http.HttpRequestTest.postWithEscapedMappedQueryParams,True
48740,http-request_2d62a3e9da726942a93cf16b6e91c0187e6c0136,com.github.kevinsawicki.http.HttpRequestTest.appendWithNullVaragsQueryParamValues,True
48766,http-request_2d62a3e9da726942a93cf16b6e91c0187e6c0136,com.github.kevinsawicki.http.HttpRequestTest.uploadProgressSendInputStream,True
48768,http-request_2d62a3e9da726942a93cf16b6e91c0187e6c0136,com.github.kevinsawicki.http.HttpRequestTest.uploadProgressSendReader,True
48607,http-request_2d62a3e9da726942a93cf16b6e91c0187e6c0136,com.github.kevinsawicki.http.HttpRequestTest.putUrlEmpty,True
48620,http-request_2d62a3e9da726942a93cf16b6e91c0187e6c0136,com.github.kevinsawicki.http.HttpRequestTest.postFormWithNoCharset,True
48652,http-request_2d62a3e9da726942a93cf16b6e91c0187e6c0136,com.github.kevinsawicki.http.HttpRequestTest.getAllHeaders,True
48654,http-request_2d62a3e9da726942a93cf16b6e91c0187e6c0136,com.github.kevinsawicki.http.HttpRequestTest.numberHeader,True
48658,http-request_2d62a3e9da726942a93cf16b6e91c0187e6c0136,com.github.kevinsawicki.http.HttpRequestTest.ifNoneMatchHeader,True
48670,http-request_2d62a3e9da726942a93cf16b6e91c0187e6c0136,com.github.kevinsawicki.http.HttpRequestTest.receiveFile,True
48704,http-request_2d62a3e9da726942a93cf16b6e91c0187e6c0136,com.github.kevinsawicki.http.HttpRequestTest.malformedIntHeader,True
48717,http-request_2d62a3e9da726942a93cf16b6e91c0187e6c0136,com.github.kevinsawicki.http.HttpRequestTest.deleteWithMappedQueryParams,True
48729,http-request_2d62a3e9da726942a93cf16b6e91c0187e6c0136,com.github.kevinsawicki.http.HttpRequestTest.appendMappedQueryParamsWithNoPath,True
48730,http-request_2d62a3e9da726942a93cf16b6e91c0187e6c0136,com.github.kevinsawicki.http.HttpRequestTest.appendVarargsQueryParmasWithNoPath,True
48747,http-request_2d62a3e9da726942a93cf16b6e91c0187e6c0136,com.github.kevinsawicki.http.HttpRequestTest.appendListQueryParams,True
48765,http-request_2d62a3e9da726942a93cf16b6e91c0187e6c0136,com.github.kevinsawicki.http.HttpRequestTest.onUpload,True
48595,http-request_2d62a3e9da726942a93cf16b6e91c0187e6c0136,com.github.kevinsawicki.http.HttpRequestTest.getUrlEmpty,True
48600,http-request_2d62a3e9da726942a93cf16b6e91c0187e6c0136,com.github.kevinsawicki.http.HttpRequestTest.deleteEmpty,True
48609,http-request_2d62a3e9da726942a93cf16b6e91c0187e6c0136,com.github.kevinsawicki.http.HttpRequestTest.traceUrlEmpty,True
48611,http-request_2d62a3e9da726942a93cf16b6e91c0187e6c0136,com.github.kevinsawicki.http.HttpRequestTest.postUrlEmpty,True
48622,http-request_2d62a3e9da726942a93cf16b6e91c0187e6c0136,com.github.kevinsawicki.http.HttpRequestTest.chunkPost,True
48625,http-request_2d62a3e9da726942a93cf16b6e91c0187e6c0136,com.github.kevinsawicki.http.HttpRequestTest.getWithResponseCharsetAsSecondParam,True
48668,http-request_2d62a3e9da726942a93cf16b6e91c0187e6c0136,com.github.kevinsawicki.http.HttpRequestTest.receiveWriter,True
48725,http-request_2d62a3e9da726942a93cf16b6e91c0187e6c0136,com.github.kevinsawicki.http.HttpRequestTest.headWithMappedQueryParams,True
48726,http-request_2d62a3e9da726942a93cf16b6e91c0187e6c0136,com.github.kevinsawicki.http.HttpRequestTest.headWithVaragsQueryParams,True
48736,http-request_2d62a3e9da726942a93cf16b6e91c0187e6c0136,com.github.kevinsawicki.http.HttpRequestTest.appendNullVaragsQueryParams,True
48738,http-request_2d62a3e9da726942a93cf16b6e91c0187e6c0136,com.github.kevinsawicki.http.HttpRequestTest.appendEmptyVarargsQueryParams,True
48744,http-request_2d62a3e9da726942a93cf16b6e91c0187e6c0136,com.github.kevinsawicki.http.HttpRequestTest.appendMappedQueryParamsWithExistingParams,True
48750,http-request_2d62a3e9da726942a93cf16b6e91c0187e6c0136,com.github.kevinsawicki.http.HttpRequestTest.notModifiedCode,True
48758,http-request_2d62a3e9da726942a93cf16b6e91c0187e6c0136,com.github.kevinsawicki.http.HttpRequestTest.create,True
48761,http-request_2d62a3e9da726942a93cf16b6e91c0187e6c0136,com.github.kevinsawicki.http.HttpRequestTest.bodyOfEmptyErrorResponse,True
48590,http-request_2d62a3e9da726942a93cf16b6e91c0187e6c0136,com.github.kevinsawicki.http.HttpRequestTest.malformedStringUrl,True
48596,http-request_2d62a3e9da726942a93cf16b6e91c0187e6c0136,com.github.kevinsawicki.http.HttpRequestTest.getNoContent,True
48614,http-request_2d62a3e9da726942a93cf16b6e91c0187e6c0136,com.github.kevinsawicki.http.HttpRequestTest.postMultipleFiles,True
48616,http-request_2d62a3e9da726942a93cf16b6e91c0187e6c0136,com.github.kevinsawicki.http.HttpRequestTest.postNonEmptyByteArray,True
48627,http-request_2d62a3e9da726942a93cf16b6e91c0187e6c0136,com.github.kevinsawicki.http.HttpRequestTest.handle,True
48630,http-request_2d62a3e9da726942a93cf16b6e91c0187e6c0136,com.github.kevinsawicki.http.HttpRequestTest.sendWithWriter,True
48639,http-request_2d62a3e9da726942a93cf16b6e91c0187e6c0136,com.github.kevinsawicki.http.HttpRequestTest.lastModifiedHeader,True
48643,http-request_2d62a3e9da726942a93cf16b6e91c0187e6c0136,com.github.kevinsawicki.http.HttpRequestTest.locationHeader,True
48646,http-request_2d62a3e9da726942a93cf16b6e91c0187e6c0136,com.github.kevinsawicki.http.HttpRequestTest.requestContentType,True
48655,http-request_2d62a3e9da726942a93cf16b6e91c0187e6c0136,com.github.kevinsawicki.http.HttpRequestTest.userAgentHeader,True
48667,http-request_2d62a3e9da726942a93cf16b6e91c0187e6c0136,com.github.kevinsawicki.http.HttpRequestTest.handle,True
48675,http-request_2d62a3e9da726942a93cf16b6e91c0187e6c0136,com.github.kevinsawicki.http.HttpRequestTest.singleSslSocketFactory,True
48686,http-request_2d62a3e9da726942a93cf16b6e91c0187e6c0136,com.github.kevinsawicki.http.HttpRequestTest.getNonGzippedWithUncompressEnabled,True
48706,http-request_2d62a3e9da726942a93cf16b6e91c0187e6c0136,com.github.kevinsawicki.http.HttpRequestTest.postFormEntryWithNullValue,True
48714,http-request_2d62a3e9da726942a93cf16b6e91c0187e6c0136,com.github.kevinsawicki.http.HttpRequestTest.getWithVarargsQueryParams,True
48719,http-request_2d62a3e9da726942a93cf16b6e91c0187e6c0136,com.github.kevinsawicki.http.HttpRequestTest.deleteWithEscapedMappedQueryParams,True
48734,http-request_2d62a3e9da726942a93cf16b6e91c0187e6c0136,com.github.kevinsawicki.http.HttpRequestTest.appendMultipleVarargsQueryParams,True
48735,http-request_2d62a3e9da726942a93cf16b6e91c0187e6c0136,com.github.kevinsawicki.http.HttpRequestTest.appendNullMappedQueryParams,True
48739,http-request_2d62a3e9da726942a93cf16b6e91c0187e6c0136,com.github.kevinsawicki.http.HttpRequestTest.appendWithNullMappedQueryParamValues,True
48754,http-request_2d62a3e9da726942a93cf16b6e91c0187e6c0136,com.github.kevinsawicki.http.HttpRequestTest.sendDateHeaderWithoutCode,True
48756,http-request_2d62a3e9da726942a93cf16b6e91c0187e6c0136,com.github.kevinsawicki.http.HttpRequestTest.customConnectionFactory,True
48760,http-request_2d62a3e9da726942a93cf16b6e91c0187e6c0136,com.github.kevinsawicki.http.HttpRequestTest.streamOfEmptyOkResponse,True
