,nameProject,testCase,prediction
4,Achilles_e3099bdce342910951c4862c78751fd81ed4552e,info.archinnov.achilles.it.TestEntityWithIndicesForJSON.should_query_using_map_key_value_fromJSON,True
8,Achilles_e3099bdce342910951c4862c78751fd81ed4552e,info.archinnov.achilles.it.TestEntityWithSASIIndices.should_search_using_prefix_non_tokenizer,True
18,Achilles_e3099bdce342910951c4862c78751fd81ed4552e,info.archinnov.achilles.it.TestViewSensorByType.should_fail_if_mutation_statement_for_view,False
28,Achilles_e3099bdce342910951c4862c78751fd81ed4552e,info.archinnov.achilles.it.TestSchemaGenerator.should_use_schema_generator,False
71,Achilles_e3099bdce342910951c4862c78751fd81ed4552e,info.archinnov.achilles.it.TestEntityWithStaticCounterColumn.should_dsl_delete_static,True
80,Achilles_e3099bdce342910951c4862c78751fd81ed4552e,info.archinnov.achilles.it.TestEntityWithCustomConstructor.should_typed_query,False
92,Achilles_e3099bdce342910951c4862c78751fd81ed4552e,info.archinnov.achilles.it.TestImmutableEntity.should_dsl_select_one,False
93,Achilles_e3099bdce342910951c4862c78751fd81ed4552e,info.archinnov.achilles.it.TestImmutableEntity.should_typed_query,False
100,Achilles_e3099bdce342910951c4862c78751fd81ed4552e,info.archinnov.achilles.it.TestEntityWithCounterColumn.should_delete_by_id,True
104,Achilles_e3099bdce342910951c4862c78751fd81ed4552e,info.archinnov.achilles.it.TestEntityWithStaticAnnotations.should_insert_using_static_ttl,True
111,Achilles_e3099bdce342910951c4862c78751fd81ed4552e,info.archinnov.achilles.it.TestEntityWithStaticColumn.should_insert_static_with_insert_strategy,True
115,Achilles_e3099bdce342910951c4862c78751fd81ed4552e,info.archinnov.achilles.it.TestEntityWithStaticColumn.should_dsl_update_static,True
122,Achilles_e3099bdce342910951c4862c78751fd81ed4552e,info.archinnov.achilles.internals.utils.TypeNameHelperTest.should_convert_type_name_to_string,False
134,Achilles_e3099bdce342910951c4862c78751fd81ed4552e,info.archinnov.achilles.internals.parser.AnnotationTreeTest.should_build_treemap_for_codec_annotation_ecj,False
145,Achilles_e3099bdce342910951c4862c78751fd81ed4552e,info.archinnov.achilles.internals.parser.FunctionParserTest.should_parse_functions_with_complex_types_ecj,False
156,Achilles_e3099bdce342910951c4862c78751fd81ed4552e,info.archinnov.achilles.internals.parser.FunctionParserTest.should_fail_parsing_duplicate_function_declaration,True
162,Achilles_e3099bdce342910951c4862c78751fd81ed4552e,info.archinnov.achilles.internals.parser.FieldInfoParserTest.should_build_normal_column_type,True
165,Achilles_e3099bdce342910951c4862c78751fd81ed4552e,info.archinnov.achilles.internals.parser.FieldInfoParserTest.should_fail_if_both_partition_and_clustering_column,False
175,Achilles_e3099bdce342910951c4862c78751fd81ed4552e,info.archinnov.achilles.internals.parser.FieldInfoParserTest.should_build_static_column_info,True
179,Achilles_e3099bdce342910951c4862c78751fd81ed4552e,info.archinnov.achilles.internals.parser.FieldInfoParserTest.should_build_list_index_info,True
193,Achilles_e3099bdce342910951c4862c78751fd81ed4552e,info.archinnov.achilles.internals.parser.FieldInfoParserTest.should_generate_field_info_for_UpperCase,False
203,Achilles_e3099bdce342910951c4862c78751fd81ed4552e,info.archinnov.achilles.internals.parser.CodecFactoryTest.should_create_codec_for_primitive_byte_array,False
222,Achilles_e3099bdce342910951c4862c78751fd81ed4552e,info.archinnov.achilles.internals.parser.EntityParserTest.should_generate_meta_signature_for_view_javac,True
223,Achilles_e3099bdce342910951c4862c78751fd81ed4552e,info.archinnov.achilles.internals.parser.EntityParserTest.should_generate_meta_signature_for_immutable_entity_javac,True
225,Achilles_e3099bdce342910951c4862c78751fd81ed4552e,info.archinnov.achilles.internals.parser.EntityParserTest.should_fail_because_no_matching_field_name_for_declared_constructor_param_javac,True
229,Achilles_e3099bdce342910951c4862c78751fd81ed4552e,info.archinnov.achilles.internals.parser.EntityParserTest.should_fail_because_incorrect_field_type_for_immutable_constructor_param_javac,True
249,Achilles_e3099bdce342910951c4862c78751fd81ed4552e,info.archinnov.achilles.internals.parser.FieldParserTest.should_parse_complex_nested_map,False
259,Achilles_e3099bdce342910951c4862c78751fd81ed4552e,info.archinnov.achilles.internals.parser.FieldParserTest.should_parse_tuple10,False
260,Achilles_e3099bdce342910951c4862c78751fd81ed4552e,info.archinnov.achilles.internals.parser.FieldParserTest.should_parse_udt,False
263,Achilles_e3099bdce342910951c4862c78751fd81ed4552e,info.archinnov.achilles.internals.parser.FieldParserTest.should_parse_set_udt,False
318,Achilles_e3099bdce342910951c4862c78751fd81ed4552e,info.archinnov.achilles.internals.parser.validator.TypeValidatorTest.should_validate_objectByteArray,True
324,Achilles_e3099bdce342910951c4862c78751fd81ed4552e,info.archinnov.achilles.internals.parser.validator.TypeValidatorTest.should_validate_tuple3,True
331,Achilles_e3099bdce342910951c4862c78751fd81ed4552e,info.archinnov.achilles.internals.parser.validator.BeanValidatorTest.should_fail_validating_an_interface,True
341,Achilles_e3099bdce342910951c4862c78751fd81ed4552e,info.archinnov.achilles.internals.parser.validator.cassandra3_0.BeanValidator3_0Test.should_fail_validating_view_because_missing_base_pk,True
343,Achilles_e3099bdce342910951c4862c78751fd81ed4552e,info.archinnov.achilles.internals.parser.validator.cassandra3_0.BeanValidator3_0Test.should_fail_validating_view_because_more_than_1_non_pk,True
346,Achilles_e3099bdce342910951c4862c78751fd81ed4552e,info.archinnov.achilles.internals.codegen.meta.EntityMetaCodeGenTest.should_build_entity_with_clustering_column,False
390,Achilles_e3099bdce342910951c4862c78751fd81ed4552e,info.archinnov.achilles.it.bugs.ConsistencyLevelOrderingIT.should_override_consistency_level_map_value_by_static_consistency_setting,True
392,Achilles_e3099bdce342910951c4862c78751fd81ed4552e,info.archinnov.achilles.it.bugs.ConsistencyLevelOrderingIT.should_override_cluster_consistency_config_by_achilles_consistency_setting,True
1,Achilles_e3099bdce342910951c4862c78751fd81ed4552e,info.archinnov.achilles.it.TestEntityWithIndicesForJSON.should_query_using_collection_index_fromJSON,False
2,Achilles_e3099bdce342910951c4862c78751fd81ed4552e,info.archinnov.achilles.it.TestEntityWithIndicesForJSON.should_query_using_full_collection_index_fromJSON,False
19,Achilles_e3099bdce342910951c4862c78751fd81ed4552e,info.archinnov.achilles.it.TestSchemaGenerator.should_build_schema_for_entity_with_static_column,False
20,Achilles_e3099bdce342910951c4862c78751fd81ed4552e,info.archinnov.achilles.it.TestSchemaGenerator.should_build_schema_for_entity_with_counter_column,False
23,Achilles_e3099bdce342910951c4862c78751fd81ed4552e,info.archinnov.achilles.it.TestSchemaGenerator.should_build_schema_for_complex_types,False
32,Achilles_e3099bdce342910951c4862c78751fd81ed4552e,info.archinnov.achilles.it.TestSchemaGenerator.should_build_schema_for_entity_with_composite_partition_key,False
34,Achilles_e3099bdce342910951c4862c78751fd81ed4552e,info.archinnov.achilles.it.TestSchemaGenerator.should_build_schema_for_view,False
45,Achilles_e3099bdce342910951c4862c78751fd81ed4552e,info.archinnov.achilles.it.TestEntityWithDSESearch.should_search_numeric_gte_and_lt,False
68,Achilles_e3099bdce342910951c4862c78751fd81ed4552e,info.archinnov.achilles.it.TestEntityWithStaticCounterColumn.should_dsl_update_static,False
73,Achilles_e3099bdce342910951c4862c78751fd81ed4552e,info.archinnov.achilles.it.TestEntityWithCustomConstructorAndDeclaredFields.should_dsl_select_one,False
83,Achilles_e3099bdce342910951c4862c78751fd81ed4552e,info.archinnov.achilles.it.TestEntityWithComplexIndices.should_query_using_full_collection_index,False
88,Achilles_e3099bdce342910951c4862c78751fd81ed4552e,info.archinnov.achilles.it.TestEntityWithComplexIndices.should_query_using_index_and_clustering_column_slice,False
106,Achilles_e3099bdce342910951c4862c78751fd81ed4552e,info.archinnov.achilles.it.TestEntityWithStaticAnnotations.should_find_using_static_consistency,False
132,Achilles_e3099bdce342910951c4862c78751fd81ed4552e,info.archinnov.achilles.internals.parser.AnnotationTreeTest.should_build_trees_map_for_level1_nesting_ecj,False
151,Achilles_e3099bdce342910951c4862c78751fd81ed4552e,info.archinnov.achilles.internals.parser.FunctionParserTest.should_fail_parsing_function_with_void_return_type,False
167,Achilles_e3099bdce342910951c4862c78751fd81ed4552e,info.archinnov.achilles.internals.parser.FieldInfoParserTest.should_fail_if_both_partition_and_computed_column,True
170,Achilles_e3099bdce342910951c4862c78751fd81ed4552e,info.archinnov.achilles.internals.parser.FieldInfoParserTest.should_fail_if_both_static_and_computed_column,True
172,Achilles_e3099bdce342910951c4862c78751fd81ed4552e,info.archinnov.achilles.internals.parser.FieldInfoParserTest.should_fail_if_clustering_column_order_zero,True
173,Achilles_e3099bdce342910951c4862c78751fd81ed4552e,info.archinnov.achilles.internals.parser.FieldInfoParserTest.should_build_partition_column_info,True
178,Achilles_e3099bdce342910951c4862c78751fd81ed4552e,info.archinnov.achilles.internals.parser.FieldInfoParserTest.should_build_frozen_column_info,True
191,Achilles_e3099bdce342910951c4862c78751fd81ed4552e,info.archinnov.achilles.internals.parser.FieldInfoParserTest.should_generate_field_info_for_primitiveBoolean,True
198,Achilles_e3099bdce342910951c4862c78751fd81ed4552e,info.archinnov.achilles.internals.parser.FieldInfoParserTest.should_fail_compilation_when_no_setter,True
199,Achilles_e3099bdce342910951c4862c78751fd81ed4552e,info.archinnov.achilles.internals.parser.FieldInfoParserTest.should_fail_compilation_when_no_suitable_setter,True
206,Achilles_e3099bdce342910951c4862c78751fd81ed4552e,info.archinnov.achilles.internals.parser.CodecFactoryTest.should_create_codec_for_string,True
250,Achilles_e3099bdce342910951c4862c78751fd81ed4552e,info.archinnov.achilles.internals.parser.FieldParserTest.should_parse_tuple1,False
257,Achilles_e3099bdce342910951c4862c78751fd81ed4552e,info.archinnov.achilles.internals.parser.FieldParserTest.should_parse_tuple8,False
261,Achilles_e3099bdce342910951c4862c78751fd81ed4552e,info.archinnov.achilles.internals.parser.FieldParserTest.should_parse_nested_udt,False
267,Achilles_e3099bdce342910951c4862c78751fd81ed4552e,info.archinnov.achilles.internals.parser.FieldParserTest.should_parse_computed_field,False
279,Achilles_e3099bdce342910951c4862c78751fd81ed4552e,info.archinnov.achilles.internals.parser.FieldParserTest.should_fail_parsing_codec_from_registry,False
290,Achilles_e3099bdce342910951c4862c78751fd81ed4552e,info.archinnov.achilles.internals.parser.FieldParserTest.should_fail_parsing_static_column_in_udt,False
291,Achilles_e3099bdce342910951c4862c78751fd81ed4552e,info.archinnov.achilles.internals.parser.FieldParserTest.should_fail_parsing_non_frozen_collection_in_udt,False
365,Achilles_e3099bdce342910951c4862c78751fd81ed4552e,info.archinnov.achilles.internals.codegen.meta.EntityMetaCodeGenTest.should_fail_building_class_with_wrong_computed_column,False
368,Achilles_e3099bdce342910951c4862c78751fd81ed4552e,info.archinnov.achilles.internals.codegen.meta.EntityMetaCodeGenTest.should_fail_building_child_class_with_shadowed_field,False
372,Achilles_e3099bdce342910951c4862c78751fd81ed4552e,info.archinnov.achilles.internals.codegen.meta.EntityMetaCodeGenTest.should_fail_building_view_meta_without_view_annotation,False
383,Achilles_e3099bdce342910951c4862c78751fd81ed4552e,info.archinnov.achilles.script.ScriptExecutorTest.should_build_create_function_statements_from_lines_syntax_2,True
389,Achilles_e3099bdce342910951c4862c78751fd81ed4552e,info.archinnov.achilles.it.bugs.ConsistencyLevelOrderingIT.should_override_cluster_consistency_level_by_consistency_level_map_value,False
27,Achilles_e3099bdce342910951c4862c78751fd81ed4552e,info.archinnov.achilles.it.TestSchemaGenerator.should_build_schema_for_udt,False
36,Achilles_e3099bdce342910951c4862c78751fd81ed4552e,info.archinnov.achilles.it.TestEntityWithDSESearch.should_search_text_using_suffix,False
49,Achilles_e3099bdce342910951c4862c78751fd81ed4552e,info.archinnov.achilles.it.TestEntityWithDSESearch.should_search_date_gte,False
55,Achilles_e3099bdce342910951c4862c78751fd81ed4552e,info.archinnov.achilles.it.TestEntityWithDSESearch.should_search_date_gte_and_lte,False
57,Achilles_e3099bdce342910951c4862c78751fd81ed4552e,info.archinnov.achilles.it.TestEntityWithDSESearch.should_search_using_raw_predicates,False
62,Achilles_e3099bdce342910951c4862c78751fd81ed4552e,info.archinnov.achilles.it.TestEntityWithCompositePartitionKey.should_insert,False
67,Achilles_e3099bdce342910951c4862c78751fd81ed4552e,info.archinnov.achilles.it.TestEntityWithStaticCounterColumn.should_find,False
74,Achilles_e3099bdce342910951c4862c78751fd81ed4552e,info.archinnov.achilles.it.TestEntityWithCustomConstructorAndDeclaredFields.should_typed_query,False
87,Achilles_e3099bdce342910951c4862c78751fd81ed4552e,info.archinnov.achilles.it.TestEntityWithComplexIndices.should_query_using_index_and_clustering_column,False
89,Achilles_e3099bdce342910951c4862c78751fd81ed4552e,info.archinnov.achilles.it.TestEntityWithComplexIndices.should_query_using_index_and_clustering_column_inequality,True
113,Achilles_e3099bdce342910951c4862c78751fd81ed4552e,info.archinnov.achilles.it.TestEntityWithStaticColumn.should_find,False
121,Achilles_e3099bdce342910951c4862c78751fd81ed4552e,info.archinnov.achilles.it.TestEntityWithDSESearchJSON.toString,False
127,Achilles_e3099bdce342910951c4862c78751fd81ed4552e,info.archinnov.achilles.internals.parser.AnnotationTreeTest.should_build_trees_json_map_javac,False
141,Achilles_e3099bdce342910951c4862c78751fd81ed4552e,info.archinnov.achilles.internals.parser.AnnotationTreeTest.findFieldByName,False
154,Achilles_e3099bdce342910951c4862c78751fd81ed4552e,info.archinnov.achilles.internals.parser.FunctionParserTest.should_fail_parsing_function_OpsCenter_keyspace_name,False
160,Achilles_e3099bdce342910951c4862c78751fd81ed4552e,info.archinnov.achilles.internals.parser.FieldInfoParserTest.should_build_static_column_type,True
176,Achilles_e3099bdce342910951c4862c78751fd81ed4552e,info.archinnov.achilles.internals.parser.FieldInfoParserTest.should_build_computed_column_info,True
182,Achilles_e3099bdce342910951c4862c78751fd81ed4552e,info.archinnov.achilles.internals.parser.FieldInfoParserTest.should_build_map_entry_index_info,True
187,Achilles_e3099bdce342910951c4862c78751fd81ed4552e,info.archinnov.achilles.internals.parser.FieldInfoParserTest.should_build_udt_index_info,True
211,Achilles_e3099bdce342910951c4862c78751fd81ed4552e,info.archinnov.achilles.internals.parser.CodecFactoryTest.should_create_native_codec_for_counter,False
227,Achilles_e3099bdce342910951c4862c78751fd81ed4552e,info.archinnov.achilles.internals.parser.EntityParserTest.should_fail_because_incorrect_field_type_for_constructor_param_javac,False
231,Achilles_e3099bdce342910951c4862c78751fd81ed4552e,info.archinnov.achilles.internals.parser.EntityParserTest.should_generate_meta_signature_for_view_ecj,False
234,Achilles_e3099bdce342910951c4862c78751fd81ed4552e,info.archinnov.achilles.internals.parser.FieldParserTest.should_parse_object_boolean,False
240,Achilles_e3099bdce342910951c4862c78751fd81ed4552e,info.archinnov.achilles.internals.parser.FieldParserTest.should_parse_transformed_type,False
247,Achilles_e3099bdce342910951c4862c78751fd81ed4552e,info.archinnov.achilles.internals.parser.FieldParserTest.should_parse_tuple_nesting,False
254,Achilles_e3099bdce342910951c4862c78751fd81ed4552e,info.archinnov.achilles.internals.parser.FieldParserTest.should_parse_tuple5,False
283,Achilles_e3099bdce342910951c4862c78751fd81ed4552e,info.archinnov.achilles.internals.parser.FieldParserTest.should_parse_jdk8_local_time,False
313,Achilles_e3099bdce342910951c4862c78751fd81ed4552e,info.archinnov.achilles.internals.parser.FieldParserTest.should_fail_parsing_wrongascii,False
314,Achilles_e3099bdce342910951c4862c78751fd81ed4552e,info.archinnov.achilles.internals.parser.validator.TypeValidatorTest.getAllowedTypes,True
323,Achilles_e3099bdce342910951c4862c78751fd81ed4552e,info.archinnov.achilles.internals.parser.validator.TypeValidatorTest.should_validate_tuple2,False
345,Achilles_e3099bdce342910951c4862c78751fd81ed4552e,info.archinnov.achilles.internals.codegen.meta.EntityMetaCodeGenTest.should_build_entity_with_composite_partition_key,False
359,Achilles_e3099bdce342910951c4862c78751fd81ed4552e,info.archinnov.achilles.internals.codegen.meta.EntityMetaCodeGenTest.should_build_view_meta,False
362,Achilles_e3099bdce342910951c4862c78751fd81ed4552e,info.archinnov.achilles.internals.codegen.meta.EntityMetaCodeGenTest.should_fail_building_class_with_duplicated_cql_name,False
363,Achilles_e3099bdce342910951c4862c78751fd81ed4552e,info.archinnov.achilles.internals.codegen.meta.EntityMetaCodeGenTest.should_fail_building_class_with_no_partition_key,False
381,Achilles_e3099bdce342910951c4862c78751fd81ed4552e,info.archinnov.achilles.script.ScriptExecutorTest.should_build_batch_statements_from_lines,False
387,Achilles_e3099bdce342910951c4862c78751fd81ed4552e,info.archinnov.achilles.embedded.PortFinderTest.try_to_find_first_port,False
394,Achilles_e3099bdce342910951c4862c78751fd81ed4552e,info.archinnov.achilles.it.bugs.ValidateSchemaIT.should_fail_validating_schema_when_partition_key_missing,False
10,Achilles_e3099bdce342910951c4862c78751fd81ed4552e,info.archinnov.achilles.it.TestEntityWithSASIIndices.should_search_using_eq_non_tokenizer,False
25,Achilles_e3099bdce342910951c4862c78751fd81ed4552e,info.archinnov.achilles.it.TestSchemaGenerator.should_build_schema_for_complex_indices,False
26,Achilles_e3099bdce342910951c4862c78751fd81ed4552e,info.archinnov.achilles.it.TestSchemaGenerator.should_build_schema_for_entity_with_static_annotations,False
31,Achilles_e3099bdce342910951c4862c78751fd81ed4552e,info.archinnov.achilles.it.TestSchemaGenerator.should_build_schema_for_entity_with_simple_partition_key,False
33,Achilles_e3099bdce342910951c4862c78751fd81ed4552e,info.archinnov.achilles.it.TestSchemaGenerator.should_build_schema_for_entity_with_clustering_columns,False
41,Achilles_e3099bdce342910951c4862c78751fd81ed4552e,info.archinnov.achilles.it.TestEntityWithDSESearch.should_search_numeric_lt,False
43,Achilles_e3099bdce342910951c4862c78751fd81ed4552e,info.archinnov.achilles.it.TestEntityWithDSESearch.should_search_numeric_gt_and_lt,False
56,Achilles_e3099bdce342910951c4862c78751fd81ed4552e,info.archinnov.achilles.it.TestEntityWithDSESearch.should_search_using_multiple_predicates,False
82,Achilles_e3099bdce342910951c4862c78751fd81ed4552e,info.archinnov.achilles.it.TestEntityWithComplexIndices.should_query_using_collection_index,False
91,Achilles_e3099bdce342910951c4862c78751fd81ed4552e,info.archinnov.achilles.it.TestImmutableEntity.should_find_by_id,False
99,Achilles_e3099bdce342910951c4862c78751fd81ed4552e,info.archinnov.achilles.it.TestEntityWithCounterColumn.should_dsl_update,False
108,Achilles_e3099bdce342910951c4862c78751fd81ed4552e,info.archinnov.achilles.it.TestEntityWithStaticColumn.should_update,False
110,Achilles_e3099bdce342910951c4862c78751fd81ed4552e,info.archinnov.achilles.it.TestEntityWithStaticColumn.should_update_static,False
118,Achilles_e3099bdce342910951c4862c78751fd81ed4552e,info.archinnov.achilles.it.TestEntityWithDSESearchJSON.should_search_numeric_eq_JSON,False
131,Achilles_e3099bdce342910951c4862c78751fd81ed4552e,info.archinnov.achilles.internals.parser.AnnotationTreeTest.should_build_trees_map_for_level1_nesting_javac,False
189,Achilles_e3099bdce342910951c4862c78751fd81ed4552e,info.archinnov.achilles.internals.parser.FieldInfoParserTest.should_build_not_indexed_column_index_info,True
190,Achilles_e3099bdce342910951c4862c78751fd81ed4552e,info.archinnov.achilles.internals.parser.FieldInfoParserTest.should_generate_field_info_for_consistencyLevel,True
196,Achilles_e3099bdce342910951c4862c78751fd81ed4552e,info.archinnov.achilles.internals.parser.FieldInfoParserTest.should_generate_field_info_for_public_final_columns,True
200,Achilles_e3099bdce342910951c4862c78751fd81ed4552e,info.archinnov.achilles.internals.parser.CodecFactoryTest.should_create_codec_for_json_map,True
218,Achilles_e3099bdce342910951c4862c78751fd81ed4552e,info.archinnov.achilles.internals.parser.CodecFactoryTest.should_create_JavaType_for_array_type,True
232,Achilles_e3099bdce342910951c4862c78751fd81ed4552e,info.archinnov.achilles.internals.parser.EntityParserTest.should_generate_meta_signature_for_complex_types_ecj,True
248,Achilles_e3099bdce342910951c4862c78751fd81ed4552e,info.archinnov.achilles.internals.parser.FieldParserTest.should_parse_nested_tuple,False
258,Achilles_e3099bdce342910951c4862c78751fd81ed4552e,info.archinnov.achilles.internals.parser.FieldParserTest.should_parse_tuple9,False
264,Achilles_e3099bdce342910951c4862c78751fd81ed4552e,info.archinnov.achilles.internals.parser.FieldParserTest.should_parse_map_udt,False
274,Achilles_e3099bdce342910951c4862c78751fd81ed4552e,info.archinnov.achilles.internals.parser.FieldParserTest.should_parse_codec_overriding_registry,False
294,Achilles_e3099bdce342910951c4862c78751fd81ed4552e,info.archinnov.achilles.internals.parser.FieldParserTest.should_fail_parsing_SASI_analyzed_but_NoOpAnalyzer,False
303,Achilles_e3099bdce342910951c4862c78751fd81ed4552e,info.archinnov.achilles.internals.parser.FieldParserTest.should_fail_parsing_SASI_stemming_But_SPARSE,False
308,Achilles_e3099bdce342910951c4862c78751fd81ed4552e,info.archinnov.achilles.internals.parser.FieldParserTest.should_fail_parsing_SASI_on_set,False
317,Achilles_e3099bdce342910951c4862c78751fd81ed4552e,info.archinnov.achilles.internals.parser.validator.TypeValidatorTest.should_validate_primitiveByteArray,True
342,Achilles_e3099bdce342910951c4862c78751fd81ed4552e,info.archinnov.achilles.internals.parser.validator.cassandra3_0.BeanValidator3_0Test.should_fail_validating_view_because_missing_base_collection,True
358,Achilles_e3099bdce342910951c4862c78751fd81ed4552e,info.archinnov.achilles.internals.codegen.meta.EntityMetaCodeGenTest.should_build_entity_with_custom_constructor_with_declared_fields,False
388,Achilles_e3099bdce342910951c4862c78751fd81ed4552e,info.archinnov.achilles.embedded.CassandraEmbeddedServerBuilderTest.should_start_embedded_server_with_listen_and_rpc_address,False
5,Achilles_e3099bdce342910951c4862c78751fd81ed4552e,info.archinnov.achilles.it.TestEntityWithIndicesForJSON.should_query_using_map_key_entry_fromJSON,False
6,Achilles_e3099bdce342910951c4862c78751fd81ed4552e,info.archinnov.achilles.it.TestEntityWithIndicesForJSON.should_query_using_index_and_partition_key_asJSON,False
11,Achilles_e3099bdce342910951c4862c78751fd81ed4552e,info.archinnov.achilles.it.TestEntityWithSASIIndices.should_search_using_end_with,False
12,Achilles_e3099bdce342910951c4862c78751fd81ed4552e,info.archinnov.achilles.it.TestEntityWithSASIIndices.should_search_using_contains,False
22,Achilles_e3099bdce342910951c4862c78751fd81ed4552e,info.archinnov.achilles.it.TestSchemaGenerator.should_build_schema_for_child_entity,False
24,Achilles_e3099bdce342910951c4862c78751fd81ed4552e,info.archinnov.achilles.it.TestSchemaGenerator.should_build_schema_for_complex_counter,False
35,Achilles_e3099bdce342910951c4862c78751fd81ed4552e,info.archinnov.achilles.it.TestEntityWithDSESearch.should_search_text_using_prefix,False
59,Achilles_e3099bdce342910951c4862c78751fd81ed4552e,info.archinnov.achilles.it.TestEntityWithDSESearch.should_search_using_solr_and_partition,False
60,Achilles_e3099bdce342910951c4862c78751fd81ed4552e,info.archinnov.achilles.it.TestEntityWithDSESearch.toDate,True
85,Achilles_e3099bdce342910951c4862c78751fd81ed4552e,info.archinnov.achilles.it.TestEntityWithComplexIndices.should_query_using_map_key_value,False
105,Achilles_e3099bdce342910951c4862c78751fd81ed4552e,info.archinnov.achilles.it.TestEntityWithStaticAnnotations.should_insert_overriding_static_conf,False
109,Achilles_e3099bdce342910951c4862c78751fd81ed4552e,info.archinnov.achilles.it.TestEntityWithStaticColumn.should_insert_static,False
142,Achilles_e3099bdce342910951c4862c78751fd81ed4552e,info.archinnov.achilles.internals.parser.FunctionParserTest.should_parse_function,True
143,Achilles_e3099bdce342910951c4862c78751fd81ed4552e,info.archinnov.achilles.internals.parser.FunctionParserTest.should_parse_function_with_keyspace,True
148,Achilles_e3099bdce342910951c4862c78751fd81ed4552e,info.archinnov.achilles.internals.parser.FunctionParserTest.should_fail_parsing_function_with_blank_keyspace,True
158,Achilles_e3099bdce342910951c4862c78751fd81ed4552e,info.archinnov.achilles.internals.parser.FieldInfoParserTest.should_build_partition_column_type,True
197,Achilles_e3099bdce342910951c4862c78751fd81ed4552e,info.archinnov.achilles.internals.parser.FieldInfoParserTest.should_fail_compilation_when_no_getter,True
205,Achilles_e3099bdce342910951c4862c78751fd81ed4552e,info.archinnov.achilles.internals.parser.CodecFactoryTest.should_create_codec_for_primitive_byte,True
208,Achilles_e3099bdce342910951c4862c78751fd81ed4552e,info.archinnov.achilles.internals.parser.CodecFactoryTest.should_create_codec_for_enumerated,True
214,Achilles_e3099bdce342910951c4862c78751fd81ed4552e,info.archinnov.achilles.internals.parser.CodecFactoryTest.should_fail_creating_codec_for_computed_if_target_type_not_matched,False
215,Achilles_e3099bdce342910951c4862c78751fd81ed4552e,info.archinnov.achilles.internals.parser.CodecFactoryTest.should_fail_creating_native_codec_for_computed_if_target_type_not_matched,False
230,Achilles_e3099bdce342910951c4862c78751fd81ed4552e,info.archinnov.achilles.internals.parser.EntityParserTest.should_fail_because_not_public_final_field_type_for_immutable_constructor_param_javac,False
237,Achilles_e3099bdce342910951c4862c78751fd81ed4552e,info.archinnov.achilles.internals.parser.FieldParserTest.should_parse_enumerated_type,False
238,Achilles_e3099bdce342910951c4862c78751fd81ed4552e,info.archinnov.achilles.internals.parser.FieldParserTest.should_parse_json_type,False
241,Achilles_e3099bdce342910951c4862c78751fd81ed4552e,info.archinnov.achilles.internals.parser.FieldParserTest.should_parse_enumerated_set_type,False
282,Achilles_e3099bdce342910951c4862c78751fd81ed4552e,info.archinnov.achilles.internals.parser.FieldParserTest.should_parse_jdk8_local_date,False
285,Achilles_e3099bdce342910951c4862c78751fd81ed4552e,info.archinnov.achilles.internals.parser.FieldParserTest.should_parse_non_frozen_udt,False
287,Achilles_e3099bdce342910951c4862c78751fd81ed4552e,info.archinnov.achilles.internals.parser.FieldParserTest.should_fail_parsing_counter_in_udt,False
293,Achilles_e3099bdce342910951c4862c78751fd81ed4552e,info.archinnov.achilles.internals.parser.FieldParserTest.should_fail_parsing_SASI_analyzed_but_SPARSE,False
300,Achilles_e3099bdce342910951c4862c78751fd81ed4552e,info.archinnov.achilles.internals.parser.FieldParserTest.should_fail_parsing_SASI_lowercase_But_NotAnalyzed,False
301,Achilles_e3099bdce342910951c4862c78751fd81ed4552e,info.archinnov.achilles.internals.parser.FieldParserTest.should_fail_parsing_SASI_lowercase_But_NoAnalyzer,False
316,Achilles_e3099bdce342910951c4862c78751fd81ed4552e,info.archinnov.achilles.internals.parser.validator.TypeValidatorTest.should_validate_objectByte,True
330,Achilles_e3099bdce342910951c4862c78751fd81ed4552e,info.archinnov.achilles.internals.parser.validator.TypeValidatorTest.should_fail_on_invalidWildCard,False
337,Achilles_e3099bdce342910951c4862c78751fd81ed4552e,info.archinnov.achilles.internals.parser.validator.cassandra3_0.BeanValidator3_0Test.should_validate_view_against_base_table,True
348,Achilles_e3099bdce342910951c4862c78751fd81ed4552e,info.archinnov.achilles.internals.codegen.meta.EntityMetaCodeGenTest.should_build_entity_with_static_counter_column,False
384,Achilles_e3099bdce342910951c4862c78751fd81ed4552e,info.archinnov.achilles.script.ScriptExecutorTest.should_build_create_function_statements_from_lines_syntax_3,False
399,Achilles_e3099bdce342910951c4862c78751fd81ed4552e,info.archinnov.achilles.it.bugs.MultiLayerNestingIT.should_select_some_columns_from_udt,False
3,Achilles_e3099bdce342910951c4862c78751fd81ed4552e,info.archinnov.achilles.it.TestEntityWithIndicesForJSON.should_query_using_map_key_index_fromJSON,False
7,Achilles_e3099bdce342910951c4862c78751fd81ed4552e,info.archinnov.achilles.it.TestEntityWithIndicesForJSON.should_query_using_index_and_clustering_column_fromJSON,False
9,Achilles_e3099bdce342910951c4862c78751fd81ed4552e,info.archinnov.achilles.it.TestEntityWithSASIIndices.should_search_using_like_non_tokenizer,False
15,Achilles_e3099bdce342910951c4862c78751fd81ed4552e,info.archinnov.achilles.it.TestViewSensorByType.should_select_by_slice,False
17,Achilles_e3099bdce342910951c4862c78751fd81ed4552e,info.archinnov.achilles.it.TestViewSensorByType.should_native_query,False
39,Achilles_e3099bdce342910951c4862c78751fd81ed4552e,info.archinnov.achilles.it.TestEntityWithDSESearch.should_search_numeric_gt,False
42,Achilles_e3099bdce342910951c4862c78751fd81ed4552e,info.archinnov.achilles.it.TestEntityWithDSESearch.should_search_numeric_lte,False
44,Achilles_e3099bdce342910951c4862c78751fd81ed4552e,info.archinnov.achilles.it.TestEntityWithDSESearch.should_search_numeric_gt_and_lte,False
66,Achilles_e3099bdce342910951c4862c78751fd81ed4552e,info.archinnov.achilles.it.TestEntityWithIndexOnClustering.should_query_using_index_on_clustering,False
69,Achilles_e3099bdce342910951c4862c78751fd81ed4552e,info.archinnov.achilles.it.TestEntityWithStaticCounterColumn.should_delete_by_id,True
75,Achilles_e3099bdce342910951c4862c78751fd81ed4552e,info.archinnov.achilles.it.TestEntityWithComplexTuple.cleanUp,True
77,Achilles_e3099bdce342910951c4862c78751fd81ed4552e,info.archinnov.achilles.it.TestEntityWithComplexTuple.should_find,False
81,Achilles_e3099bdce342910951c4862c78751fd81ed4552e,info.archinnov.achilles.it.TestEntityWithComplexIndices.should_query_using_simple_index,False
84,Achilles_e3099bdce342910951c4862c78751fd81ed4552e,info.archinnov.achilles.it.TestEntityWithComplexIndices.should_query_using_map_key_index,False
98,Achilles_e3099bdce342910951c4862c78751fd81ed4552e,info.archinnov.achilles.it.TestEntityWithCounterColumn.should_find,False
124,Achilles_e3099bdce342910951c4862c78751fd81ed4552e,info.archinnov.achilles.internals.parser.AnnotationTreeTest.should_build_annotation_tree_for_map_ecj,False
128,Achilles_e3099bdce342910951c4862c78751fd81ed4552e,info.archinnov.achilles.internals.parser.AnnotationTreeTest.should_build_trees_json_map_ecj,False
133,Achilles_e3099bdce342910951c4862c78751fd81ed4552e,info.archinnov.achilles.internals.parser.AnnotationTreeTest.should_build_treemap_for_codec_annotation_javac,False
144,Achilles_e3099bdce342910951c4862c78751fd81ed4552e,info.archinnov.achilles.internals.parser.FunctionParserTest.should_parse_functions_with_complex_types_javac,True
146,Achilles_e3099bdce342910951c4862c78751fd81ed4552e,info.archinnov.achilles.internals.parser.FunctionParserTest.should_parse_functions_with_complex_return_types_javac,True
155,Achilles_e3099bdce342910951c4862c78751fd81ed4552e,info.archinnov.achilles.internals.parser.FunctionParserTest.should_fail_parsing_function_forbidden_function_name,False
159,Achilles_e3099bdce342910951c4862c78751fd81ed4552e,info.archinnov.achilles.internals.parser.FieldInfoParserTest.should_build_clustering_column_type,True
164,Achilles_e3099bdce342910951c4862c78751fd81ed4552e,info.archinnov.achilles.internals.parser.FieldInfoParserTest.should_build_static_counter_column_type,True
169,Achilles_e3099bdce342910951c4862c78751fd81ed4552e,info.archinnov.achilles.internals.parser.FieldInfoParserTest.should_fail_if_both_clustering_and_computed_column,False
177,Achilles_e3099bdce342910951c4862c78751fd81ed4552e,info.archinnov.achilles.internals.parser.FieldInfoParserTest.should_build_normal_column_info,True
180,Achilles_e3099bdce342910951c4862c78751fd81ed4552e,info.archinnov.achilles.internals.parser.FieldInfoParserTest.should_build_list_nested_index_info,True
186,Achilles_e3099bdce342910951c4862c78751fd81ed4552e,info.archinnov.achilles.internals.parser.FieldInfoParserTest.should_build_not_indexed_map_index_info,True
192,Achilles_e3099bdce342910951c4862c78751fd81ed4552e,info.archinnov.achilles.internals.parser.FieldInfoParserTest.should_generate_field_info_for_objectBoolean,False
207,Achilles_e3099bdce342910951c4862c78751fd81ed4552e,info.archinnov.achilles.internals.parser.CodecFactoryTest.should_create_codec_for_json,False
212,Achilles_e3099bdce342910951c4862c78751fd81ed4552e,info.archinnov.achilles.internals.parser.CodecFactoryTest.should_create_custom_codec_for_counter,False
224,Achilles_e3099bdce342910951c4862c78751fd81ed4552e,info.archinnov.achilles.internals.parser.EntityParserTest.should_fail_because_no_matching_field_name_for_constructor_param_javac,False
236,Achilles_e3099bdce342910951c4862c78751fd81ed4552e,info.archinnov.achilles.internals.parser.FieldParserTest.should_parse_object_byte_array,False
265,Achilles_e3099bdce342910951c4862c78751fd81ed4552e,info.archinnov.achilles.internals.parser.FieldParserTest.should_parse_map_of_double_array,False
268,Achilles_e3099bdce342910951c4862c78751fd81ed4552e,info.archinnov.achilles.internals.parser.FieldParserTest.should_parse_computed_field_with_codec,False
275,Achilles_e3099bdce342910951c4862c78751fd81ed4552e,info.archinnov.achilles.internals.parser.FieldParserTest.should_parse_optional_string,False
276,Achilles_e3099bdce342910951c4862c78751fd81ed4552e,info.archinnov.achilles.internals.parser.FieldParserTest.should_parse_optional_protocol_version_from_codec_registry,False
277,Achilles_e3099bdce342910951c4862c78751fd81ed4552e,info.archinnov.achilles.internals.parser.FieldParserTest.should_parse_optional_protocol_version_from_inline_codec,False
280,Achilles_e3099bdce342910951c4862c78751fd81ed4552e,info.archinnov.achilles.internals.parser.FieldParserTest.should_parse_field_with_case_sensitive_overriden_name,False
302,Achilles_e3099bdce342910951c4862c78751fd81ed4552e,info.archinnov.achilles.internals.parser.FieldParserTest.should_fail_parsing_SASI_stemming_But_NotString,False
326,Achilles_e3099bdce342910951c4862c78751fd81ed4552e,info.archinnov.achilles.internals.parser.validator.TypeValidatorTest.should_fail_on_invalidType,False
335,Achilles_e3099bdce342910951c4862c78751fd81ed4552e,info.archinnov.achilles.internals.parser.validator.BeanValidatorTest.should_validate_immutable_entity,True
339,Achilles_e3099bdce342910951c4862c78751fd81ed4552e,info.archinnov.achilles.internals.parser.validator.cassandra3_0.BeanValidator3_0Test.should_fail_validating_view_because_column_not_in_base,True
344,Achilles_e3099bdce342910951c4862c78751fd81ed4552e,info.archinnov.achilles.internals.codegen.meta.EntityMetaCodeGenTest.should_build_entity_with_simple_partition_key,False
347,Achilles_e3099bdce342910951c4862c78751fd81ed4552e,info.archinnov.achilles.internals.codegen.meta.EntityMetaCodeGenTest.should_build_entity_with_counter_column,False
350,Achilles_e3099bdce342910951c4862c78751fd81ed4552e,info.archinnov.achilles.internals.codegen.meta.EntityMetaCodeGenTest.should_build_entity_with_computed_column,False
351,Achilles_e3099bdce342910951c4862c78751fd81ed4552e,info.archinnov.achilles.internals.codegen.meta.EntityMetaCodeGenTest.should_build_inherited_entity,False
360,Achilles_e3099bdce342910951c4862c78751fd81ed4552e,info.archinnov.achilles.internals.codegen.meta.EntityMetaCodeGenTest.should_fail_building_abstract_class,False
371,Achilles_e3099bdce342910951c4862c78751fd81ed4552e,info.archinnov.achilles.internals.codegen.meta.EntityMetaCodeGenTest.should_fail_building_view_meta_with_static_column,False
374,Achilles_e3099bdce342910951c4862c78751fd81ed4552e,info.archinnov.achilles.internals.codegen.meta.UDTMetaCodeGenTest.should_generate_udt_with_custom_constructor_property_class,True
375,Achilles_e3099bdce342910951c4862c78751fd81ed4552e,info.archinnov.achilles.internals.codegen.ManagerCodeGenTest.should_generate_manager_class_for_index_dsl,True
386,Achilles_e3099bdce342910951c4862c78751fd81ed4552e,info.archinnov.achilles.script.ScriptExecutorTest.should_execute_script,False
400,Achilles_e3099bdce342910951c4862c78751fd81ed4552e,info.archinnov.achilles.it.bugs.PrimitiveAsClusteringColumnIT.should_select_dsl,False
16,Achilles_e3099bdce342910951c4862c78751fd81ed4552e,info.archinnov.achilles.it.TestViewSensorByType.should_typed_query,False
53,Achilles_e3099bdce342910951c4862c78751fd81ed4552e,info.archinnov.achilles.it.TestEntityWithDSESearch.should_search_date_gt_and_lte,False
65,Achilles_e3099bdce342910951c4862c78751fd81ed4552e,info.archinnov.achilles.it.TestEntityWithCompositePartitionKey.should_dsl_select_with_IN_clause,True
96,Achilles_e3099bdce342910951c4862c78751fd81ed4552e,info.archinnov.achilles.it.TestEntityWithComplexTypes.should_dsl_select,False
116,Achilles_e3099bdce342910951c4862c78751fd81ed4552e,info.archinnov.achilles.it.TestEntityWithStaticColumn.should_dsl_delete_static,False
125,Achilles_e3099bdce342910951c4862c78751fd81ed4552e,info.archinnov.achilles.internals.parser.AnnotationTreeTest.should_build_trees_for_other_fields_javac,False
163,Achilles_e3099bdce342910951c4862c78751fd81ed4552e,info.archinnov.achilles.internals.parser.FieldInfoParserTest.should_build_counter_column_type,True
181,Achilles_e3099bdce342910951c4862c78751fd81ed4552e,info.archinnov.achilles.internals.parser.FieldInfoParserTest.should_build_list_not_index_info,True
184,Achilles_e3099bdce342910951c4862c78751fd81ed4552e,info.archinnov.achilles.internals.parser.FieldInfoParserTest.should_build_map_value_index_info,True
185,Achilles_e3099bdce342910951c4862c78751fd81ed4552e,info.archinnov.achilles.internals.parser.FieldInfoParserTest.should_fail_building_map_with_multiple_indices,True
188,Achilles_e3099bdce342910951c4862c78751fd81ed4552e,info.archinnov.achilles.internals.parser.FieldInfoParserTest.should_build_frozen_list_index_info,True
213,Achilles_e3099bdce342910951c4862c78751fd81ed4552e,info.archinnov.achilles.internals.parser.CodecFactoryTest.should_fail_create_custom_codec_for_counter_if_target_type_not_matched,False
219,Achilles_e3099bdce342910951c4862c78751fd81ed4552e,info.archinnov.achilles.internals.parser.CodecFactoryTest.should_fail_creating_JavaType_for_wildcard_type,False
221,Achilles_e3099bdce342910951c4862c78751fd81ed4552e,info.archinnov.achilles.internals.parser.EntityParserTest.should_generate_meta_signature_for_complex_types_javac,True
226,Achilles_e3099bdce342910951c4862c78751fd81ed4552e,info.archinnov.achilles.internals.parser.EntityParserTest.should_fail_because_no_matching_field_name_for_immutable_constructor_param_javac,False
233,Achilles_e3099bdce342910951c4862c78751fd81ed4552e,info.archinnov.achilles.internals.parser.FieldParserTest.should_parse_primitive_boolean,True
235,Achilles_e3099bdce342910951c4862c78751fd81ed4552e,info.archinnov.achilles.internals.parser.FieldParserTest.should_parse_primitive_byte_array,True
242,Achilles_e3099bdce342910951c4862c78751fd81ed4552e,info.archinnov.achilles.internals.parser.FieldParserTest.should_parse_json_map,True
243,Achilles_e3099bdce342910951c4862c78751fd81ed4552e,info.archinnov.achilles.internals.parser.FieldParserTest.should_parse_map_with_nested_json,True
245,Achilles_e3099bdce342910951c4862c78751fd81ed4552e,info.archinnov.achilles.internals.parser.FieldParserTest.should_parse_set_nesting,True
252,Achilles_e3099bdce342910951c4862c78751fd81ed4552e,info.archinnov.achilles.internals.parser.FieldParserTest.should_parse_tuple3,True
255,Achilles_e3099bdce342910951c4862c78751fd81ed4552e,info.archinnov.achilles.internals.parser.FieldParserTest.should_parse_tuple6,True
271,Achilles_e3099bdce342910951c4862c78751fd81ed4552e,info.archinnov.achilles.internals.parser.FieldParserTest.should_parse_json_codec_from_registry,True
272,Achilles_e3099bdce342910951c4862c78751fd81ed4552e,info.archinnov.achilles.internals.parser.FieldParserTest.should_parse_enumerated_codec_from_registry,True
286,Achilles_e3099bdce342910951c4862c78751fd81ed4552e,info.archinnov.achilles.internals.parser.FieldParserTest.should_fail_parsing_non_frozen_nested_udt,True
289,Achilles_e3099bdce342910951c4862c78751fd81ed4552e,info.archinnov.achilles.internals.parser.FieldParserTest.should_fail_parsing_clustering_column_in_udt,True
296,Achilles_e3099bdce342910951c4862c78751fd81ed4552e,info.archinnov.achilles.internals.parser.FieldParserTest.should_fail_parsing_SASI_standardAnalyzer_But_SPARSE,False
297,Achilles_e3099bdce342910951c4862c78751fd81ed4552e,info.archinnov.achilles.internals.parser.FieldParserTest.should_fail_parsing_SASI_standardAnalyzer_But_NotAnalyzed,False
304,Achilles_e3099bdce342910951c4862c78751fd81ed4552e,info.archinnov.achilles.internals.parser.FieldParserTest.should_fail_parsing_SASI_stemming_But_NotAnalyzed,False
309,Achilles_e3099bdce342910951c4862c78751fd81ed4552e,info.archinnov.achilles.internals.parser.FieldParserTest.should_fail_parsing_SASI_on_map,True
315,Achilles_e3099bdce342910951c4862c78751fd81ed4552e,info.archinnov.achilles.internals.parser.validator.TypeValidatorTest.should_validate_primitiveByte,True
328,Achilles_e3099bdce342910951c4862c78751fd81ed4552e,info.archinnov.achilles.internals.parser.validator.TypeValidatorTest.should_fail_on_invalidUpperBound,False
333,Achilles_e3099bdce342910951c4862c78751fd81ed4552e,info.archinnov.achilles.internals.parser.validator.BeanValidatorTest.should_fail_validating_class_without_default_constructor,True
338,Achilles_e3099bdce342910951c4862c78751fd81ed4552e,info.archinnov.achilles.internals.parser.validator.cassandra3_0.BeanValidator3_0Test.should_fail_validating_view_without_base_entity,False
352,Achilles_e3099bdce342910951c4862c78751fd81ed4552e,info.archinnov.achilles.internals.codegen.meta.EntityMetaCodeGenTest.should_build_entity_with_static_annotations,False
354,Achilles_e3099bdce342910951c4862c78751fd81ed4552e,info.archinnov.achilles.internals.codegen.meta.EntityMetaCodeGenTest.should_build_entity_with_complex_counter_types,False
356,Achilles_e3099bdce342910951c4862c78751fd81ed4552e,info.archinnov.achilles.internals.codegen.meta.EntityMetaCodeGenTest.should_build_entity_with_implicit_field_parsing,False
361,Achilles_e3099bdce342910951c4862c78751fd81ed4552e,info.archinnov.achilles.internals.codegen.meta.EntityMetaCodeGenTest.should_fail_building_class_with_no_public_constructor,False
366,Achilles_e3099bdce342910951c4862c78751fd81ed4552e,info.archinnov.achilles.internals.codegen.meta.EntityMetaCodeGenTest.should_fail_building_class_with_wrong_composite_partition_key_order,False
367,Achilles_e3099bdce342910951c4862c78751fd81ed4552e,info.archinnov.achilles.internals.codegen.meta.EntityMetaCodeGenTest.should_fail_building_class_with_wrong_clustering_column_order,False
376,Achilles_e3099bdce342910951c4862c78751fd81ed4552e,info.archinnov.achilles.internals.codegen.index.IndexSelectDSLCodeGenTest.should_generate_indexed_select_dsl_class_with_udt,True
398,Achilles_e3099bdce342910951c4862c78751fd81ed4552e,info.archinnov.achilles.it.bugs.MultiLayerNestingIT.should_handle_3_levels_of_nesting_udt,False
13,Achilles_e3099bdce342910951c4862c78751fd81ed4552e,info.archinnov.achilles.it.TestEntityWithSASIIndices.should_search_using_like,True
38,Achilles_e3099bdce342910951c4862c78751fd81ed4552e,info.archinnov.achilles.it.TestEntityWithDSESearch.should_search_numeric_eq,False
40,Achilles_e3099bdce342910951c4862c78751fd81ed4552e,info.archinnov.achilles.it.TestEntityWithDSESearch.should_search_numeric_gte,False
54,Achilles_e3099bdce342910951c4862c78751fd81ed4552e,info.archinnov.achilles.it.TestEntityWithDSESearch.should_search_date_gte_and_lt,True
58,Achilles_e3099bdce342910951c4862c78751fd81ed4552e,info.archinnov.achilles.it.TestEntityWithDSESearch.should_search_using_raw_solr_query,False
90,Achilles_e3099bdce342910951c4862c78751fd81ed4552e,info.archinnov.achilles.it.TestEntityWithComplexIndices.should_query_using_index_and_multi_clustering_columns_slice,True
94,Achilles_e3099bdce342910951c4862c78751fd81ed4552e,info.archinnov.achilles.it.TestEntityWithComplexTypes.should_insert,False
112,Achilles_e3099bdce342910951c4862c78751fd81ed4552e,info.archinnov.achilles.it.TestEntityWithStaticColumn.should_insert_static_if_not_exist,True
119,Achilles_e3099bdce342910951c4862c78751fd81ed4552e,info.archinnov.achilles.it.TestEntityWithDSESearchJSON.should_search_date_eq_JSON,False
120,Achilles_e3099bdce342910951c4862c78751fd81ed4552e,info.archinnov.achilles.it.TestEntityWithDSESearchJSON.should_search_using_solr_and_partition_JSON,False
135,Achilles_e3099bdce342910951c4862c78751fd81ed4552e,info.archinnov.achilles.internals.parser.AnnotationTreeTest.should_build_treemap_for_computed_annotation_javac,False
136,Achilles_e3099bdce342910951c4862c78751fd81ed4552e,info.archinnov.achilles.internals.parser.AnnotationTreeTest.should_build_treemap_for_computed_annotation_ecj,False
150,Achilles_e3099bdce342910951c4862c78751fd81ed4552e,info.archinnov.achilles.internals.parser.FunctionParserTest.should_fail_parsing_function_with_unsupported_return_type,False
168,Achilles_e3099bdce342910951c4862c78751fd81ed4552e,info.archinnov.achilles.internals.parser.FieldInfoParserTest.should_fail_if_both_clustering_and_static_column,True
194,Achilles_e3099bdce342910951c4862c78751fd81ed4552e,info.archinnov.achilles.internals.parser.FieldInfoParserTest.should_generate_field_info_for_map,True
195,Achilles_e3099bdce342910951c4862c78751fd81ed4552e,info.archinnov.achilles.internals.parser.FieldInfoParserTest.should_generate_field_info_for_column_with_no_setter,True
202,Achilles_e3099bdce342910951c4862c78751fd81ed4552e,info.archinnov.achilles.internals.parser.CodecFactoryTest.should_create_codec_for_object_byte_array,True
217,Achilles_e3099bdce342910951c4862c78751fd81ed4552e,info.archinnov.achilles.internals.parser.CodecFactoryTest.should_create_JavaType_for_parameterized_type,True
220,Achilles_e3099bdce342910951c4862c78751fd81ed4552e,info.archinnov.achilles.internals.parser.CodecFactoryTest.getFieldParsingContext,True
239,Achilles_e3099bdce342910951c4862c78751fd81ed4552e,info.archinnov.achilles.internals.parser.FieldParserTest.should_parse_string_type,False
244,Achilles_e3099bdce342910951c4862c78751fd81ed4552e,info.archinnov.achilles.internals.parser.FieldParserTest.should_parse_list_nesting,False
251,Achilles_e3099bdce342910951c4862c78751fd81ed4552e,info.archinnov.achilles.internals.parser.FieldParserTest.should_parse_tuple2,False
266,Achilles_e3099bdce342910951c4862c78751fd81ed4552e,info.archinnov.achilles.internals.parser.FieldParserTest.should_parse_nested_int_array,False
269,Achilles_e3099bdce342910951c4862c78751fd81ed4552e,info.archinnov.achilles.internals.parser.FieldParserTest.should_parse_runtime_codec,False
273,Achilles_e3099bdce342910951c4862c78751fd81ed4552e,info.archinnov.achilles.internals.parser.FieldParserTest.should_parse_codec_from_registry,False
292,Achilles_e3099bdce342910951c4862c78751fd81ed4552e,info.archinnov.achilles.internals.parser.FieldParserTest.should_fail_parsing_SASI_analyzed_but_not_string,False
311,Achilles_e3099bdce342910951c4862c78751fd81ed4552e,info.archinnov.achilles.internals.parser.FieldParserTest.should_fail_parsing_wrongtimeuuid,False
312,Achilles_e3099bdce342910951c4862c78751fd81ed4552e,info.archinnov.achilles.internals.parser.FieldParserTest.should_parse_ascii,False
329,Achilles_e3099bdce342910951c4862c78751fd81ed4552e,info.archinnov.achilles.internals.parser.validator.TypeValidatorTest.should_fail_on_invalidLowerBound,False
332,Achilles_e3099bdce342910951c4862c78751fd81ed4552e,info.archinnov.achilles.internals.parser.validator.BeanValidatorTest.should_fail_validating_an_abstract_class,True
336,Achilles_e3099bdce342910951c4862c78751fd81ed4552e,info.archinnov.achilles.internals.parser.validator.BeanValidatorTest.should_validate_entity_with_EntityCreator_constructor,True
349,Achilles_e3099bdce342910951c4862c78751fd81ed4552e,info.archinnov.achilles.internals.codegen.meta.EntityMetaCodeGenTest.should_build_entity_with_static_column,False
353,Achilles_e3099bdce342910951c4862c78751fd81ed4552e,info.archinnov.achilles.internals.codegen.meta.EntityMetaCodeGenTest.should_build_entity_with_complex_types,False
355,Achilles_e3099bdce342910951c4862c78751fd81ed4552e,info.archinnov.achilles.internals.codegen.meta.EntityMetaCodeGenTest.should_build_entity_with_complex_indices,False
357,Achilles_e3099bdce342910951c4862c78751fd81ed4552e,info.archinnov.achilles.internals.codegen.meta.EntityMetaCodeGenTest.should_build_entity_with_custom_constructor,False
378,Achilles_e3099bdce342910951c4862c78751fd81ed4552e,info.archinnov.achilles.type.TypedMapTest.should_build_typed_map_from_source,True
380,Achilles_e3099bdce342910951c4862c78751fd81ed4552e,info.archinnov.achilles.script.ScriptExecutorTest.should_build_statements_from_lines,False
382,Achilles_e3099bdce342910951c4862c78751fd81ed4552e,info.archinnov.achilles.script.ScriptExecutorTest.should_build_create_function_statements_from_lines_syntax_1,True
391,Achilles_e3099bdce342910951c4862c78751fd81ed4552e,info.archinnov.achilles.it.bugs.ConsistencyLevelOrderingIT.should_override_static_consistency_setting_by_runtime_value,False
393,Achilles_e3099bdce342910951c4862c78751fd81ed4552e,info.archinnov.achilles.it.bugs.NativeCollectionsCodecIT.should_insert_list_long,True
396,Achilles_e3099bdce342910951c4862c78751fd81ed4552e,info.archinnov.achilles.it.bugs.ValidateSchemaIT.should_fail_validating_schema_when_static_column_missing,True
397,Achilles_e3099bdce342910951c4862c78751fd81ed4552e,info.archinnov.achilles.it.bugs.ClassLevelTracing.should_activate_tracing_programmatically,False
0,Achilles_e3099bdce342910951c4862c78751fd81ed4552e,info.archinnov.achilles.it.TestEntityWithIndicesForJSON.should_query_using_simple_index_fromJSON,False
14,Achilles_e3099bdce342910951c4862c78751fd81ed4552e,info.archinnov.achilles.it.TestViewSensorByType.should_find_by_id,False
29,Achilles_e3099bdce342910951c4862c78751fd81ed4552e,info.archinnov.achilles.it.TestSchemaGenerator.should_use_schema_generator_and_append_to_string,False
30,Achilles_e3099bdce342910951c4862c78751fd81ed4552e,info.archinnov.achilles.it.TestSchemaGenerator.should_build_schema_for_simple_entity,False
46,Achilles_e3099bdce342910951c4862c78751fd81ed4552e,info.archinnov.achilles.it.TestEntityWithDSESearch.should_search_numeric_gte_and_lte,False
52,Achilles_e3099bdce342910951c4862c78751fd81ed4552e,info.archinnov.achilles.it.TestEntityWithDSESearch.should_search_date_gt_and_lt,False
63,Achilles_e3099bdce342910951c4862c78751fd81ed4552e,info.archinnov.achilles.it.TestEntityWithCompositePartitionKey.should_find,True
72,Achilles_e3099bdce342910951c4862c78751fd81ed4552e,info.archinnov.achilles.it.TestEntityWithCustomConstructorAndDeclaredFields.should_find_by_id,False
78,Achilles_e3099bdce342910951c4862c78751fd81ed4552e,info.archinnov.achilles.it.TestEntityWithCustomConstructor.should_find_by_id,False
101,Achilles_e3099bdce342910951c4862c78751fd81ed4552e,info.archinnov.achilles.it.TestEntityWithCounterColumn.should_delete_instance,True
117,Achilles_e3099bdce342910951c4862c78751fd81ed4552e,info.archinnov.achilles.it.TestEntityWithDSESearchJSON.should_search_text_eq_JSON,False
123,Achilles_e3099bdce342910951c4862c78751fd81ed4552e,info.archinnov.achilles.internals.parser.AnnotationTreeTest.should_build_annotation_tree_for_map_javac,False
126,Achilles_e3099bdce342910951c4862c78751fd81ed4552e,info.archinnov.achilles.internals.parser.AnnotationTreeTest.should_build_trees_for_other_fields_javac_ecj,False
137,Achilles_e3099bdce342910951c4862c78751fd81ed4552e,info.archinnov.achilles.internals.parser.AnnotationTreeTest.should_build_treemap_for_clustering_column_annotation_java,False
147,Achilles_e3099bdce342910951c4862c78751fd81ed4552e,info.archinnov.achilles.internals.parser.FunctionParserTest.should_parse_functions_with_complex_return_types_ecj,False
157,Achilles_e3099bdce342910951c4862c78751fd81ed4552e,info.archinnov.achilles.internals.parser.FunctionParserTest.should_fail_parsing_validating_nested_types,False
171,Achilles_e3099bdce342910951c4862c78751fd81ed4552e,info.archinnov.achilles.internals.parser.FieldInfoParserTest.should_fail_if_partition_key_order_zero,False
183,Achilles_e3099bdce342910951c4862c78751fd81ed4552e,info.archinnov.achilles.internals.parser.FieldInfoParserTest.should_build_map_key_index_info,True
209,Achilles_e3099bdce342910951c4862c78751fd81ed4552e,info.archinnov.achilles.internals.parser.CodecFactoryTest.should_create_codec_for_computed,False
228,Achilles_e3099bdce342910951c4862c78751fd81ed4552e,info.archinnov.achilles.internals.parser.EntityParserTest.should_fail_because_incorrect_field_type_for_declared_constructor_param_javac,False
246,Achilles_e3099bdce342910951c4862c78751fd81ed4552e,info.archinnov.achilles.internals.parser.FieldParserTest.should_parse_map_nesting,False
256,Achilles_e3099bdce342910951c4862c78751fd81ed4552e,info.archinnov.achilles.internals.parser.FieldParserTest.should_parse_tuple7,False
262,Achilles_e3099bdce342910951c4862c78751fd81ed4552e,info.archinnov.achilles.internals.parser.FieldParserTest.should_parse_list_udt,False
270,Achilles_e3099bdce342910951c4862c78751fd81ed4552e,info.archinnov.achilles.internals.parser.FieldParserTest.should_parse_simple_codec_from_registry,False
288,Achilles_e3099bdce342910951c4862c78751fd81ed4552e,info.archinnov.achilles.internals.parser.FieldParserTest.should_fail_parsing_partition_key_in_udt,False
298,Achilles_e3099bdce342910951c4862c78751fd81ed4552e,info.archinnov.achilles.internals.parser.FieldParserTest.should_fail_parsing_SASI_lowercase_But_Not_String,False
305,Achilles_e3099bdce342910951c4862c78751fd81ed4552e,info.archinnov.achilles.internals.parser.FieldParserTest.should_fail_parsing_SASI_stemming_But_NonTokeninzingAnalyzer,False
306,Achilles_e3099bdce342910951c4862c78751fd81ed4552e,info.archinnov.achilles.internals.parser.FieldParserTest.should_fail_parsing_SASI_SPARSE_But_String,False
320,Achilles_e3099bdce342910951c4862c78751fd81ed4552e,info.archinnov.achilles.internals.parser.validator.TypeValidatorTest.should_validate_setByte,False
321,Achilles_e3099bdce342910951c4862c78751fd81ed4552e,info.archinnov.achilles.internals.parser.validator.TypeValidatorTest.should_validate_mapByteArray,False
322,Achilles_e3099bdce342910951c4862c78751fd81ed4552e,info.archinnov.achilles.internals.parser.validator.TypeValidatorTest.should_validate_tuple1,False
340,Achilles_e3099bdce342910951c4862c78751fd81ed4552e,info.archinnov.achilles.internals.parser.validator.cassandra3_0.BeanValidator3_0Test.should_fail_validating_view_because_column_not_correct_type,False
369,Achilles_e3099bdce342910951c4862c78751fd81ed4552e,info.archinnov.achilles.internals.codegen.meta.EntityMetaCodeGenTest.should_fail_building_view_meta_with_entity_annotation,False
370,Achilles_e3099bdce342910951c4862c78751fd81ed4552e,info.archinnov.achilles.internals.codegen.meta.EntityMetaCodeGenTest.should_fail_building_view_meta_with_counter_column,False
377,Achilles_e3099bdce342910951c4862c78751fd81ed4552e,info.archinnov.achilles.internals.codegen.dsl.select.SelectDSLCodeGenTest.should_generate_select_dsl_class_for_udt_as_clustering,False
379,Achilles_e3099bdce342910951c4862c78751fd81ed4552e,info.archinnov.achilles.script.ScriptExecutorTest.should_load_script_as_lines,False
385,Achilles_e3099bdce342910951c4862c78751fd81ed4552e,info.archinnov.achilles.script.ScriptExecutorTest.should_build_create_function_statements_from_lines_syntax_4,True
21,Achilles_e3099bdce342910951c4862c78751fd81ed4552e,info.archinnov.achilles.it.TestSchemaGenerator.should_build_schema_for_entity_with_static_counter_column,False
37,Achilles_e3099bdce342910951c4862c78751fd81ed4552e,info.archinnov.achilles.it.TestEntityWithDSESearch.should_search_text_using_substring,False
47,Achilles_e3099bdce342910951c4862c78751fd81ed4552e,info.archinnov.achilles.it.TestEntityWithDSESearch.should_search_date_eq,False
48,Achilles_e3099bdce342910951c4862c78751fd81ed4552e,info.archinnov.achilles.it.TestEntityWithDSESearch.should_search_date_gt,False
50,Achilles_e3099bdce342910951c4862c78751fd81ed4552e,info.archinnov.achilles.it.TestEntityWithDSESearch.should_search_date_lt,False
51,Achilles_e3099bdce342910951c4862c78751fd81ed4552e,info.archinnov.achilles.it.TestEntityWithDSESearch.should_search_date_lte,False
61,Achilles_e3099bdce342910951c4862c78751fd81ed4552e,info.archinnov.achilles.it.TestEntityWithDSESearch.toString,False
64,Achilles_e3099bdce342910951c4862c78751fd81ed4552e,info.archinnov.achilles.it.TestEntityWithCompositePartitionKey.should_dsl_select_with_token_value,True
70,Achilles_e3099bdce342910951c4862c78751fd81ed4552e,info.archinnov.achilles.it.TestEntityWithStaticCounterColumn.should_delete_instance,True
76,Achilles_e3099bdce342910951c4862c78751fd81ed4552e,info.archinnov.achilles.it.TestEntityWithComplexTuple.should_insert,True
79,Achilles_e3099bdce342910951c4862c78751fd81ed4552e,info.archinnov.achilles.it.TestEntityWithCustomConstructor.should_dsl_select_one,False
86,Achilles_e3099bdce342910951c4862c78751fd81ed4552e,info.archinnov.achilles.it.TestEntityWithComplexIndices.should_query_using_map_key_entry,False
95,Achilles_e3099bdce342910951c4862c78751fd81ed4552e,info.archinnov.achilles.it.TestEntityWithComplexTypes.should_find,False
97,Achilles_e3099bdce342910951c4862c78751fd81ed4552e,info.archinnov.achilles.it.TestEntityWithComplexTypes.buildDate,False
102,Achilles_e3099bdce342910951c4862c78751fd81ed4552e,info.archinnov.achilles.it.TestEntityWithCounterColumn.should_dsl_delete,True
103,Achilles_e3099bdce342910951c4862c78751fd81ed4552e,info.archinnov.achilles.it.TestEntityWithStaticAnnotations.should_insert_using_static_insert_strategy_and_consistency_level,True
107,Achilles_e3099bdce342910951c4862c78751fd81ed4552e,info.archinnov.achilles.it.TestEntityWithStaticColumn.should_insert,False
114,Achilles_e3099bdce342910951c4862c78751fd81ed4552e,info.archinnov.achilles.it.TestEntityWithStaticColumn.should_dsl_select_static,False
129,Achilles_e3099bdce342910951c4862c78751fd81ed4552e,info.archinnov.achilles.internals.parser.AnnotationTreeTest.should_build_trees_map_with_nested_json_javac,False
130,Achilles_e3099bdce342910951c4862c78751fd81ed4552e,info.archinnov.achilles.internals.parser.AnnotationTreeTest.should_build_trees_map_with_nested_json_ecj,False
138,Achilles_e3099bdce342910951c4862c78751fd81ed4552e,info.archinnov.achilles.internals.parser.AnnotationTreeTest.should_build_treemap_for_clustering_column_annotation_ecj,False
139,Achilles_e3099bdce342910951c4862c78751fd81ed4552e,info.archinnov.achilles.internals.parser.AnnotationTreeTest.should_build_treemap_for_frozen_udt_annotation_ecj,False
140,Achilles_e3099bdce342910951c4862c78751fd81ed4552e,info.archinnov.achilles.internals.parser.AnnotationTreeTest.getAnnotationNames,False
149,Achilles_e3099bdce342910951c4862c78751fd81ed4552e,info.archinnov.achilles.internals.parser.FunctionParserTest.should_fail_parsing_function_with_unsupported_param_type,False
152,Achilles_e3099bdce342910951c4862c78751fd81ed4552e,info.archinnov.achilles.internals.parser.FunctionParserTest.should_fail_parsing_function_with_primitive_return_type,True
153,Achilles_e3099bdce342910951c4862c78751fd81ed4552e,info.archinnov.achilles.internals.parser.FunctionParserTest.should_fail_parsing_function_forbidden_keyspace_name,False
161,Achilles_e3099bdce342910951c4862c78751fd81ed4552e,info.archinnov.achilles.internals.parser.FieldInfoParserTest.should_build_computed_column_type,True
166,Achilles_e3099bdce342910951c4862c78751fd81ed4552e,info.archinnov.achilles.internals.parser.FieldInfoParserTest.should_fail_if_both_partition_and_static_column,False
174,Achilles_e3099bdce342910951c4862c78751fd81ed4552e,info.archinnov.achilles.internals.parser.FieldInfoParserTest.should_build_clustering_column_info,True
201,Achilles_e3099bdce342910951c4862c78751fd81ed4552e,info.archinnov.achilles.internals.parser.CodecFactoryTest.should_create_codec_for_transformed_int,False
204,Achilles_e3099bdce342910951c4862c78751fd81ed4552e,info.archinnov.achilles.internals.parser.CodecFactoryTest.should_create_codec_for_object_byte,False
210,Achilles_e3099bdce342910951c4862c78751fd81ed4552e,info.archinnov.achilles.internals.parser.CodecFactoryTest.should_create_native_codec_for_computed,False
216,Achilles_e3099bdce342910951c4862c78751fd81ed4552e,info.archinnov.achilles.internals.parser.CodecFactoryTest.should_create_JavaType_for_simple_type,False
253,Achilles_e3099bdce342910951c4862c78751fd81ed4552e,info.archinnov.achilles.internals.parser.FieldParserTest.should_parse_tuple4,False
278,Achilles_e3099bdce342910951c4862c78751fd81ed4552e,info.archinnov.achilles.internals.parser.FieldParserTest.should_parse_list_optional_string,False
281,Achilles_e3099bdce342910951c4862c78751fd81ed4552e,info.archinnov.achilles.internals.parser.FieldParserTest.should_parse_jdk8_instant,False
284,Achilles_e3099bdce342910951c4862c78751fd81ed4552e,info.archinnov.achilles.internals.parser.FieldParserTest.should_parse_jdk8_zoned_date_time,False
295,Achilles_e3099bdce342910951c4862c78751fd81ed4552e,info.archinnov.achilles.internals.parser.FieldParserTest.should_fail_parsing_SASI_standardAnalyzer_Not_String,False
299,Achilles_e3099bdce342910951c4862c78751fd81ed4552e,info.archinnov.achilles.internals.parser.FieldParserTest.should_fail_parsing_SASI_lowercase_But_SPARSE,False
307,Achilles_e3099bdce342910951c4862c78751fd81ed4552e,info.archinnov.achilles.internals.parser.FieldParserTest.should_fail_parsing_SASI_on_list,False
310,Achilles_e3099bdce342910951c4862c78751fd81ed4552e,info.archinnov.achilles.internals.parser.FieldParserTest.should_parse_timeuuid,False
319,Achilles_e3099bdce342910951c4862c78751fd81ed4552e,info.archinnov.achilles.internals.parser.validator.TypeValidatorTest.should_validate_listString,False
325,Achilles_e3099bdce342910951c4862c78751fd81ed4552e,info.archinnov.achilles.internals.parser.validator.TypeValidatorTest.should_validate_tupleValue,False
327,Achilles_e3099bdce342910951c4862c78751fd81ed4552e,info.archinnov.achilles.internals.parser.validator.TypeValidatorTest.should_fail_on_invalidTypeNestedType,False
334,Achilles_e3099bdce342910951c4862c78751fd81ed4552e,info.archinnov.achilles.internals.parser.validator.BeanValidatorTest.should_fail_validating_class_with_two_custom_constructors,True
364,Achilles_e3099bdce342910951c4862c78751fd81ed4552e,info.archinnov.achilles.internals.codegen.meta.EntityMetaCodeGenTest.should_fail_building_class_with_static_without_clustering,False
373,Achilles_e3099bdce342910951c4862c78751fd81ed4552e,info.archinnov.achilles.internals.codegen.meta.UDTMetaCodeGenTest.should_generate_udt_property_class,True
395,Achilles_e3099bdce342910951c4862c78751fd81ed4552e,info.archinnov.achilles.it.bugs.ValidateSchemaIT.should_fail_validating_schema_when_clustering_column_missing,False
