48599,http-request_2d62a3e9da726942a93cf16b6e91c0187e6c0136,com.github.kevinsawicki.http.HttpRequestTest.getUrlEncodedWithPercent,False
48615,http-request_2d62a3e9da726942a93cf16b6e91c0187e6c0136,com.github.kevinsawicki.http.HttpRequestTest.postNonEmptyReader,False
48619,http-request_2d62a3e9da726942a93cf16b6e91c0187e6c0136,com.github.kevinsawicki.http.HttpRequestTest.postForm,False
48626,http-request_2d62a3e9da726942a93cf16b6e91c0187e6c0136,com.github.kevinsawicki.http.HttpRequestTest.basicAuthentication,False
48640,http-request_2d62a3e9da726942a93cf16b6e91c0187e6c0136,com.github.kevinsawicki.http.HttpRequestTest.handle,True
48645,http-request_2d62a3e9da726942a93cf16b6e91c0187e6c0136,com.github.kevinsawicki.http.HttpRequestTest.contentTypeHeader,True
48662,http-request_2d62a3e9da726942a93cf16b6e91c0187e6c0136,com.github.kevinsawicki.http.HttpRequestTest.refererHeader,False
48679,http-request_2d62a3e9da726942a93cf16b6e91c0187e6c0136,com.github.kevinsawicki.http.HttpRequestTest.sendErrorCloseStream,True
48683,http-request_2d62a3e9da726942a93cf16b6e91c0187e6c0136,com.github.kevinsawicki.http.HttpRequestTest.getToOutputBodyWithCharset,True
48684,http-request_2d62a3e9da726942a93cf16b6e91c0187e6c0136,com.github.kevinsawicki.http.HttpRequestTest.getGzipped,False
48687,http-request_2d62a3e9da726942a93cf16b6e91c0187e6c0136,com.github.kevinsawicki.http.HttpRequestTest.handle,True
48688,http-request_2d62a3e9da726942a93cf16b6e91c0187e6c0136,com.github.kevinsawicki.http.HttpRequestTest.getHeaders,False
48691,http-request_2d62a3e9da726942a93cf16b6e91c0187e6c0136,com.github.kevinsawicki.http.HttpRequestTest.getMultipleParameters,False
48697,http-request_2d62a3e9da726942a93cf16b6e91c0187e6c0136,com.github.kevinsawicki.http.HttpRequestTest.getEmptyParameters,False
48707,http-request_2d62a3e9da726942a93cf16b6e91c0187e6c0136,com.github.kevinsawicki.http.HttpRequestTest.postWithMappedQueryParams,False
48708,http-request_2d62a3e9da726942a93cf16b6e91c0187e6c0136,com.github.kevinsawicki.http.HttpRequestTest.handle,True
48716,http-request_2d62a3e9da726942a93cf16b6e91c0187e6c0136,com.github.kevinsawicki.http.HttpRequestTest.getWithEscapedVarargsQueryParams,False
48720,http-request_2d62a3e9da726942a93cf16b6e91c0187e6c0136,com.github.kevinsawicki.http.HttpRequestTest.deleteWithEscapedVarargsQueryParams,False
48745,http-request_2d62a3e9da726942a93cf16b6e91c0187e6c0136,com.github.kevinsawicki.http.HttpRequestTest.appendWithVarargsQueryParamsWithExistingParams,False
48759,http-request_2d62a3e9da726942a93cf16b6e91c0187e6c0136,com.github.kevinsawicki.http.HttpRequestTest.nullConnectionFactory,True
48767,http-request_2d62a3e9da726942a93cf16b6e91c0187e6c0136,com.github.kevinsawicki.http.HttpRequestTest.uploadProgressSendByteArray,False
48587,http-request_2d62a3e9da726942a93cf16b6e91c0187e6c0136,com.github.kevinsawicki.http.HttpRequestTest.handle,True
48588,http-request_2d62a3e9da726942a93cf16b6e91c0187e6c0136,com.github.kevinsawicki.http.HttpRequestTest.handle,True
48591,http-request_2d62a3e9da726942a93cf16b6e91c0187e6c0136,com.github.kevinsawicki.http.HttpRequestTest.malformedStringUrlCause,True
48604,http-request_2d62a3e9da726942a93cf16b6e91c0187e6c0136,com.github.kevinsawicki.http.HttpRequestTest.headEmpty,False
48608,http-request_2d62a3e9da726942a93cf16b6e91c0187e6c0136,com.github.kevinsawicki.http.HttpRequestTest.traceEmpty,False
48631,http-request_2d62a3e9da726942a93cf16b6e91c0187e6c0136,com.github.kevinsawicki.http.HttpRequestTest.getBufferedReader,False
48632,http-request_2d62a3e9da726942a93cf16b6e91c0187e6c0136,com.github.kevinsawicki.http.HttpRequestTest.getReaderWithCharset,False
48650,http-request_2d62a3e9da726942a93cf16b6e91c0187e6c0136,com.github.kevinsawicki.http.HttpRequestTest.headers,False
48656,http-request_2d62a3e9da726942a93cf16b6e91c0187e6c0136,com.github.kevinsawicki.http.HttpRequestTest.acceptHeader,False
48663,http-request_2d62a3e9da726942a93cf16b6e91c0187e6c0136,com.github.kevinsawicki.http.HttpRequestTest.postMultipart,False
48665,http-request_2d62a3e9da726942a93cf16b6e91c0187e6c0136,com.github.kevinsawicki.http.HttpRequestTest.postMultipartWithContentType,False
48677,http-request_2d62a3e9da726942a93cf16b6e91c0187e6c0136,com.github.kevinsawicki.http.HttpRequestTest.read,True
48695,http-request_2d62a3e9da726942a93cf16b6e91c0187e6c0136,com.github.kevinsawicki.http.HttpRequestTest.getParameterFromMissingHeader,False
48698,http-request_2d62a3e9da726942a93cf16b6e91c0187e6c0136,com.github.kevinsawicki.http.HttpRequestTest.getParameters,False
48702,http-request_2d62a3e9da726942a93cf16b6e91c0187e6c0136,com.github.kevinsawicki.http.HttpRequestTest.malformedDateHeader,True
48711,http-request_2d62a3e9da726942a93cf16b6e91c0187e6c0136,com.github.kevinsawicki.http.HttpRequestTest.postWithEscapedVarargsQueryParams,False
48712,http-request_2d62a3e9da726942a93cf16b6e91c0187e6c0136,com.github.kevinsawicki.http.HttpRequestTest.postWithNumericQueryParams,False
48713,http-request_2d62a3e9da726942a93cf16b6e91c0187e6c0136,com.github.kevinsawicki.http.HttpRequestTest.getWithMappedQueryParams,False
48718,http-request_2d62a3e9da726942a93cf16b6e91c0187e6c0136,com.github.kevinsawicki.http.HttpRequestTest.deleteWithVarargsQueryParams,False
48722,http-request_2d62a3e9da726942a93cf16b6e91c0187e6c0136,com.github.kevinsawicki.http.HttpRequestTest.putWithVarargsQueryParams,False
48741,http-request_2d62a3e9da726942a93cf16b6e91c0187e6c0136,com.github.kevinsawicki.http.HttpRequestTest.appendOddNumberOfParams,True
48757,http-request_2d62a3e9da726942a93cf16b6e91c0187e6c0136,com.github.kevinsawicki.http.HttpRequestTest.create,True
48769,http-request_2d62a3e9da726942a93cf16b6e91c0187e6c0136,com.github.kevinsawicki.http.HttpRequestTest.nullUploadProgress,False
48592,http-request_2d62a3e9da726942a93cf16b6e91c0187e6c0136,com.github.kevinsawicki.http.HttpRequestTest.negativeBufferSize,True
48612,http-request_2d62a3e9da726942a93cf16b6e91c0187e6c0136,com.github.kevinsawicki.http.HttpRequestTest.postNonEmptyString,True
48635,http-request_2d62a3e9da726942a93cf16b6e91c0187e6c0136,com.github.kevinsawicki.http.HttpRequestTest.noError,True
48669,http-request_2d62a3e9da726942a93cf16b6e91c0187e6c0136,com.github.kevinsawicki.http.HttpRequestTest.receivePrintStream,True
48676,http-request_2d62a3e9da726942a93cf16b6e91c0187e6c0136,com.github.kevinsawicki.http.HttpRequestTest.sendErrorReadStream,True
48682,http-request_2d62a3e9da726942a93cf16b6e91c0187e6c0136,com.github.kevinsawicki.http.HttpRequestTest.getToOutputBody,True
48693,http-request_2d62a3e9da726942a93cf16b6e91c0187e6c0136,com.github.kevinsawicki.http.HttpRequestTest.getMultipleParametersQuoted,False
48696,http-request_2d62a3e9da726942a93cf16b6e91c0187e6c0136,com.github.kevinsawicki.http.HttpRequestTest.getEmptyParameter,False
48699,http-request_2d62a3e9da726942a93cf16b6e91c0187e6c0136,com.github.kevinsawicki.http.HttpRequestTest.getQuotedParameters,False
48700,http-request_2d62a3e9da726942a93cf16b6e91c0187e6c0136,com.github.kevinsawicki.http.HttpRequestTest.getMixQuotedParameters,False
48709,http-request_2d62a3e9da726942a93cf16b6e91c0187e6c0136,com.github.kevinsawicki.http.HttpRequestTest.postWithVaragsQueryParams,False
48715,http-request_2d62a3e9da726942a93cf16b6e91c0187e6c0136,com.github.kevinsawicki.http.HttpRequestTest.getWithEscapedMappedQueryParams,False
48724,http-request_2d62a3e9da726942a93cf16b6e91c0187e6c0136,com.github.kevinsawicki.http.HttpRequestTest.putWithEscapedVarargsQueryParams,False
48731,http-request_2d62a3e9da726942a93cf16b6e91c0187e6c0136,com.github.kevinsawicki.http.HttpRequestTest.appendMappedQueryParamsWithPath,False
48737,http-request_2d62a3e9da726942a93cf16b6e91c0187e6c0136,com.github.kevinsawicki.http.HttpRequestTest.appendEmptyMappedQueryParams,True
48746,http-request_2d62a3e9da726942a93cf16b6e91c0187e6c0136,com.github.kevinsawicki.http.HttpRequestTest.appendArrayQueryParams,False
48749,http-request_2d62a3e9da726942a93cf16b6e91c0187e6c0136,com.github.kevinsawicki.http.HttpRequestTest.badRequestCode,True
48751,http-request_2d62a3e9da726942a93cf16b6e91c0187e6c0136,com.github.kevinsawicki.http.HttpRequestTest.sendReceiveWithoutCode,True
48763,http-request_2d62a3e9da726942a93cf16b6e91c0187e6c0136,com.github.kevinsawicki.http.HttpRequestTest.handle,True
48589,http-request_2d62a3e9da726942a93cf16b6e91c0187e6c0136,com.github.kevinsawicki.http.HttpRequestTest.clearHandler,True
48593,http-request_2d62a3e9da726942a93cf16b6e91c0187e6c0136,com.github.kevinsawicki.http.HttpRequestTest.getEmpty,False
48613,http-request_2d62a3e9da726942a93cf16b6e91c0187e6c0136,com.github.kevinsawicki.http.HttpRequestTest.postNonEmptyFile,False
48618,http-request_2d62a3e9da726942a93cf16b6e91c0187e6c0136,com.github.kevinsawicki.http.HttpRequestTest.handle,True
48621,http-request_2d62a3e9da726942a93cf16b6e91c0187e6c0136,com.github.kevinsawicki.http.HttpRequestTest.postEmptyForm,False
48641,http-request_2d62a3e9da726942a93cf16b6e91c0187e6c0136,com.github.kevinsawicki.http.HttpRequestTest.dateHeader,True
48651,http-request_2d62a3e9da726942a93cf16b6e91c0187e6c0136,com.github.kevinsawicki.http.HttpRequestTest.emptyHeaders,True
48666,http-request_2d62a3e9da726942a93cf16b6e91c0187e6c0136,com.github.kevinsawicki.http.HttpRequestTest.receiveAppendable,False
48672,http-request_2d62a3e9da726942a93cf16b6e91c0187e6c0136,com.github.kevinsawicki.http.HttpRequestTest.httpTrust,True
48678,http-request_2d62a3e9da726942a93cf16b6e91c0187e6c0136,com.github.kevinsawicki.http.HttpRequestTest.close,True
48689,http-request_2d62a3e9da726942a93cf16b6e91c0187e6c0136,com.github.kevinsawicki.http.HttpRequestTest.getEmptyHeaders,False
48690,http-request_2d62a3e9da726942a93cf16b6e91c0187e6c0136,com.github.kevinsawicki.http.HttpRequestTest.getSingleParameter,False
48705,http-request_2d62a3e9da726942a93cf16b6e91c0187e6c0136,com.github.kevinsawicki.http.HttpRequestTest.postFormAsEntries,False
48721,http-request_2d62a3e9da726942a93cf16b6e91c0187e6c0136,com.github.kevinsawicki.http.HttpRequestTest.putWithMappedQueryParams,False
48728,http-request_2d62a3e9da726942a93cf16b6e91c0187e6c0136,com.github.kevinsawicki.http.HttpRequestTest.headWithEscapedVarargsQueryParams,False
48743,http-request_2d62a3e9da726942a93cf16b6e91c0187e6c0136,com.github.kevinsawicki.http.HttpRequestTest.appendVarargsQueryParamsWithExistingQueryStart,True
48752,http-request_2d62a3e9da726942a93cf16b6e91c0187e6c0136,com.github.kevinsawicki.http.HttpRequestTest.handle,True
48764,http-request_2d62a3e9da726942a93cf16b6e91c0187e6c0136,com.github.kevinsawicki.http.HttpRequestTest.uploadProgressSend,False
48586,http-request_2d62a3e9da726942a93cf16b6e91c0187e6c0136,com.github.kevinsawicki.http.HttpRequestTest.startServer,True
48601,http-request_2d62a3e9da726942a93cf16b6e91c0187e6c0136,com.github.kevinsawicki.http.HttpRequestTest.deleteUrlEmpty,False
48602,http-request_2d62a3e9da726942a93cf16b6e91c0187e6c0136,com.github.kevinsawicki.http.HttpRequestTest.optionsEmpty,False
48605,http-request_2d62a3e9da726942a93cf16b6e91c0187e6c0136,com.github.kevinsawicki.http.HttpRequestTest.headUrlEmpty,False
48610,http-request_2d62a3e9da726942a93cf16b6e91c0187e6c0136,com.github.kevinsawicki.http.HttpRequestTest.postEmpty,False
48617,http-request_2d62a3e9da726942a93cf16b6e91c0187e6c0136,com.github.kevinsawicki.http.HttpRequestTest.postWithLength,False
48623,http-request_2d62a3e9da726942a93cf16b6e91c0187e6c0136,com.github.kevinsawicki.http.HttpRequestTest.getNonEmptyString,False
48628,http-request_2d62a3e9da726942a93cf16b6e91c0187e6c0136,com.github.kevinsawicki.http.HttpRequestTest.basicProxyAuthentication,False
48634,http-request_2d62a3e9da726942a93cf16b6e91c0187e6c0136,com.github.kevinsawicki.http.HttpRequestTest.getError,False
48636,http-request_2d62a3e9da726942a93cf16b6e91c0187e6c0136,com.github.kevinsawicki.http.HttpRequestTest.handle,True
48637,http-request_2d62a3e9da726942a93cf16b6e91c0187e6c0136,com.github.kevinsawicki.http.HttpRequestTest.serverHeader,True
48638,http-request_2d62a3e9da726942a93cf16b6e91c0187e6c0136,com.github.kevinsawicki.http.HttpRequestTest.expiresHeader,True
48644,http-request_2d62a3e9da726942a93cf16b6e91c0187e6c0136,com.github.kevinsawicki.http.HttpRequestTest.contentEncodingHeader,True
48653,http-request_2d62a3e9da726942a93cf16b6e91c0187e6c0136,com.github.kevinsawicki.http.HttpRequestTest.handle,True
48657,http-request_2d62a3e9da726942a93cf16b6e91c0187e6c0136,com.github.kevinsawicki.http.HttpRequestTest.acceptJson,False
48659,http-request_2d62a3e9da726942a93cf16b6e91c0187e6c0136,com.github.kevinsawicki.http.HttpRequestTest.acceptCharsetHeader,False
48660,http-request_2d62a3e9da726942a93cf16b6e91c0187e6c0136,com.github.kevinsawicki.http.HttpRequestTest.acceptEncodingHeader,False
48664,http-request_2d62a3e9da726942a93cf16b6e91c0187e6c0136,com.github.kevinsawicki.http.HttpRequestTest.handle,True
48671,http-request_2d62a3e9da726942a93cf16b6e91c0187e6c0136,com.github.kevinsawicki.http.HttpRequestTest.httpsTrust,True
48685,http-request_2d62a3e9da726942a93cf16b6e91c0187e6c0136,com.github.kevinsawicki.http.HttpRequestTest.handle,True
48723,http-request_2d62a3e9da726942a93cf16b6e91c0187e6c0136,com.github.kevinsawicki.http.HttpRequestTest.putWithEscapedMappedQueryParams,False
48727,http-request_2d62a3e9da726942a93cf16b6e91c0187e6c0136,com.github.kevinsawicki.http.HttpRequestTest.headWithEscapedMappedQueryParams,False
48732,http-request_2d62a3e9da726942a93cf16b6e91c0187e6c0136,com.github.kevinsawicki.http.HttpRequestTest.appendVarargsQueryParamsWithPath,False
48742,http-request_2d62a3e9da726942a93cf16b6e91c0187e6c0136,com.github.kevinsawicki.http.HttpRequestTest.appendMappedQueryParamsWithExistingQueryStart,True
48748,http-request_2d62a3e9da726942a93cf16b6e91c0187e6c0136,com.github.kevinsawicki.http.HttpRequestTest.serverErrorCode,False
48753,http-request_2d62a3e9da726942a93cf16b6e91c0187e6c0136,com.github.kevinsawicki.http.HttpRequestTest.sendHeadersWithoutCode,False
48755,http-request_2d62a3e9da726942a93cf16b6e91c0187e6c0136,com.github.kevinsawicki.http.HttpRequestTest.sendIntHeaderWithoutCode,False
48597,http-request_2d62a3e9da726942a93cf16b6e91c0187e6c0136,com.github.kevinsawicki.http.HttpRequestTest.getUrlEncodedWithSpace,False
48603,http-request_2d62a3e9da726942a93cf16b6e91c0187e6c0136,com.github.kevinsawicki.http.HttpRequestTest.optionsUrlEmpty,False
48606,http-request_2d62a3e9da726942a93cf16b6e91c0187e6c0136,com.github.kevinsawicki.http.HttpRequestTest.putEmpty,False
48624,http-request_2d62a3e9da726942a93cf16b6e91c0187e6c0136,com.github.kevinsawicki.http.HttpRequestTest.getWithResponseCharset,False
48629,http-request_2d62a3e9da726942a93cf16b6e91c0187e6c0136,com.github.kevinsawicki.http.HttpRequestTest.getReader,False
48642,http-request_2d62a3e9da726942a93cf16b6e91c0187e6c0136,com.github.kevinsawicki.http.HttpRequestTest.eTagHeader,True
48649,http-request_2d62a3e9da726942a93cf16b6e91c0187e6c0136,com.github.kevinsawicki.http.HttpRequestTest.cacheControlHeader,True
48661,http-request_2d62a3e9da726942a93cf16b6e91c0187e6c0136,com.github.kevinsawicki.http.HttpRequestTest.ifModifiedSinceHeader,False
48673,http-request_2d62a3e9da726942a93cf16b6e91c0187e6c0136,com.github.kevinsawicki.http.HttpRequestTest.verifierAccepts,False
48680,http-request_2d62a3e9da726942a93cf16b6e91c0187e6c0136,com.github.kevinsawicki.http.HttpRequestTest.read,True
48681,http-request_2d62a3e9da726942a93cf16b6e91c0187e6c0136,com.github.kevinsawicki.http.HttpRequestTest.getToOutputCode,True
48692,http-request_2d62a3e9da726942a93cf16b6e91c0187e6c0136,com.github.kevinsawicki.http.HttpRequestTest.getSingleParameterQuoted,False
48733,http-request_2d62a3e9da726942a93cf16b6e91c0187e6c0136,com.github.kevinsawicki.http.HttpRequestTest.appendMultipleMappedQueryParams,True
48762,http-request_2d62a3e9da726942a93cf16b6e91c0187e6c0136,com.github.kevinsawicki.http.HttpRequestTest.bodyOfNonEmptyErrorResponse,True
48594,http-request_2d62a3e9da726942a93cf16b6e91c0187e6c0136,com.github.kevinsawicki.http.HttpRequestTest.handle,True
48598,http-request_2d62a3e9da726942a93cf16b6e91c0187e6c0136,com.github.kevinsawicki.http.HttpRequestTest.getUrlEncodedWithUnicode,False
48633,http-request_2d62a3e9da726942a93cf16b6e91c0187e6c0136,com.github.kevinsawicki.http.HttpRequestTest.getBytes,False
48647,http-request_2d62a3e9da726942a93cf16b6e91c0187e6c0136,com.github.kevinsawicki.http.HttpRequestTest.requestContentTypeNullCharset,False
48648,http-request_2d62a3e9da726942a93cf16b6e91c0187e6c0136,com.github.kevinsawicki.http.HttpRequestTest.requestContentTypeEmptyCharset,False
48674,http-request_2d62a3e9da726942a93cf16b6e91c0187e6c0136,com.github.kevinsawicki.http.HttpRequestTest.singleVerifier,False
48694,http-request_2d62a3e9da726942a93cf16b6e91c0187e6c0136,com.github.kevinsawicki.http.HttpRequestTest.getMissingParameter,False
48701,http-request_2d62a3e9da726942a93cf16b6e91c0187e6c0136,com.github.kevinsawicki.http.HttpRequestTest.missingDateHeader,True
48703,http-request_2d62a3e9da726942a93cf16b6e91c0187e6c0136,com.github.kevinsawicki.http.HttpRequestTest.missingIntHeader,True
48710,http-request_2d62a3e9da726942a93cf16b6e91c0187e6c0136,com.github.kevinsawicki.http.HttpRequestTest.postWithEscapedMappedQueryParams,False
48740,http-request_2d62a3e9da726942a93cf16b6e91c0187e6c0136,com.github.kevinsawicki.http.HttpRequestTest.appendWithNullVaragsQueryParamValues,True
48766,http-request_2d62a3e9da726942a93cf16b6e91c0187e6c0136,com.github.kevinsawicki.http.HttpRequestTest.uploadProgressSendInputStream,False
48768,http-request_2d62a3e9da726942a93cf16b6e91c0187e6c0136,com.github.kevinsawicki.http.HttpRequestTest.uploadProgressSendReader,False
48607,http-request_2d62a3e9da726942a93cf16b6e91c0187e6c0136,com.github.kevinsawicki.http.HttpRequestTest.putUrlEmpty,False
48620,http-request_2d62a3e9da726942a93cf16b6e91c0187e6c0136,com.github.kevinsawicki.http.HttpRequestTest.postFormWithNoCharset,False
48652,http-request_2d62a3e9da726942a93cf16b6e91c0187e6c0136,com.github.kevinsawicki.http.HttpRequestTest.getAllHeaders,False
48654,http-request_2d62a3e9da726942a93cf16b6e91c0187e6c0136,com.github.kevinsawicki.http.HttpRequestTest.numberHeader,False
48658,http-request_2d62a3e9da726942a93cf16b6e91c0187e6c0136,com.github.kevinsawicki.http.HttpRequestTest.ifNoneMatchHeader,True
48670,http-request_2d62a3e9da726942a93cf16b6e91c0187e6c0136,com.github.kevinsawicki.http.HttpRequestTest.receiveFile,True
48704,http-request_2d62a3e9da726942a93cf16b6e91c0187e6c0136,com.github.kevinsawicki.http.HttpRequestTest.malformedIntHeader,True
48717,http-request_2d62a3e9da726942a93cf16b6e91c0187e6c0136,com.github.kevinsawicki.http.HttpRequestTest.deleteWithMappedQueryParams,False
48729,http-request_2d62a3e9da726942a93cf16b6e91c0187e6c0136,com.github.kevinsawicki.http.HttpRequestTest.appendMappedQueryParamsWithNoPath,True
48730,http-request_2d62a3e9da726942a93cf16b6e91c0187e6c0136,com.github.kevinsawicki.http.HttpRequestTest.appendVarargsQueryParmasWithNoPath,True
48747,http-request_2d62a3e9da726942a93cf16b6e91c0187e6c0136,com.github.kevinsawicki.http.HttpRequestTest.appendListQueryParams,False
48765,http-request_2d62a3e9da726942a93cf16b6e91c0187e6c0136,com.github.kevinsawicki.http.HttpRequestTest.onUpload,False
48595,http-request_2d62a3e9da726942a93cf16b6e91c0187e6c0136,com.github.kevinsawicki.http.HttpRequestTest.getUrlEmpty,False
48600,http-request_2d62a3e9da726942a93cf16b6e91c0187e6c0136,com.github.kevinsawicki.http.HttpRequestTest.deleteEmpty,False
48609,http-request_2d62a3e9da726942a93cf16b6e91c0187e6c0136,com.github.kevinsawicki.http.HttpRequestTest.traceUrlEmpty,False
48611,http-request_2d62a3e9da726942a93cf16b6e91c0187e6c0136,com.github.kevinsawicki.http.HttpRequestTest.postUrlEmpty,False
48622,http-request_2d62a3e9da726942a93cf16b6e91c0187e6c0136,com.github.kevinsawicki.http.HttpRequestTest.chunkPost,False
48625,http-request_2d62a3e9da726942a93cf16b6e91c0187e6c0136,com.github.kevinsawicki.http.HttpRequestTest.getWithResponseCharsetAsSecondParam,False
48668,http-request_2d62a3e9da726942a93cf16b6e91c0187e6c0136,com.github.kevinsawicki.http.HttpRequestTest.receiveWriter,False
48725,http-request_2d62a3e9da726942a93cf16b6e91c0187e6c0136,com.github.kevinsawicki.http.HttpRequestTest.headWithMappedQueryParams,False
48726,http-request_2d62a3e9da726942a93cf16b6e91c0187e6c0136,com.github.kevinsawicki.http.HttpRequestTest.headWithVaragsQueryParams,False
48736,http-request_2d62a3e9da726942a93cf16b6e91c0187e6c0136,com.github.kevinsawicki.http.HttpRequestTest.appendNullVaragsQueryParams,True
48738,http-request_2d62a3e9da726942a93cf16b6e91c0187e6c0136,com.github.kevinsawicki.http.HttpRequestTest.appendEmptyVarargsQueryParams,True
48744,http-request_2d62a3e9da726942a93cf16b6e91c0187e6c0136,com.github.kevinsawicki.http.HttpRequestTest.appendMappedQueryParamsWithExistingParams,False
48750,http-request_2d62a3e9da726942a93cf16b6e91c0187e6c0136,com.github.kevinsawicki.http.HttpRequestTest.notModifiedCode,False
48758,http-request_2d62a3e9da726942a93cf16b6e91c0187e6c0136,com.github.kevinsawicki.http.HttpRequestTest.create,True
48761,http-request_2d62a3e9da726942a93cf16b6e91c0187e6c0136,com.github.kevinsawicki.http.HttpRequestTest.bodyOfEmptyErrorResponse,True
48590,http-request_2d62a3e9da726942a93cf16b6e91c0187e6c0136,com.github.kevinsawicki.http.HttpRequestTest.malformedStringUrl,True
48596,http-request_2d62a3e9da726942a93cf16b6e91c0187e6c0136,com.github.kevinsawicki.http.HttpRequestTest.getNoContent,False
48614,http-request_2d62a3e9da726942a93cf16b6e91c0187e6c0136,com.github.kevinsawicki.http.HttpRequestTest.postMultipleFiles,False
48616,http-request_2d62a3e9da726942a93cf16b6e91c0187e6c0136,com.github.kevinsawicki.http.HttpRequestTest.postNonEmptyByteArray,False
48627,http-request_2d62a3e9da726942a93cf16b6e91c0187e6c0136,com.github.kevinsawicki.http.HttpRequestTest.handle,True
48630,http-request_2d62a3e9da726942a93cf16b6e91c0187e6c0136,com.github.kevinsawicki.http.HttpRequestTest.sendWithWriter,False
48639,http-request_2d62a3e9da726942a93cf16b6e91c0187e6c0136,com.github.kevinsawicki.http.HttpRequestTest.lastModifiedHeader,True
48643,http-request_2d62a3e9da726942a93cf16b6e91c0187e6c0136,com.github.kevinsawicki.http.HttpRequestTest.locationHeader,True
48646,http-request_2d62a3e9da726942a93cf16b6e91c0187e6c0136,com.github.kevinsawicki.http.HttpRequestTest.requestContentType,False
48655,http-request_2d62a3e9da726942a93cf16b6e91c0187e6c0136,com.github.kevinsawicki.http.HttpRequestTest.userAgentHeader,False
48667,http-request_2d62a3e9da726942a93cf16b6e91c0187e6c0136,com.github.kevinsawicki.http.HttpRequestTest.handle,True
48675,http-request_2d62a3e9da726942a93cf16b6e91c0187e6c0136,com.github.kevinsawicki.http.HttpRequestTest.singleSslSocketFactory,False
48686,http-request_2d62a3e9da726942a93cf16b6e91c0187e6c0136,com.github.kevinsawicki.http.HttpRequestTest.getNonGzippedWithUncompressEnabled,False
48706,http-request_2d62a3e9da726942a93cf16b6e91c0187e6c0136,com.github.kevinsawicki.http.HttpRequestTest.postFormEntryWithNullValue,False
48714,http-request_2d62a3e9da726942a93cf16b6e91c0187e6c0136,com.github.kevinsawicki.http.HttpRequestTest.getWithVarargsQueryParams,False
48719,http-request_2d62a3e9da726942a93cf16b6e91c0187e6c0136,com.github.kevinsawicki.http.HttpRequestTest.deleteWithEscapedMappedQueryParams,False
48734,http-request_2d62a3e9da726942a93cf16b6e91c0187e6c0136,com.github.kevinsawicki.http.HttpRequestTest.appendMultipleVarargsQueryParams,True
48735,http-request_2d62a3e9da726942a93cf16b6e91c0187e6c0136,com.github.kevinsawicki.http.HttpRequestTest.appendNullMappedQueryParams,True
48739,http-request_2d62a3e9da726942a93cf16b6e91c0187e6c0136,com.github.kevinsawicki.http.HttpRequestTest.appendWithNullMappedQueryParamValues,True
48754,http-request_2d62a3e9da726942a93cf16b6e91c0187e6c0136,com.github.kevinsawicki.http.HttpRequestTest.sendDateHeaderWithoutCode,False
48756,http-request_2d62a3e9da726942a93cf16b6e91c0187e6c0136,com.github.kevinsawicki.http.HttpRequestTest.customConnectionFactory,True
48760,http-request_2d62a3e9da726942a93cf16b6e91c0187e6c0136,com.github.kevinsawicki.http.HttpRequestTest.streamOfEmptyOkResponse,True
