61060,Java-WebSocket_fa3909c391195178ccf5a92d4ac342a30ae247c8,org.java_websocket.autobahn.AutobahnServerResults.test1_2_8,False
61067,Java-WebSocket_fa3909c391195178ccf5a92d4ac342a30ae247c8,org.java_websocket.autobahn.AutobahnServerResults.test2_7,False
61072,Java-WebSocket_fa3909c391195178ccf5a92d4ac342a30ae247c8,org.java_websocket.autobahn.AutobahnServerResults.test3_1,False
61101,Java-WebSocket_fa3909c391195178ccf5a92d4ac342a30ae247c8,org.java_websocket.autobahn.AutobahnServerResults.test5_13,False
61132,Java-WebSocket_fa3909c391195178ccf5a92d4ac342a30ae247c8,org.java_websocket.autobahn.AutobahnServerResults.test6_6_6,False
61135,Java-WebSocket_fa3909c391195178ccf5a92d4ac342a30ae247c8,org.java_websocket.autobahn.AutobahnServerResults.test6_6_9,False
61136,Java-WebSocket_fa3909c391195178ccf5a92d4ac342a30ae247c8,org.java_websocket.autobahn.AutobahnServerResults.test6_6_10,False
61150,Java-WebSocket_fa3909c391195178ccf5a92d4ac342a30ae247c8,org.java_websocket.autobahn.AutobahnServerResults.test6_10_3,False
61151,Java-WebSocket_fa3909c391195178ccf5a92d4ac342a30ae247c8,org.java_websocket.autobahn.AutobahnServerResults.test6_11_1,False
61159,Java-WebSocket_fa3909c391195178ccf5a92d4ac342a30ae247c8,org.java_websocket.autobahn.AutobahnServerResults.test6_12_4,False
61164,Java-WebSocket_fa3909c391195178ccf5a92d4ac342a30ae247c8,org.java_websocket.autobahn.AutobahnServerResults.test6_13_1,False
61166,Java-WebSocket_fa3909c391195178ccf5a92d4ac342a30ae247c8,org.java_websocket.autobahn.AutobahnServerResults.test6_13_3,False
61174,Java-WebSocket_fa3909c391195178ccf5a92d4ac342a30ae247c8,org.java_websocket.autobahn.AutobahnServerResults.test6_14_6,False
61176,Java-WebSocket_fa3909c391195178ccf5a92d4ac342a30ae247c8,org.java_websocket.autobahn.AutobahnServerResults.test6_14_8,False
61190,Java-WebSocket_fa3909c391195178ccf5a92d4ac342a30ae247c8,org.java_websocket.autobahn.AutobahnServerResults.test6_18_3,False
61210,Java-WebSocket_fa3909c391195178ccf5a92d4ac342a30ae247c8,org.java_websocket.autobahn.AutobahnServerResults.test6_21_6,False
61211,Java-WebSocket_fa3909c391195178ccf5a92d4ac342a30ae247c8,org.java_websocket.autobahn.AutobahnServerResults.test6_21_7,False
61219,Java-WebSocket_fa3909c391195178ccf5a92d4ac342a30ae247c8,org.java_websocket.autobahn.AutobahnServerResults.test6_22_7,False
61228,Java-WebSocket_fa3909c391195178ccf5a92d4ac342a30ae247c8,org.java_websocket.autobahn.AutobahnServerResults.test6_22_16,False
61243,Java-WebSocket_fa3909c391195178ccf5a92d4ac342a30ae247c8,org.java_websocket.autobahn.AutobahnServerResults.test6_22_31,False
61246,Java-WebSocket_fa3909c391195178ccf5a92d4ac342a30ae247c8,org.java_websocket.autobahn.AutobahnServerResults.test6_22_34,False
61247,Java-WebSocket_fa3909c391195178ccf5a92d4ac342a30ae247c8,org.java_websocket.autobahn.AutobahnServerResults.test6_23_1,False
61249,Java-WebSocket_fa3909c391195178ccf5a92d4ac342a30ae247c8,org.java_websocket.autobahn.AutobahnServerResults.test6_23_3,False
61285,Java-WebSocket_fa3909c391195178ccf5a92d4ac342a30ae247c8,org.java_websocket.autobahn.AutobahnServerResults.test7_9_7,False
61287,Java-WebSocket_fa3909c391195178ccf5a92d4ac342a30ae247c8,org.java_websocket.autobahn.AutobahnServerResults.test7_9_9,False
61298,Java-WebSocket_fa3909c391195178ccf5a92d4ac342a30ae247c8,org.java_websocket.autobahn.AutobahnServerResults.test9_2_1,False
61302,Java-WebSocket_fa3909c391195178ccf5a92d4ac342a30ae247c8,org.java_websocket.autobahn.AutobahnServerResults.test9_2_5,False
61308,Java-WebSocket_fa3909c391195178ccf5a92d4ac342a30ae247c8,org.java_websocket.autobahn.AutobahnServerResults.test9_3_5,False
61333,Java-WebSocket_fa3909c391195178ccf5a92d4ac342a30ae247c8,org.java_websocket.autobahn.AutobahnServerResults.test9_6_6,False
61334,Java-WebSocket_fa3909c391195178ccf5a92d4ac342a30ae247c8,org.java_websocket.autobahn.AutobahnServerResults.test9_7_1,False
61339,Java-WebSocket_fa3909c391195178ccf5a92d4ac342a30ae247c8,org.java_websocket.autobahn.AutobahnServerResults.test9_7_6,False
61344,Java-WebSocket_fa3909c391195178ccf5a92d4ac342a30ae247c8,org.java_websocket.autobahn.AutobahnServerResults.test9_8_5,False
61358,Java-WebSocket_fa3909c391195178ccf5a92d4ac342a30ae247c8,org.java_websocket.drafts.Draft_6455Test.testGetKnownExtensions,False
61362,Java-WebSocket_fa3909c391195178ccf5a92d4ac342a30ae247c8,org.java_websocket.drafts.Draft_6455Test.testReset,True
61376,Java-WebSocket_fa3909c391195178ccf5a92d4ac342a30ae247c8,org.java_websocket.extensions.DefaultExtensionTest.testAcceptProvidedExtensionAsClient,False
61397,Java-WebSocket_fa3909c391195178ccf5a92d4ac342a30ae247c8,org.java_websocket.framing.PingFrameTest.testConstructor,True
61401,Java-WebSocket_fa3909c391195178ccf5a92d4ac342a30ae247c8,org.java_websocket.framing.BinaryFrameTest.testExtends,True
61402,Java-WebSocket_fa3909c391195178ccf5a92d4ac342a30ae247c8,org.java_websocket.framing.BinaryFrameTest.testIsValid,True
61412,Java-WebSocket_fa3909c391195178ccf5a92d4ac342a30ae247c8,org.java_websocket.issues.Issue713Test.onStart,False
61440,Java-WebSocket_fa3909c391195178ccf5a92d4ac342a30ae247c8,org.java_websocket.issues.Issue256Test.runReconnectScenario7,False
61445,Java-WebSocket_fa3909c391195178ccf5a92d4ac342a30ae247c8,org.java_websocket.issues.Issue580Test.onClose,False
61452,Java-WebSocket_fa3909c391195178ccf5a92d4ac342a30ae247c8,org.java_websocket.issues.Issue580Test.runNoCloseBlockingTestScenario4,False
61462,Java-WebSocket_fa3909c391195178ccf5a92d4ac342a30ae247c8,org.java_websocket.protocols.ProtocolTest.testHashCode,False
61048,Java-WebSocket_fa3909c391195178ccf5a92d4ac342a30ae247c8,org.java_websocket.autobahn.AutobahnServerResults.test1_1_4,False
61057,Java-WebSocket_fa3909c391195178ccf5a92d4ac342a30ae247c8,org.java_websocket.autobahn.AutobahnServerResults.test1_2_5,False
61062,Java-WebSocket_fa3909c391195178ccf5a92d4ac342a30ae247c8,org.java_websocket.autobahn.AutobahnServerResults.test2_2,False
61066,Java-WebSocket_fa3909c391195178ccf5a92d4ac342a30ae247c8,org.java_websocket.autobahn.AutobahnServerResults.test2_6,False
61108,Java-WebSocket_fa3909c391195178ccf5a92d4ac342a30ae247c8,org.java_websocket.autobahn.AutobahnServerResults.test5_20,False
61117,Java-WebSocket_fa3909c391195178ccf5a92d4ac342a30ae247c8,org.java_websocket.autobahn.AutobahnServerResults.test6_3_2,False
61123,Java-WebSocket_fa3909c391195178ccf5a92d4ac342a30ae247c8,org.java_websocket.autobahn.AutobahnServerResults.test6_5_2,False
61127,Java-WebSocket_fa3909c391195178ccf5a92d4ac342a30ae247c8,org.java_websocket.autobahn.AutobahnServerResults.test6_6_1,False
61149,Java-WebSocket_fa3909c391195178ccf5a92d4ac342a30ae247c8,org.java_websocket.autobahn.AutobahnServerResults.test6_10_2,False
61170,Java-WebSocket_fa3909c391195178ccf5a92d4ac342a30ae247c8,org.java_websocket.autobahn.AutobahnServerResults.test6_14_2,False
61172,Java-WebSocket_fa3909c391195178ccf5a92d4ac342a30ae247c8,org.java_websocket.autobahn.AutobahnServerResults.test6_14_4,False
61191,Java-WebSocket_fa3909c391195178ccf5a92d4ac342a30ae247c8,org.java_websocket.autobahn.AutobahnServerResults.test6_18_4,False
61196,Java-WebSocket_fa3909c391195178ccf5a92d4ac342a30ae247c8,org.java_websocket.autobahn.AutobahnServerResults.test6_19_4,False
61198,Java-WebSocket_fa3909c391195178ccf5a92d4ac342a30ae247c8,org.java_websocket.autobahn.AutobahnServerResults.test6_20_1,False
61212,Java-WebSocket_fa3909c391195178ccf5a92d4ac342a30ae247c8,org.java_websocket.autobahn.AutobahnServerResults.test6_21_8,False
61214,Java-WebSocket_fa3909c391195178ccf5a92d4ac342a30ae247c8,org.java_websocket.autobahn.AutobahnServerResults.test6_22_2,False
61218,Java-WebSocket_fa3909c391195178ccf5a92d4ac342a30ae247c8,org.java_websocket.autobahn.AutobahnServerResults.test6_22_6,False
61236,Java-WebSocket_fa3909c391195178ccf5a92d4ac342a30ae247c8,org.java_websocket.autobahn.AutobahnServerResults.test6_22_24,False
61288,Java-WebSocket_fa3909c391195178ccf5a92d4ac342a30ae247c8,org.java_websocket.autobahn.AutobahnServerResults.test7_9_10,False
61290,Java-WebSocket_fa3909c391195178ccf5a92d4ac342a30ae247c8,org.java_websocket.autobahn.AutobahnServerResults.test7_13_1,False
61293,Java-WebSocket_fa3909c391195178ccf5a92d4ac342a30ae247c8,org.java_websocket.autobahn.AutobahnServerResults.test9_1_2,False
61295,Java-WebSocket_fa3909c391195178ccf5a92d4ac342a30ae247c8,org.java_websocket.autobahn.AutobahnServerResults.test9_1_4,False
61305,Java-WebSocket_fa3909c391195178ccf5a92d4ac342a30ae247c8,org.java_websocket.autobahn.AutobahnServerResults.test9_3_2,False
61311,Java-WebSocket_fa3909c391195178ccf5a92d4ac342a30ae247c8,org.java_websocket.autobahn.AutobahnServerResults.test9_3_8,False
61313,Java-WebSocket_fa3909c391195178ccf5a92d4ac342a30ae247c8,org.java_websocket.autobahn.AutobahnServerResults.test9_4_1,False
61322,Java-WebSocket_fa3909c391195178ccf5a92d4ac342a30ae247c8,org.java_websocket.autobahn.AutobahnServerResults.test9_5_1,False
61335,Java-WebSocket_fa3909c391195178ccf5a92d4ac342a30ae247c8,org.java_websocket.autobahn.AutobahnServerResults.test9_7_2,False
61340,Java-WebSocket_fa3909c391195178ccf5a92d4ac342a30ae247c8,org.java_websocket.autobahn.AutobahnServerResults.test9_8_1,False
61350,Java-WebSocket_fa3909c391195178ccf5a92d4ac342a30ae247c8,org.java_websocket.util.ByteBufferUtilsTest.testTransferByteBufferSmallToBig,False
61374,Java-WebSocket_fa3909c391195178ccf5a92d4ac342a30ae247c8,org.java_websocket.extensions.DefaultExtensionTest.testEncodeFrame,False
61377,Java-WebSocket_fa3909c391195178ccf5a92d4ac342a30ae247c8,org.java_websocket.extensions.DefaultExtensionTest.testIsFrameValid,False
61388,Java-WebSocket_fa3909c391195178ccf5a92d4ac342a30ae247c8,org.java_websocket.framing.FramedataImpl1Test.testGet,False
61411,Java-WebSocket_fa3909c391195178ccf5a92d4ac342a30ae247c8,org.java_websocket.issues.Issue713Test.onError,False
61416,Java-WebSocket_fa3909c391195178ccf5a92d4ac342a30ae247c8,org.java_websocket.issues.Issue256Test.onMessage,False
61433,Java-WebSocket_fa3909c391195178ccf5a92d4ac342a30ae247c8,org.java_websocket.issues.Issue256Test.runReconnectScenario0,False
61435,Java-WebSocket_fa3909c391195178ccf5a92d4ac342a30ae247c8,org.java_websocket.issues.Issue256Test.runReconnectScenario2,False
61439,Java-WebSocket_fa3909c391195178ccf5a92d4ac342a30ae247c8,org.java_websocket.issues.Issue256Test.runReconnectScenario6,False
61443,Java-WebSocket_fa3909c391195178ccf5a92d4ac342a30ae247c8,org.java_websocket.issues.Issue580Test.runTestScenario,False
61453,Java-WebSocket_fa3909c391195178ccf5a92d4ac342a30ae247c8,org.java_websocket.issues.Issue580Test.runNoCloseBlockingTestScenario5,False
61047,Java-WebSocket_fa3909c391195178ccf5a92d4ac342a30ae247c8,org.java_websocket.autobahn.AutobahnServerResults.test1_1_3,False
61055,Java-WebSocket_fa3909c391195178ccf5a92d4ac342a30ae247c8,org.java_websocket.autobahn.AutobahnServerResults.test1_2_3,False
61058,Java-WebSocket_fa3909c391195178ccf5a92d4ac342a30ae247c8,org.java_websocket.autobahn.AutobahnServerResults.test1_2_6,False
61082,Java-WebSocket_fa3909c391195178ccf5a92d4ac342a30ae247c8,org.java_websocket.autobahn.AutobahnServerResults.test4_1_4,False
61084,Java-WebSocket_fa3909c391195178ccf5a92d4ac342a30ae247c8,org.java_websocket.autobahn.AutobahnServerResults.test4_2_1,False
61090,Java-WebSocket_fa3909c391195178ccf5a92d4ac342a30ae247c8,org.java_websocket.autobahn.AutobahnServerResults.test5_2,False
61105,Java-WebSocket_fa3909c391195178ccf5a92d4ac342a30ae247c8,org.java_websocket.autobahn.AutobahnServerResults.test5_17,False
61112,Java-WebSocket_fa3909c391195178ccf5a92d4ac342a30ae247c8,org.java_websocket.autobahn.AutobahnServerResults.test6_2_1,False
61126,Java-WebSocket_fa3909c391195178ccf5a92d4ac342a30ae247c8,org.java_websocket.autobahn.AutobahnServerResults.test6_5_5,False
61144,Java-WebSocket_fa3909c391195178ccf5a92d4ac342a30ae247c8,org.java_websocket.autobahn.AutobahnServerResults.test6_9_1,False
61145,Java-WebSocket_fa3909c391195178ccf5a92d4ac342a30ae247c8,org.java_websocket.autobahn.AutobahnServerResults.test6_9_2,False
61152,Java-WebSocket_fa3909c391195178ccf5a92d4ac342a30ae247c8,org.java_websocket.autobahn.AutobahnServerResults.test6_11_2,False
61169,Java-WebSocket_fa3909c391195178ccf5a92d4ac342a30ae247c8,org.java_websocket.autobahn.AutobahnServerResults.test6_14_1,False
61178,Java-WebSocket_fa3909c391195178ccf5a92d4ac342a30ae247c8,org.java_websocket.autobahn.AutobahnServerResults.test6_14_10,False
61182,Java-WebSocket_fa3909c391195178ccf5a92d4ac342a30ae247c8,org.java_websocket.autobahn.AutobahnServerResults.test6_16_3,False
61187,Java-WebSocket_fa3909c391195178ccf5a92d4ac342a30ae247c8,org.java_websocket.autobahn.AutobahnServerResults.test6_17_5,False
61193,Java-WebSocket_fa3909c391195178ccf5a92d4ac342a30ae247c8,org.java_websocket.autobahn.AutobahnServerResults.test6_19_1,False
61194,Java-WebSocket_fa3909c391195178ccf5a92d4ac342a30ae247c8,org.java_websocket.autobahn.AutobahnServerResults.test6_19_2,False
61217,Java-WebSocket_fa3909c391195178ccf5a92d4ac342a30ae247c8,org.java_websocket.autobahn.AutobahnServerResults.test6_22_5,False
61222,Java-WebSocket_fa3909c391195178ccf5a92d4ac342a30ae247c8,org.java_websocket.autobahn.AutobahnServerResults.test6_22_10,False
61229,Java-WebSocket_fa3909c391195178ccf5a92d4ac342a30ae247c8,org.java_websocket.autobahn.AutobahnServerResults.test6_22_17,False
61238,Java-WebSocket_fa3909c391195178ccf5a92d4ac342a30ae247c8,org.java_websocket.autobahn.AutobahnServerResults.test6_22_26,False
61250,Java-WebSocket_fa3909c391195178ccf5a92d4ac342a30ae247c8,org.java_websocket.autobahn.AutobahnServerResults.test6_23_4,False
61265,Java-WebSocket_fa3909c391195178ccf5a92d4ac342a30ae247c8,org.java_websocket.autobahn.AutobahnServerResults.test7_3_6,False
61266,Java-WebSocket_fa3909c391195178ccf5a92d4ac342a30ae247c8,org.java_websocket.autobahn.AutobahnServerResults.test7_5_1,False
61280,Java-WebSocket_fa3909c391195178ccf5a92d4ac342a30ae247c8,org.java_websocket.autobahn.AutobahnServerResults.test7_9_1,False
61301,Java-WebSocket_fa3909c391195178ccf5a92d4ac342a30ae247c8,org.java_websocket.autobahn.AutobahnServerResults.test9_2_4,False
61307,Java-WebSocket_fa3909c391195178ccf5a92d4ac342a30ae247c8,org.java_websocket.autobahn.AutobahnServerResults.test9_3_4,False
61321,Java-WebSocket_fa3909c391195178ccf5a92d4ac342a30ae247c8,org.java_websocket.autobahn.AutobahnServerResults.test9_4_9,False
61356,Java-WebSocket_fa3909c391195178ccf5a92d4ac342a30ae247c8,org.java_websocket.drafts.Draft_6455Test.testConstructor,False
61357,Java-WebSocket_fa3909c391195178ccf5a92d4ac342a30ae247c8,org.java_websocket.drafts.Draft_6455Test.testGetExtension,False
61381,Java-WebSocket_fa3909c391195178ccf5a92d4ac342a30ae247c8,org.java_websocket.extensions.DefaultExtensionTest.testToString,False
61386,Java-WebSocket_fa3909c391195178ccf5a92d4ac342a30ae247c8,org.java_websocket.framing.ContinuousFrameTest.testIsValid,True
61394,Java-WebSocket_fa3909c391195178ccf5a92d4ac342a30ae247c8,org.java_websocket.framing.CloseFrameTest.testConstructor,False
61415,Java-WebSocket_fa3909c391195178ccf5a92d4ac342a30ae247c8,org.java_websocket.issues.Issue256Test.onClose,False
61418,Java-WebSocket_fa3909c391195178ccf5a92d4ac342a30ae247c8,org.java_websocket.issues.Issue256Test.onStart,False
61422,Java-WebSocket_fa3909c391195178ccf5a92d4ac342a30ae247c8,org.java_websocket.issues.Issue256Test.onClose,False
61424,Java-WebSocket_fa3909c391195178ccf5a92d4ac342a30ae247c8,org.java_websocket.issues.Issue256Test.runReconnectBlockingScenario1,False
61428,Java-WebSocket_fa3909c391195178ccf5a92d4ac342a30ae247c8,org.java_websocket.issues.Issue256Test.runReconnectBlockingScenario5,False
61437,Java-WebSocket_fa3909c391195178ccf5a92d4ac342a30ae247c8,org.java_websocket.issues.Issue256Test.runReconnectScenario4,False
61447,Java-WebSocket_fa3909c391195178ccf5a92d4ac342a30ae247c8,org.java_websocket.issues.Issue580Test.onError,False
61449,Java-WebSocket_fa3909c391195178ccf5a92d4ac342a30ae247c8,org.java_websocket.issues.Issue580Test.runNoCloseBlockingTestScenario0,False
61460,Java-WebSocket_fa3909c391195178ccf5a92d4ac342a30ae247c8,org.java_websocket.protocols.ProtocolTest.testToString,False
61046,Java-WebSocket_fa3909c391195178ccf5a92d4ac342a30ae247c8,org.java_websocket.autobahn.AutobahnServerResults.test1_1_2,False
61050,Java-WebSocket_fa3909c391195178ccf5a92d4ac342a30ae247c8,org.java_websocket.autobahn.AutobahnServerResults.test1_1_6,False
61056,Java-WebSocket_fa3909c391195178ccf5a92d4ac342a30ae247c8,org.java_websocket.autobahn.AutobahnServerResults.test1_2_4,False
61069,Java-WebSocket_fa3909c391195178ccf5a92d4ac342a30ae247c8,org.java_websocket.autobahn.AutobahnServerResults.test2_9,False
61095,Java-WebSocket_fa3909c391195178ccf5a92d4ac342a30ae247c8,org.java_websocket.autobahn.AutobahnServerResults.test5_7,False
61103,Java-WebSocket_fa3909c391195178ccf5a92d4ac342a30ae247c8,org.java_websocket.autobahn.AutobahnServerResults.test5_15,False
61109,Java-WebSocket_fa3909c391195178ccf5a92d4ac342a30ae247c8,org.java_websocket.autobahn.AutobahnServerResults.test6_1_1,False
61118,Java-WebSocket_fa3909c391195178ccf5a92d4ac342a30ae247c8,org.java_websocket.autobahn.AutobahnServerResults.test6_4_1,False
61158,Java-WebSocket_fa3909c391195178ccf5a92d4ac342a30ae247c8,org.java_websocket.autobahn.AutobahnServerResults.test6_12_3,False
61168,Java-WebSocket_fa3909c391195178ccf5a92d4ac342a30ae247c8,org.java_websocket.autobahn.AutobahnServerResults.test6_13_5,False
61179,Java-WebSocket_fa3909c391195178ccf5a92d4ac342a30ae247c8,org.java_websocket.autobahn.AutobahnServerResults.test6_15_1,False
61195,Java-WebSocket_fa3909c391195178ccf5a92d4ac342a30ae247c8,org.java_websocket.autobahn.AutobahnServerResults.test6_19_3,False
61205,Java-WebSocket_fa3909c391195178ccf5a92d4ac342a30ae247c8,org.java_websocket.autobahn.AutobahnServerResults.test6_21_1,False
61213,Java-WebSocket_fa3909c391195178ccf5a92d4ac342a30ae247c8,org.java_websocket.autobahn.AutobahnServerResults.test6_22_1,False
61221,Java-WebSocket_fa3909c391195178ccf5a92d4ac342a30ae247c8,org.java_websocket.autobahn.AutobahnServerResults.test6_22_9,False
61227,Java-WebSocket_fa3909c391195178ccf5a92d4ac342a30ae247c8,org.java_websocket.autobahn.AutobahnServerResults.test6_22_15,False
61234,Java-WebSocket_fa3909c391195178ccf5a92d4ac342a30ae247c8,org.java_websocket.autobahn.AutobahnServerResults.test6_22_22,False
61245,Java-WebSocket_fa3909c391195178ccf5a92d4ac342a30ae247c8,org.java_websocket.autobahn.AutobahnServerResults.test6_22_33,False
61248,Java-WebSocket_fa3909c391195178ccf5a92d4ac342a30ae247c8,org.java_websocket.autobahn.AutobahnServerResults.test6_23_2,False
61251,Java-WebSocket_fa3909c391195178ccf5a92d4ac342a30ae247c8,org.java_websocket.autobahn.AutobahnServerResults.test6_23_5,False
61274,Java-WebSocket_fa3909c391195178ccf5a92d4ac342a30ae247c8,org.java_websocket.autobahn.AutobahnServerResults.test7_7_8,False
61279,Java-WebSocket_fa3909c391195178ccf5a92d4ac342a30ae247c8,org.java_websocket.autobahn.AutobahnServerResults.test7_7_13,False
61309,Java-WebSocket_fa3909c391195178ccf5a92d4ac342a30ae247c8,org.java_websocket.autobahn.AutobahnServerResults.test9_3_6,False
61325,Java-WebSocket_fa3909c391195178ccf5a92d4ac342a30ae247c8,org.java_websocket.autobahn.AutobahnServerResults.test9_5_4,False
61329,Java-WebSocket_fa3909c391195178ccf5a92d4ac342a30ae247c8,org.java_websocket.autobahn.AutobahnServerResults.test9_6_2,False
61336,Java-WebSocket_fa3909c391195178ccf5a92d4ac342a30ae247c8,org.java_websocket.autobahn.AutobahnServerResults.test9_7_3,False
61337,Java-WebSocket_fa3909c391195178ccf5a92d4ac342a30ae247c8,org.java_websocket.autobahn.AutobahnServerResults.test9_7_4,False
61342,Java-WebSocket_fa3909c391195178ccf5a92d4ac342a30ae247c8,org.java_websocket.autobahn.AutobahnServerResults.test9_8_3,False
61355,Java-WebSocket_fa3909c391195178ccf5a92d4ac342a30ae247c8,org.java_websocket.drafts.Draft_6455Test.Draft_6455Test,True
61361,Java-WebSocket_fa3909c391195178ccf5a92d4ac342a30ae247c8,org.java_websocket.drafts.Draft_6455Test.testCopyInstance,True
61366,Java-WebSocket_fa3909c391195178ccf5a92d4ac342a30ae247c8,org.java_websocket.drafts.Draft_6455Test.testHashCode,False
61370,Java-WebSocket_fa3909c391195178ccf5a92d4ac342a30ae247c8,org.java_websocket.drafts.Draft_6455Test.postProcessHandshakeResponseAsServer,False
61372,Java-WebSocket_fa3909c391195178ccf5a92d4ac342a30ae247c8,org.java_websocket.drafts.Draft_6455Test.createFramesText,False
61379,Java-WebSocket_fa3909c391195178ccf5a92d4ac342a30ae247c8,org.java_websocket.extensions.DefaultExtensionTest.testGetProvidedExtensionAsServer,False
61385,Java-WebSocket_fa3909c391195178ccf5a92d4ac342a30ae247c8,org.java_websocket.framing.ContinuousFrameTest.testExtends,True
61425,Java-WebSocket_fa3909c391195178ccf5a92d4ac342a30ae247c8,org.java_websocket.issues.Issue256Test.runReconnectBlockingScenario2,False
61432,Java-WebSocket_fa3909c391195178ccf5a92d4ac342a30ae247c8,org.java_websocket.issues.Issue256Test.runReconnectBlockingScenario9,False
61436,Java-WebSocket_fa3909c391195178ccf5a92d4ac342a30ae247c8,org.java_websocket.issues.Issue256Test.runReconnectScenario3,False
61045,Java-WebSocket_fa3909c391195178ccf5a92d4ac342a30ae247c8,org.java_websocket.autobahn.AutobahnServerResults.test1_1_1,False
61049,Java-WebSocket_fa3909c391195178ccf5a92d4ac342a30ae247c8,org.java_websocket.autobahn.AutobahnServerResults.test1_1_5,False
61054,Java-WebSocket_fa3909c391195178ccf5a92d4ac342a30ae247c8,org.java_websocket.autobahn.AutobahnServerResults.test1_2_2,False
61074,Java-WebSocket_fa3909c391195178ccf5a92d4ac342a30ae247c8,org.java_websocket.autobahn.AutobahnServerResults.test3_3,False
61078,Java-WebSocket_fa3909c391195178ccf5a92d4ac342a30ae247c8,org.java_websocket.autobahn.AutobahnServerResults.test3_7,False
61079,Java-WebSocket_fa3909c391195178ccf5a92d4ac342a30ae247c8,org.java_websocket.autobahn.AutobahnServerResults.test4_1_1,False
61085,Java-WebSocket_fa3909c391195178ccf5a92d4ac342a30ae247c8,org.java_websocket.autobahn.AutobahnServerResults.test4_2_2,False
61099,Java-WebSocket_fa3909c391195178ccf5a92d4ac342a30ae247c8,org.java_websocket.autobahn.AutobahnServerResults.test5_11,False
61104,Java-WebSocket_fa3909c391195178ccf5a92d4ac342a30ae247c8,org.java_websocket.autobahn.AutobahnServerResults.test5_16,False
61107,Java-WebSocket_fa3909c391195178ccf5a92d4ac342a30ae247c8,org.java_websocket.autobahn.AutobahnServerResults.test5_19,False
61110,Java-WebSocket_fa3909c391195178ccf5a92d4ac342a30ae247c8,org.java_websocket.autobahn.AutobahnServerResults.test6_1_2,False
61121,Java-WebSocket_fa3909c391195178ccf5a92d4ac342a30ae247c8,org.java_websocket.autobahn.AutobahnServerResults.test6_4_4,False
61125,Java-WebSocket_fa3909c391195178ccf5a92d4ac342a30ae247c8,org.java_websocket.autobahn.AutobahnServerResults.test6_5_4,False
61140,Java-WebSocket_fa3909c391195178ccf5a92d4ac342a30ae247c8,org.java_websocket.autobahn.AutobahnServerResults.test6_7_3,False
61141,Java-WebSocket_fa3909c391195178ccf5a92d4ac342a30ae247c8,org.java_websocket.autobahn.AutobahnServerResults.test6_7_4,False
61153,Java-WebSocket_fa3909c391195178ccf5a92d4ac342a30ae247c8,org.java_websocket.autobahn.AutobahnServerResults.test6_11_3,False
61177,Java-WebSocket_fa3909c391195178ccf5a92d4ac342a30ae247c8,org.java_websocket.autobahn.AutobahnServerResults.test6_14_9,False
61186,Java-WebSocket_fa3909c391195178ccf5a92d4ac342a30ae247c8,org.java_websocket.autobahn.AutobahnServerResults.test6_17_4,False
61192,Java-WebSocket_fa3909c391195178ccf5a92d4ac342a30ae247c8,org.java_websocket.autobahn.AutobahnServerResults.test6_18_5,False
61199,Java-WebSocket_fa3909c391195178ccf5a92d4ac342a30ae247c8,org.java_websocket.autobahn.AutobahnServerResults.test6_20_2,False
61201,Java-WebSocket_fa3909c391195178ccf5a92d4ac342a30ae247c8,org.java_websocket.autobahn.AutobahnServerResults.test6_20_4,False
61204,Java-WebSocket_fa3909c391195178ccf5a92d4ac342a30ae247c8,org.java_websocket.autobahn.AutobahnServerResults.test6_20_7,False
61224,Java-WebSocket_fa3909c391195178ccf5a92d4ac342a30ae247c8,org.java_websocket.autobahn.AutobahnServerResults.test6_22_12,False
61233,Java-WebSocket_fa3909c391195178ccf5a92d4ac342a30ae247c8,org.java_websocket.autobahn.AutobahnServerResults.test6_22_21,False
61255,Java-WebSocket_fa3909c391195178ccf5a92d4ac342a30ae247c8,org.java_websocket.autobahn.AutobahnServerResults.test7_1_2,False
61259,Java-WebSocket_fa3909c391195178ccf5a92d4ac342a30ae247c8,org.java_websocket.autobahn.AutobahnServerResults.test7_1_6,False
61268,Java-WebSocket_fa3909c391195178ccf5a92d4ac342a30ae247c8,org.java_websocket.autobahn.AutobahnServerResults.test7_7_2,False
61291,Java-WebSocket_fa3909c391195178ccf5a92d4ac342a30ae247c8,org.java_websocket.autobahn.AutobahnServerResults.test7_13_2,False
61297,Java-WebSocket_fa3909c391195178ccf5a92d4ac342a30ae247c8,org.java_websocket.autobahn.AutobahnServerResults.test9_1_6,False
61304,Java-WebSocket_fa3909c391195178ccf5a92d4ac342a30ae247c8,org.java_websocket.autobahn.AutobahnServerResults.test9_3_1,False
61314,Java-WebSocket_fa3909c391195178ccf5a92d4ac342a30ae247c8,org.java_websocket.autobahn.AutobahnServerResults.test9_4_2,False
61326,Java-WebSocket_fa3909c391195178ccf5a92d4ac342a30ae247c8,org.java_websocket.autobahn.AutobahnServerResults.test9_5_5,False
61338,Java-WebSocket_fa3909c391195178ccf5a92d4ac342a30ae247c8,org.java_websocket.autobahn.AutobahnServerResults.test9_7_5,False
61345,Java-WebSocket_fa3909c391195178ccf5a92d4ac342a30ae247c8,org.java_websocket.autobahn.AutobahnServerResults.test9_8_6,False
61351,Java-WebSocket_fa3909c391195178ccf5a92d4ac342a30ae247c8,org.java_websocket.util.ByteBufferUtilsTest.testTransferByteBufferBigToSmall,False
61383,Java-WebSocket_fa3909c391195178ccf5a92d4ac342a30ae247c8,org.java_websocket.extensions.DefaultExtensionTest.testEquals,False
61384,Java-WebSocket_fa3909c391195178ccf5a92d4ac342a30ae247c8,org.java_websocket.framing.ContinuousFrameTest.testConstructor,True
61389,Java-WebSocket_fa3909c391195178ccf5a92d4ac342a30ae247c8,org.java_websocket.framing.FramedataImpl1Test.testSetters,False
61395,Java-WebSocket_fa3909c391195178ccf5a92d4ac342a30ae247c8,org.java_websocket.framing.CloseFrameTest.testExtends,False
61400,Java-WebSocket_fa3909c391195178ccf5a92d4ac342a30ae247c8,org.java_websocket.framing.BinaryFrameTest.testConstructor,True
61420,Java-WebSocket_fa3909c391195178ccf5a92d4ac342a30ae247c8,org.java_websocket.issues.Issue256Test.onOpen,False
61451,Java-WebSocket_fa3909c391195178ccf5a92d4ac342a30ae247c8,org.java_websocket.issues.Issue580Test.runNoCloseBlockingTestScenario3,False
61459,Java-WebSocket_fa3909c391195178ccf5a92d4ac342a30ae247c8,org.java_websocket.protocols.ProtocolTest.testCopyInstance,True
61051,Java-WebSocket_fa3909c391195178ccf5a92d4ac342a30ae247c8,org.java_websocket.autobahn.AutobahnServerResults.test1_1_7,False
61053,Java-WebSocket_fa3909c391195178ccf5a92d4ac342a30ae247c8,org.java_websocket.autobahn.AutobahnServerResults.test1_2_1,False
61059,Java-WebSocket_fa3909c391195178ccf5a92d4ac342a30ae247c8,org.java_websocket.autobahn.AutobahnServerResults.test1_2_7,False
61063,Java-WebSocket_fa3909c391195178ccf5a92d4ac342a30ae247c8,org.java_websocket.autobahn.AutobahnServerResults.test2_3,False
61064,Java-WebSocket_fa3909c391195178ccf5a92d4ac342a30ae247c8,org.java_websocket.autobahn.AutobahnServerResults.test2_4,False
61075,Java-WebSocket_fa3909c391195178ccf5a92d4ac342a30ae247c8,org.java_websocket.autobahn.AutobahnServerResults.test3_4,False
61077,Java-WebSocket_fa3909c391195178ccf5a92d4ac342a30ae247c8,org.java_websocket.autobahn.AutobahnServerResults.test3_6,False
61087,Java-WebSocket_fa3909c391195178ccf5a92d4ac342a30ae247c8,org.java_websocket.autobahn.AutobahnServerResults.test4_2_4,False
61091,Java-WebSocket_fa3909c391195178ccf5a92d4ac342a30ae247c8,org.java_websocket.autobahn.AutobahnServerResults.test5_3,False
61094,Java-WebSocket_fa3909c391195178ccf5a92d4ac342a30ae247c8,org.java_websocket.autobahn.AutobahnServerResults.test5_6,False
61096,Java-WebSocket_fa3909c391195178ccf5a92d4ac342a30ae247c8,org.java_websocket.autobahn.AutobahnServerResults.test5_8,False
61100,Java-WebSocket_fa3909c391195178ccf5a92d4ac342a30ae247c8,org.java_websocket.autobahn.AutobahnServerResults.test5_12,False
61120,Java-WebSocket_fa3909c391195178ccf5a92d4ac342a30ae247c8,org.java_websocket.autobahn.AutobahnServerResults.test6_4_3,False
61130,Java-WebSocket_fa3909c391195178ccf5a92d4ac342a30ae247c8,org.java_websocket.autobahn.AutobahnServerResults.test6_6_4,False
61148,Java-WebSocket_fa3909c391195178ccf5a92d4ac342a30ae247c8,org.java_websocket.autobahn.AutobahnServerResults.test6_10_1,False
61154,Java-WebSocket_fa3909c391195178ccf5a92d4ac342a30ae247c8,org.java_websocket.autobahn.AutobahnServerResults.test6_11_4,False
61160,Java-WebSocket_fa3909c391195178ccf5a92d4ac342a30ae247c8,org.java_websocket.autobahn.AutobahnServerResults.test6_12_5,False
61171,Java-WebSocket_fa3909c391195178ccf5a92d4ac342a30ae247c8,org.java_websocket.autobahn.AutobahnServerResults.test6_14_3,False
61200,Java-WebSocket_fa3909c391195178ccf5a92d4ac342a30ae247c8,org.java_websocket.autobahn.AutobahnServerResults.test6_20_3,False
61202,Java-WebSocket_fa3909c391195178ccf5a92d4ac342a30ae247c8,org.java_websocket.autobahn.AutobahnServerResults.test6_20_5,False
61206,Java-WebSocket_fa3909c391195178ccf5a92d4ac342a30ae247c8,org.java_websocket.autobahn.AutobahnServerResults.test6_21_2,False
61225,Java-WebSocket_fa3909c391195178ccf5a92d4ac342a30ae247c8,org.java_websocket.autobahn.AutobahnServerResults.test6_22_13,False
61235,Java-WebSocket_fa3909c391195178ccf5a92d4ac342a30ae247c8,org.java_websocket.autobahn.AutobahnServerResults.test6_22_23,False
61252,Java-WebSocket_fa3909c391195178ccf5a92d4ac342a30ae247c8,org.java_websocket.autobahn.AutobahnServerResults.test6_23_6,False
61253,Java-WebSocket_fa3909c391195178ccf5a92d4ac342a30ae247c8,org.java_websocket.autobahn.AutobahnServerResults.test6_23_7,False
61254,Java-WebSocket_fa3909c391195178ccf5a92d4ac342a30ae247c8,org.java_websocket.autobahn.AutobahnServerResults.test7_1_1,False
61276,Java-WebSocket_fa3909c391195178ccf5a92d4ac342a30ae247c8,org.java_websocket.autobahn.AutobahnServerResults.test7_7_10,False
61278,Java-WebSocket_fa3909c391195178ccf5a92d4ac342a30ae247c8,org.java_websocket.autobahn.AutobahnServerResults.test7_7_12,False
61312,Java-WebSocket_fa3909c391195178ccf5a92d4ac342a30ae247c8,org.java_websocket.autobahn.AutobahnServerResults.test9_3_9,False
61319,Java-WebSocket_fa3909c391195178ccf5a92d4ac342a30ae247c8,org.java_websocket.autobahn.AutobahnServerResults.test9_4_7,False
61323,Java-WebSocket_fa3909c391195178ccf5a92d4ac342a30ae247c8,org.java_websocket.autobahn.AutobahnServerResults.test9_5_2,False
61324,Java-WebSocket_fa3909c391195178ccf5a92d4ac342a30ae247c8,org.java_websocket.autobahn.AutobahnServerResults.test9_5_3,False
61332,Java-WebSocket_fa3909c391195178ccf5a92d4ac342a30ae247c8,org.java_websocket.autobahn.AutobahnServerResults.test9_6_5,False
61346,Java-WebSocket_fa3909c391195178ccf5a92d4ac342a30ae247c8,org.java_websocket.autobahn.AutobahnServerResults.test10_1_1,False
61349,Java-WebSocket_fa3909c391195178ccf5a92d4ac342a30ae247c8,org.java_websocket.util.ByteBufferUtilsTest.testTransferByteBufferSmallToEmpty,False
61359,Java-WebSocket_fa3909c391195178ccf5a92d4ac342a30ae247c8,org.java_websocket.drafts.Draft_6455Test.testGetProtocol,False
61360,Java-WebSocket_fa3909c391195178ccf5a92d4ac342a30ae247c8,org.java_websocket.drafts.Draft_6455Test.testGetKnownProtocols,True
61380,Java-WebSocket_fa3909c391195178ccf5a92d4ac342a30ae247c8,org.java_websocket.extensions.DefaultExtensionTest.testCopyInstance,False
61390,Java-WebSocket_fa3909c391195178ccf5a92d4ac342a30ae247c8,org.java_websocket.framing.FramedataImpl1Test.testAppend,False
61408,Java-WebSocket_fa3909c391195178ccf5a92d4ac342a30ae247c8,org.java_websocket.issues.Issue713Test.onOpen,False
61414,Java-WebSocket_fa3909c391195178ccf5a92d4ac342a30ae247c8,org.java_websocket.issues.Issue256Test.onOpen,False
61429,Java-WebSocket_fa3909c391195178ccf5a92d4ac342a30ae247c8,org.java_websocket.issues.Issue256Test.runReconnectBlockingScenario6,False
61430,Java-WebSocket_fa3909c391195178ccf5a92d4ac342a30ae247c8,org.java_websocket.issues.Issue256Test.runReconnectBlockingScenario7,False
61068,Java-WebSocket_fa3909c391195178ccf5a92d4ac342a30ae247c8,org.java_websocket.autobahn.AutobahnServerResults.test2_8,False
61089,Java-WebSocket_fa3909c391195178ccf5a92d4ac342a30ae247c8,org.java_websocket.autobahn.AutobahnServerResults.test5_1,False
61114,Java-WebSocket_fa3909c391195178ccf5a92d4ac342a30ae247c8,org.java_websocket.autobahn.AutobahnServerResults.test6_2_3,False
61124,Java-WebSocket_fa3909c391195178ccf5a92d4ac342a30ae247c8,org.java_websocket.autobahn.AutobahnServerResults.test6_5_3,False
61128,Java-WebSocket_fa3909c391195178ccf5a92d4ac342a30ae247c8,org.java_websocket.autobahn.AutobahnServerResults.test6_6_2,False
61131,Java-WebSocket_fa3909c391195178ccf5a92d4ac342a30ae247c8,org.java_websocket.autobahn.AutobahnServerResults.test6_6_5,False
61134,Java-WebSocket_fa3909c391195178ccf5a92d4ac342a30ae247c8,org.java_websocket.autobahn.AutobahnServerResults.test6_6_8,False
61137,Java-WebSocket_fa3909c391195178ccf5a92d4ac342a30ae247c8,org.java_websocket.autobahn.AutobahnServerResults.test6_6_11,False
61146,Java-WebSocket_fa3909c391195178ccf5a92d4ac342a30ae247c8,org.java_websocket.autobahn.AutobahnServerResults.test6_9_3,False
61156,Java-WebSocket_fa3909c391195178ccf5a92d4ac342a30ae247c8,org.java_websocket.autobahn.AutobahnServerResults.test6_12_1,False
61162,Java-WebSocket_fa3909c391195178ccf5a92d4ac342a30ae247c8,org.java_websocket.autobahn.AutobahnServerResults.test6_12_7,False
61203,Java-WebSocket_fa3909c391195178ccf5a92d4ac342a30ae247c8,org.java_websocket.autobahn.AutobahnServerResults.test6_20_6,False
61207,Java-WebSocket_fa3909c391195178ccf5a92d4ac342a30ae247c8,org.java_websocket.autobahn.AutobahnServerResults.test6_21_3,False
61209,Java-WebSocket_fa3909c391195178ccf5a92d4ac342a30ae247c8,org.java_websocket.autobahn.AutobahnServerResults.test6_21_5,False
61215,Java-WebSocket_fa3909c391195178ccf5a92d4ac342a30ae247c8,org.java_websocket.autobahn.AutobahnServerResults.test6_22_3,False
61220,Java-WebSocket_fa3909c391195178ccf5a92d4ac342a30ae247c8,org.java_websocket.autobahn.AutobahnServerResults.test6_22_8,False
61223,Java-WebSocket_fa3909c391195178ccf5a92d4ac342a30ae247c8,org.java_websocket.autobahn.AutobahnServerResults.test6_22_11,False
61230,Java-WebSocket_fa3909c391195178ccf5a92d4ac342a30ae247c8,org.java_websocket.autobahn.AutobahnServerResults.test6_22_18,False
61239,Java-WebSocket_fa3909c391195178ccf5a92d4ac342a30ae247c8,org.java_websocket.autobahn.AutobahnServerResults.test6_22_27,False
61240,Java-WebSocket_fa3909c391195178ccf5a92d4ac342a30ae247c8,org.java_websocket.autobahn.AutobahnServerResults.test6_22_28,False
61256,Java-WebSocket_fa3909c391195178ccf5a92d4ac342a30ae247c8,org.java_websocket.autobahn.AutobahnServerResults.test7_1_3,False
61273,Java-WebSocket_fa3909c391195178ccf5a92d4ac342a30ae247c8,org.java_websocket.autobahn.AutobahnServerResults.test7_7_7,False
61282,Java-WebSocket_fa3909c391195178ccf5a92d4ac342a30ae247c8,org.java_websocket.autobahn.AutobahnServerResults.test7_9_3,False
61286,Java-WebSocket_fa3909c391195178ccf5a92d4ac342a30ae247c8,org.java_websocket.autobahn.AutobahnServerResults.test7_9_8,False
61292,Java-WebSocket_fa3909c391195178ccf5a92d4ac342a30ae247c8,org.java_websocket.autobahn.AutobahnServerResults.test9_1_1,False
61306,Java-WebSocket_fa3909c391195178ccf5a92d4ac342a30ae247c8,org.java_websocket.autobahn.AutobahnServerResults.test9_3_3,False
61315,Java-WebSocket_fa3909c391195178ccf5a92d4ac342a30ae247c8,org.java_websocket.autobahn.AutobahnServerResults.test9_4_3,False
61317,Java-WebSocket_fa3909c391195178ccf5a92d4ac342a30ae247c8,org.java_websocket.autobahn.AutobahnServerResults.test9_4_5,False
61318,Java-WebSocket_fa3909c391195178ccf5a92d4ac342a30ae247c8,org.java_websocket.autobahn.AutobahnServerResults.test9_4_6,False
61330,Java-WebSocket_fa3909c391195178ccf5a92d4ac342a30ae247c8,org.java_websocket.autobahn.AutobahnServerResults.test9_6_3,False
61348,Java-WebSocket_fa3909c391195178ccf5a92d4ac342a30ae247c8,org.java_websocket.util.ByteBufferUtilsTest.testEmptyByteBufferNewObject,False
61364,Java-WebSocket_fa3909c391195178ccf5a92d4ac342a30ae247c8,org.java_websocket.drafts.Draft_6455Test.testToString,False
61371,Java-WebSocket_fa3909c391195178ccf5a92d4ac342a30ae247c8,org.java_websocket.drafts.Draft_6455Test.createFramesBinary,False
61382,Java-WebSocket_fa3909c391195178ccf5a92d4ac342a30ae247c8,org.java_websocket.extensions.DefaultExtensionTest.testHashCode,False
61392,Java-WebSocket_fa3909c391195178ccf5a92d4ac342a30ae247c8,org.java_websocket.framing.TextFrameTest.testExtends,False
61399,Java-WebSocket_fa3909c391195178ccf5a92d4ac342a30ae247c8,org.java_websocket.framing.PingFrameTest.testIsValid,True
61403,Java-WebSocket_fa3909c391195178ccf5a92d4ac342a30ae247c8,org.java_websocket.framing.PongFrameTest.testConstructor,False
61410,Java-WebSocket_fa3909c391195178ccf5a92d4ac342a30ae247c8,org.java_websocket.issues.Issue713Test.onMessage,False
61426,Java-WebSocket_fa3909c391195178ccf5a92d4ac342a30ae247c8,org.java_websocket.issues.Issue256Test.runReconnectBlockingScenario3,False
61442,Java-WebSocket_fa3909c391195178ccf5a92d4ac342a30ae247c8,org.java_websocket.issues.Issue256Test.runReconnectScenario9,False
61450,Java-WebSocket_fa3909c391195178ccf5a92d4ac342a30ae247c8,org.java_websocket.issues.Issue580Test.runNoCloseBlockingTestScenario2,False
61455,Java-WebSocket_fa3909c391195178ccf5a92d4ac342a30ae247c8,org.java_websocket.issues.Issue580Test.runNoCloseBlockingTestScenario8,False
61052,Java-WebSocket_fa3909c391195178ccf5a92d4ac342a30ae247c8,org.java_websocket.autobahn.AutobahnServerResults.test1_1_8,False
61092,Java-WebSocket_fa3909c391195178ccf5a92d4ac342a30ae247c8,org.java_websocket.autobahn.AutobahnServerResults.test5_4,False
61093,Java-WebSocket_fa3909c391195178ccf5a92d4ac342a30ae247c8,org.java_websocket.autobahn.AutobahnServerResults.test5_5,False
61098,Java-WebSocket_fa3909c391195178ccf5a92d4ac342a30ae247c8,org.java_websocket.autobahn.AutobahnServerResults.test5_10,False
61102,Java-WebSocket_fa3909c391195178ccf5a92d4ac342a30ae247c8,org.java_websocket.autobahn.AutobahnServerResults.test5_14,False
61106,Java-WebSocket_fa3909c391195178ccf5a92d4ac342a30ae247c8,org.java_websocket.autobahn.AutobahnServerResults.test5_18,False
61111,Java-WebSocket_fa3909c391195178ccf5a92d4ac342a30ae247c8,org.java_websocket.autobahn.AutobahnServerResults.test6_1_3,False
61119,Java-WebSocket_fa3909c391195178ccf5a92d4ac342a30ae247c8,org.java_websocket.autobahn.AutobahnServerResults.test6_4_2,False
61122,Java-WebSocket_fa3909c391195178ccf5a92d4ac342a30ae247c8,org.java_websocket.autobahn.AutobahnServerResults.test6_5_1,False
61138,Java-WebSocket_fa3909c391195178ccf5a92d4ac342a30ae247c8,org.java_websocket.autobahn.AutobahnServerResults.test6_7_1,False
61143,Java-WebSocket_fa3909c391195178ccf5a92d4ac342a30ae247c8,org.java_websocket.autobahn.AutobahnServerResults.test6_8_2,False
61165,Java-WebSocket_fa3909c391195178ccf5a92d4ac342a30ae247c8,org.java_websocket.autobahn.AutobahnServerResults.test6_13_2,False
61180,Java-WebSocket_fa3909c391195178ccf5a92d4ac342a30ae247c8,org.java_websocket.autobahn.AutobahnServerResults.test6_16_1,False
61188,Java-WebSocket_fa3909c391195178ccf5a92d4ac342a30ae247c8,org.java_websocket.autobahn.AutobahnServerResults.test6_18_1,False
61197,Java-WebSocket_fa3909c391195178ccf5a92d4ac342a30ae247c8,org.java_websocket.autobahn.AutobahnServerResults.test6_19_5,False
61216,Java-WebSocket_fa3909c391195178ccf5a92d4ac342a30ae247c8,org.java_websocket.autobahn.AutobahnServerResults.test6_22_4,False
61237,Java-WebSocket_fa3909c391195178ccf5a92d4ac342a30ae247c8,org.java_websocket.autobahn.AutobahnServerResults.test6_22_25,False
61241,Java-WebSocket_fa3909c391195178ccf5a92d4ac342a30ae247c8,org.java_websocket.autobahn.AutobahnServerResults.test6_22_29,False
61244,Java-WebSocket_fa3909c391195178ccf5a92d4ac342a30ae247c8,org.java_websocket.autobahn.AutobahnServerResults.test6_22_32,False
61261,Java-WebSocket_fa3909c391195178ccf5a92d4ac342a30ae247c8,org.java_websocket.autobahn.AutobahnServerResults.test7_3_2,False
61262,Java-WebSocket_fa3909c391195178ccf5a92d4ac342a30ae247c8,org.java_websocket.autobahn.AutobahnServerResults.test7_3_3,False
61264,Java-WebSocket_fa3909c391195178ccf5a92d4ac342a30ae247c8,org.java_websocket.autobahn.AutobahnServerResults.test7_3_5,False
61269,Java-WebSocket_fa3909c391195178ccf5a92d4ac342a30ae247c8,org.java_websocket.autobahn.AutobahnServerResults.test7_7_3,False
61272,Java-WebSocket_fa3909c391195178ccf5a92d4ac342a30ae247c8,org.java_websocket.autobahn.AutobahnServerResults.test7_7_6,False
61283,Java-WebSocket_fa3909c391195178ccf5a92d4ac342a30ae247c8,org.java_websocket.autobahn.AutobahnServerResults.test7_9_4,False
61294,Java-WebSocket_fa3909c391195178ccf5a92d4ac342a30ae247c8,org.java_websocket.autobahn.AutobahnServerResults.test9_1_3,False
61320,Java-WebSocket_fa3909c391195178ccf5a92d4ac342a30ae247c8,org.java_websocket.autobahn.AutobahnServerResults.test9_4_8,False
61327,Java-WebSocket_fa3909c391195178ccf5a92d4ac342a30ae247c8,org.java_websocket.autobahn.AutobahnServerResults.test9_5_6,False
61341,Java-WebSocket_fa3909c391195178ccf5a92d4ac342a30ae247c8,org.java_websocket.autobahn.AutobahnServerResults.test9_8_2,False
61352,Java-WebSocket_fa3909c391195178ccf5a92d4ac342a30ae247c8,org.java_websocket.util.ByteBufferUtilsTest.testTransferByteBufferCheckNullDest,False
61365,Java-WebSocket_fa3909c391195178ccf5a92d4ac342a30ae247c8,org.java_websocket.drafts.Draft_6455Test.testEquals,False
61367,Java-WebSocket_fa3909c391195178ccf5a92d4ac342a30ae247c8,org.java_websocket.drafts.Draft_6455Test.acceptHandshakeAsServer,False
61368,Java-WebSocket_fa3909c391195178ccf5a92d4ac342a30ae247c8,org.java_websocket.drafts.Draft_6455Test.acceptHandshakeAsClient,False
61378,Java-WebSocket_fa3909c391195178ccf5a92d4ac342a30ae247c8,org.java_websocket.extensions.DefaultExtensionTest.testGetProvidedExtensionAsClient,False
61387,Java-WebSocket_fa3909c391195178ccf5a92d4ac342a30ae247c8,org.java_websocket.framing.FramedataImpl1Test.testDefaultValues,False
61396,Java-WebSocket_fa3909c391195178ccf5a92d4ac342a30ae247c8,org.java_websocket.framing.CloseFrameTest.testIsValid,False
61406,Java-WebSocket_fa3909c391195178ccf5a92d4ac342a30ae247c8,org.java_websocket.framing.PongFrameTest.testIsValid,False
61407,Java-WebSocket_fa3909c391195178ccf5a92d4ac342a30ae247c8,org.java_websocket.issues.Issue713Test.testIssue,False
61419,Java-WebSocket_fa3909c391195178ccf5a92d4ac342a30ae247c8,org.java_websocket.issues.Issue256Test.runTestScenarioReconnect,False
61434,Java-WebSocket_fa3909c391195178ccf5a92d4ac342a30ae247c8,org.java_websocket.issues.Issue256Test.runReconnectScenario1,False
61444,Java-WebSocket_fa3909c391195178ccf5a92d4ac342a30ae247c8,org.java_websocket.issues.Issue580Test.onOpen,False
61446,Java-WebSocket_fa3909c391195178ccf5a92d4ac342a30ae247c8,org.java_websocket.issues.Issue580Test.onMessage,False
61457,Java-WebSocket_fa3909c391195178ccf5a92d4ac342a30ae247c8,org.java_websocket.protocols.ProtocolTest.testAcceptProvidedProtocol,False
61458,Java-WebSocket_fa3909c391195178ccf5a92d4ac342a30ae247c8,org.java_websocket.protocols.ProtocolTest.testGetProvidedProtocol,False
61065,Java-WebSocket_fa3909c391195178ccf5a92d4ac342a30ae247c8,org.java_websocket.autobahn.AutobahnServerResults.test2_5,False
61070,Java-WebSocket_fa3909c391195178ccf5a92d4ac342a30ae247c8,org.java_websocket.autobahn.AutobahnServerResults.test2_10,False
61076,Java-WebSocket_fa3909c391195178ccf5a92d4ac342a30ae247c8,org.java_websocket.autobahn.AutobahnServerResults.test3_5,False
61080,Java-WebSocket_fa3909c391195178ccf5a92d4ac342a30ae247c8,org.java_websocket.autobahn.AutobahnServerResults.test4_1_2,False
61081,Java-WebSocket_fa3909c391195178ccf5a92d4ac342a30ae247c8,org.java_websocket.autobahn.AutobahnServerResults.test4_1_3,False
61086,Java-WebSocket_fa3909c391195178ccf5a92d4ac342a30ae247c8,org.java_websocket.autobahn.AutobahnServerResults.test4_2_3,False
61113,Java-WebSocket_fa3909c391195178ccf5a92d4ac342a30ae247c8,org.java_websocket.autobahn.AutobahnServerResults.test6_2_2,False
61116,Java-WebSocket_fa3909c391195178ccf5a92d4ac342a30ae247c8,org.java_websocket.autobahn.AutobahnServerResults.test6_3_1,False
61129,Java-WebSocket_fa3909c391195178ccf5a92d4ac342a30ae247c8,org.java_websocket.autobahn.AutobahnServerResults.test6_6_3,False
61133,Java-WebSocket_fa3909c391195178ccf5a92d4ac342a30ae247c8,org.java_websocket.autobahn.AutobahnServerResults.test6_6_7,False
61142,Java-WebSocket_fa3909c391195178ccf5a92d4ac342a30ae247c8,org.java_websocket.autobahn.AutobahnServerResults.test6_8_1,False
61147,Java-WebSocket_fa3909c391195178ccf5a92d4ac342a30ae247c8,org.java_websocket.autobahn.AutobahnServerResults.test6_9_4,False
61157,Java-WebSocket_fa3909c391195178ccf5a92d4ac342a30ae247c8,org.java_websocket.autobahn.AutobahnServerResults.test6_12_2,False
61161,Java-WebSocket_fa3909c391195178ccf5a92d4ac342a30ae247c8,org.java_websocket.autobahn.AutobahnServerResults.test6_12_6,False
61163,Java-WebSocket_fa3909c391195178ccf5a92d4ac342a30ae247c8,org.java_websocket.autobahn.AutobahnServerResults.test6_12_8,False
61167,Java-WebSocket_fa3909c391195178ccf5a92d4ac342a30ae247c8,org.java_websocket.autobahn.AutobahnServerResults.test6_13_4,False
61173,Java-WebSocket_fa3909c391195178ccf5a92d4ac342a30ae247c8,org.java_websocket.autobahn.AutobahnServerResults.test6_14_5,False
61175,Java-WebSocket_fa3909c391195178ccf5a92d4ac342a30ae247c8,org.java_websocket.autobahn.AutobahnServerResults.test6_14_7,False
61185,Java-WebSocket_fa3909c391195178ccf5a92d4ac342a30ae247c8,org.java_websocket.autobahn.AutobahnServerResults.test6_17_3,False
61208,Java-WebSocket_fa3909c391195178ccf5a92d4ac342a30ae247c8,org.java_websocket.autobahn.AutobahnServerResults.test6_21_4,False
61257,Java-WebSocket_fa3909c391195178ccf5a92d4ac342a30ae247c8,org.java_websocket.autobahn.AutobahnServerResults.test7_1_4,False
61258,Java-WebSocket_fa3909c391195178ccf5a92d4ac342a30ae247c8,org.java_websocket.autobahn.AutobahnServerResults.test7_1_5,False
61260,Java-WebSocket_fa3909c391195178ccf5a92d4ac342a30ae247c8,org.java_websocket.autobahn.AutobahnServerResults.test7_3_1,False
61267,Java-WebSocket_fa3909c391195178ccf5a92d4ac342a30ae247c8,org.java_websocket.autobahn.AutobahnServerResults.test7_7_1,False
61277,Java-WebSocket_fa3909c391195178ccf5a92d4ac342a30ae247c8,org.java_websocket.autobahn.AutobahnServerResults.test7_7_11,False
61296,Java-WebSocket_fa3909c391195178ccf5a92d4ac342a30ae247c8,org.java_websocket.autobahn.AutobahnServerResults.test9_1_5,False
61300,Java-WebSocket_fa3909c391195178ccf5a92d4ac342a30ae247c8,org.java_websocket.autobahn.AutobahnServerResults.test9_2_3,False
61310,Java-WebSocket_fa3909c391195178ccf5a92d4ac342a30ae247c8,org.java_websocket.autobahn.AutobahnServerResults.test9_3_7,False
61331,Java-WebSocket_fa3909c391195178ccf5a92d4ac342a30ae247c8,org.java_websocket.autobahn.AutobahnServerResults.test9_6_4,False
61347,Java-WebSocket_fa3909c391195178ccf5a92d4ac342a30ae247c8,org.java_websocket.util.ByteBufferUtilsTest.testEmptyByteBufferCapacity,False
61354,Java-WebSocket_fa3909c391195178ccf5a92d4ac342a30ae247c8,org.java_websocket.util.ByteBufferUtilsTest.testTransferByteBufferCheckNullBoth,False
61363,Java-WebSocket_fa3909c391195178ccf5a92d4ac342a30ae247c8,org.java_websocket.drafts.Draft_6455Test.testGetCloseHandshakeType,False
61375,Java-WebSocket_fa3909c391195178ccf5a92d4ac342a30ae247c8,org.java_websocket.extensions.DefaultExtensionTest.testAcceptProvidedExtensionAsServer,False
61398,Java-WebSocket_fa3909c391195178ccf5a92d4ac342a30ae247c8,org.java_websocket.framing.PingFrameTest.testExtends,True
61404,Java-WebSocket_fa3909c391195178ccf5a92d4ac342a30ae247c8,org.java_websocket.framing.PongFrameTest.testCopyConstructor,False
61405,Java-WebSocket_fa3909c391195178ccf5a92d4ac342a30ae247c8,org.java_websocket.framing.PongFrameTest.testExtends,False
61409,Java-WebSocket_fa3909c391195178ccf5a92d4ac342a30ae247c8,org.java_websocket.issues.Issue713Test.onClose,False
61417,Java-WebSocket_fa3909c391195178ccf5a92d4ac342a30ae247c8,org.java_websocket.issues.Issue256Test.onError,False
61423,Java-WebSocket_fa3909c391195178ccf5a92d4ac342a30ae247c8,org.java_websocket.issues.Issue256Test.runReconnectBlockingScenario0,False
61427,Java-WebSocket_fa3909c391195178ccf5a92d4ac342a30ae247c8,org.java_websocket.issues.Issue256Test.runReconnectBlockingScenario4,False
61431,Java-WebSocket_fa3909c391195178ccf5a92d4ac342a30ae247c8,org.java_websocket.issues.Issue256Test.runReconnectBlockingScenario8,False
61438,Java-WebSocket_fa3909c391195178ccf5a92d4ac342a30ae247c8,org.java_websocket.issues.Issue256Test.runReconnectScenario5,False
61454,Java-WebSocket_fa3909c391195178ccf5a92d4ac342a30ae247c8,org.java_websocket.issues.Issue580Test.runNoCloseBlockingTestScenario6,False
61044,Java-WebSocket_fa3909c391195178ccf5a92d4ac342a30ae247c8,org.java_websocket.autobahn.AutobahnServerResults.getJSONObject,False
61061,Java-WebSocket_fa3909c391195178ccf5a92d4ac342a30ae247c8,org.java_websocket.autobahn.AutobahnServerResults.test2_1,False
61071,Java-WebSocket_fa3909c391195178ccf5a92d4ac342a30ae247c8,org.java_websocket.autobahn.AutobahnServerResults.test2_11,False
61073,Java-WebSocket_fa3909c391195178ccf5a92d4ac342a30ae247c8,org.java_websocket.autobahn.AutobahnServerResults.test3_2,False
61083,Java-WebSocket_fa3909c391195178ccf5a92d4ac342a30ae247c8,org.java_websocket.autobahn.AutobahnServerResults.test4_1_5,False
61088,Java-WebSocket_fa3909c391195178ccf5a92d4ac342a30ae247c8,org.java_websocket.autobahn.AutobahnServerResults.test4_2_5,False
61097,Java-WebSocket_fa3909c391195178ccf5a92d4ac342a30ae247c8,org.java_websocket.autobahn.AutobahnServerResults.test5_9,False
61115,Java-WebSocket_fa3909c391195178ccf5a92d4ac342a30ae247c8,org.java_websocket.autobahn.AutobahnServerResults.test6_2_4,False
61139,Java-WebSocket_fa3909c391195178ccf5a92d4ac342a30ae247c8,org.java_websocket.autobahn.AutobahnServerResults.test6_7_2,False
61155,Java-WebSocket_fa3909c391195178ccf5a92d4ac342a30ae247c8,org.java_websocket.autobahn.AutobahnServerResults.test6_11_5,False
61181,Java-WebSocket_fa3909c391195178ccf5a92d4ac342a30ae247c8,org.java_websocket.autobahn.AutobahnServerResults.test6_16_2,False
61183,Java-WebSocket_fa3909c391195178ccf5a92d4ac342a30ae247c8,org.java_websocket.autobahn.AutobahnServerResults.test6_17_1,False
61184,Java-WebSocket_fa3909c391195178ccf5a92d4ac342a30ae247c8,org.java_websocket.autobahn.AutobahnServerResults.test6_17_2,False
61189,Java-WebSocket_fa3909c391195178ccf5a92d4ac342a30ae247c8,org.java_websocket.autobahn.AutobahnServerResults.test6_18_2,False
61226,Java-WebSocket_fa3909c391195178ccf5a92d4ac342a30ae247c8,org.java_websocket.autobahn.AutobahnServerResults.test6_22_14,False
61231,Java-WebSocket_fa3909c391195178ccf5a92d4ac342a30ae247c8,org.java_websocket.autobahn.AutobahnServerResults.test6_22_19,False
61232,Java-WebSocket_fa3909c391195178ccf5a92d4ac342a30ae247c8,org.java_websocket.autobahn.AutobahnServerResults.test6_22_20,False
61242,Java-WebSocket_fa3909c391195178ccf5a92d4ac342a30ae247c8,org.java_websocket.autobahn.AutobahnServerResults.test6_22_30,False
61263,Java-WebSocket_fa3909c391195178ccf5a92d4ac342a30ae247c8,org.java_websocket.autobahn.AutobahnServerResults.test7_3_4,False
61270,Java-WebSocket_fa3909c391195178ccf5a92d4ac342a30ae247c8,org.java_websocket.autobahn.AutobahnServerResults.test7_7_4,False
61271,Java-WebSocket_fa3909c391195178ccf5a92d4ac342a30ae247c8,org.java_websocket.autobahn.AutobahnServerResults.test7_7_5,False
61275,Java-WebSocket_fa3909c391195178ccf5a92d4ac342a30ae247c8,org.java_websocket.autobahn.AutobahnServerResults.test7_7_9,False
61281,Java-WebSocket_fa3909c391195178ccf5a92d4ac342a30ae247c8,org.java_websocket.autobahn.AutobahnServerResults.test7_9_2,False
61284,Java-WebSocket_fa3909c391195178ccf5a92d4ac342a30ae247c8,org.java_websocket.autobahn.AutobahnServerResults.test7_9_5,False
61289,Java-WebSocket_fa3909c391195178ccf5a92d4ac342a30ae247c8,org.java_websocket.autobahn.AutobahnServerResults.test7_9_11,False
61299,Java-WebSocket_fa3909c391195178ccf5a92d4ac342a30ae247c8,org.java_websocket.autobahn.AutobahnServerResults.test9_2_2,False
61303,Java-WebSocket_fa3909c391195178ccf5a92d4ac342a30ae247c8,org.java_websocket.autobahn.AutobahnServerResults.test9_2_6,False
61316,Java-WebSocket_fa3909c391195178ccf5a92d4ac342a30ae247c8,org.java_websocket.autobahn.AutobahnServerResults.test9_4_4,False
61328,Java-WebSocket_fa3909c391195178ccf5a92d4ac342a30ae247c8,org.java_websocket.autobahn.AutobahnServerResults.test9_6_1,False
61343,Java-WebSocket_fa3909c391195178ccf5a92d4ac342a30ae247c8,org.java_websocket.autobahn.AutobahnServerResults.test9_8_4,False
61353,Java-WebSocket_fa3909c391195178ccf5a92d4ac342a30ae247c8,org.java_websocket.util.ByteBufferUtilsTest.testTransferByteBufferCheckNullSource,False
61369,Java-WebSocket_fa3909c391195178ccf5a92d4ac342a30ae247c8,org.java_websocket.drafts.Draft_6455Test.postProcessHandshakeRequestAsClient,False
61373,Java-WebSocket_fa3909c391195178ccf5a92d4ac342a30ae247c8,org.java_websocket.extensions.DefaultExtensionTest.testDecodeFrame,False
61391,Java-WebSocket_fa3909c391195178ccf5a92d4ac342a30ae247c8,org.java_websocket.framing.TextFrameTest.testConstructor,False
61393,Java-WebSocket_fa3909c391195178ccf5a92d4ac342a30ae247c8,org.java_websocket.framing.TextFrameTest.testIsValid,False
61413,Java-WebSocket_fa3909c391195178ccf5a92d4ac342a30ae247c8,org.java_websocket.issues.Issue256Test.startServer,False
61421,Java-WebSocket_fa3909c391195178ccf5a92d4ac342a30ae247c8,org.java_websocket.issues.Issue256Test.onMessage,False
61441,Java-WebSocket_fa3909c391195178ccf5a92d4ac342a30ae247c8,org.java_websocket.issues.Issue256Test.runReconnectScenario8,False
61448,Java-WebSocket_fa3909c391195178ccf5a92d4ac342a30ae247c8,org.java_websocket.issues.Issue580Test.onStart,False
61456,Java-WebSocket_fa3909c391195178ccf5a92d4ac342a30ae247c8,org.java_websocket.protocols.ProtocolTest.testConstructor,False
61461,Java-WebSocket_fa3909c391195178ccf5a92d4ac342a30ae247c8,org.java_websocket.protocols.ProtocolTest.testEquals,False
