3762,adyen-java-api-library_6fb5cd049b57a22d2ec4465d204c15f1c90dd325,com.adyen.PayoutTest.testConfirmThirdPartySuccess,False
3763,adyen-java-api-library_6fb5cd049b57a22d2ec4465d204c15f1c90dd325,com.adyen.PayoutTest.testSubmitThirdPartySuccess,False
3783,adyen-java-api-library_6fb5cd049b57a22d2ec4465d204c15f1c90dd325,com.adyen.StoredValueTest.testLoadSuccessMocked,False
3790,adyen-java-api-library_6fb5cd049b57a22d2ec4465d204c15f1c90dd325,com.adyen.NotificationTest.testCaptureFail,False
3805,adyen-java-api-library_6fb5cd049b57a22d2ec4465d204c15f1c90dd325,com.adyen.NexoCryptoTest.testEncryptionWithInvalidSecurityKey,False
3810,adyen-java-api-library_6fb5cd049b57a22d2ec4465d204c15f1c90dd325,com.adyen.BinLookupTest.TestGetCostEstimateInvalidMerchantMocked,False
3824,adyen-java-api-library_6fb5cd049b57a22d2ec4465d204c15f1c90dd325,com.adyen.PaymentTest.TestBoletoSuccess,False
3830,adyen-java-api-library_6fb5cd049b57a22d2ec4465d204c15f1c90dd325,com.adyen.PaymentTest.TestGetAuthenticationResultErrorNotAllowed,False
3834,adyen-java-api-library_6fb5cd049b57a22d2ec4465d204c15f1c90dd325,com.adyen.ModificationTest.TestCancelOrRefundReceived,False
3836,adyen-java-api-library_6fb5cd049b57a22d2ec4465d204c15f1c90dd325,com.adyen.ModificationTest.TestCancelReceived,False
3848,adyen-java-api-library_6fb5cd049b57a22d2ec4465d204c15f1c90dd325,com.adyen.CheckoutTest.TestPaymentMethodsErrorMocked,False
3849,adyen-java-api-library_6fb5cd049b57a22d2ec4465d204c15f1c90dd325,com.adyen.CheckoutTest.TestPaymentsDetailsSuccessMocked,False
3857,adyen-java-api-library_6fb5cd049b57a22d2ec4465d204c15f1c90dd325,com.adyen.CheckoutTest.TestEncryptedPaymentMethodDetails,False
3865,adyen-java-api-library_6fb5cd049b57a22d2ec4465d204c15f1c90dd325,com.adyen.CheckoutTest.TestPayPalDetails,False
3867,adyen-java-api-library_6fb5cd049b57a22d2ec4465d204c15f1c90dd325,com.adyen.CheckoutTest.TestDokuDetailsSerialization,False
3875,adyen-java-api-library_6fb5cd049b57a22d2ec4465d204c15f1c90dd325,com.adyen.CheckoutTest.TestGenericIssuerPaymentMethodDetails,False
3915,adyen-java-api-library_6fb5cd049b57a22d2ec4465d204c15f1c90dd325,com.adyen.CheckoutTest.TestCancels,False
3948,adyen-java-api-library_6fb5cd049b57a22d2ec4465d204c15f1c90dd325,com.adyen.RecurringTest.testListRecurringDetails,False
3949,adyen-java-api-library_6fb5cd049b57a22d2ec4465d204c15f1c90dd325,com.adyen.RecurringTest.testDisable,False
3955,adyen-java-api-library_6fb5cd049b57a22d2ec4465d204c15f1c90dd325,com.adyen.RecurringTest.testNotifyShopper,False
3961,adyen-java-api-library_6fb5cd049b57a22d2ec4465d204c15f1c90dd325,com.adyen.TerminalCloudAPITest.syncPaymentRequestStoredValueSuccess,False
3968,adyen-java-api-library_6fb5cd049b57a22d2ec4465d204c15f1c90dd325,com.adyen.serializer.DateSerializerTest.testSerialize,False
3989,adyen-java-api-library_6fb5cd049b57a22d2ec4465d204c15f1c90dd325,com.adyen.builders.terminal.TerminalAPIRequestBuilderTest.testPaymentRequest,False
4003,adyen-java-api-library_6fb5cd049b57a22d2ec4465d204c15f1c90dd325,com.adyen.service.PaymentLinksTest.TestUpdatePaymentLink,False
4006,adyen-java-api-library_6fb5cd049b57a22d2ec4465d204c15f1c90dd325,com.adyen.service.PaymentLinksTest.createAmountObject,False
3758,adyen-java-api-library_6fb5cd049b57a22d2ec4465d204c15f1c90dd325,com.adyen.PosPaymentTest.testConnectedTerminalsErrorInvalidMerchant,False
3759,adyen-java-api-library_6fb5cd049b57a22d2ec4465d204c15f1c90dd325,com.adyen.PosPaymentTest.testConnectedTerminalsErrorMissingMerchant,False
3760,adyen-java-api-library_6fb5cd049b57a22d2ec4465d204c15f1c90dd325,com.adyen.PayoutTest.testStoreDetailAndSubmitThirdPartySuccess,True
3771,adyen-java-api-library_6fb5cd049b57a22d2ec4465d204c15f1c90dd325,com.adyen.PosTerminalManagementTest.testGetStoresUnderAccountSuccess,False
3773,adyen-java-api-library_6fb5cd049b57a22d2ec4465d204c15f1c90dd325,com.adyen.UtilTest.testAmountDecimals,False
3780,adyen-java-api-library_6fb5cd049b57a22d2ec4465d204c15f1c90dd325,com.adyen.UtilTest.testValidateHMACWithEmptyHmacException,False
3785,adyen-java-api-library_6fb5cd049b57a22d2ec4465d204c15f1c90dd325,com.adyen.StoredValueTest.testMergeBalanceSuccessMocked,False
3786,adyen-java-api-library_6fb5cd049b57a22d2ec4465d204c15f1c90dd325,com.adyen.StoredValueTest.testVoidTransactionSuccessMocked,False
3800,adyen-java-api-library_6fb5cd049b57a22d2ec4465d204c15f1c90dd325,com.adyen.ClientTest.testClientCertificateAuth_AU,False
3802,adyen-java-api-library_6fb5cd049b57a22d2ec4465d204c15f1c90dd325,com.adyen.ClientTest.assertCommonEndpoints,False
3814,adyen-java-api-library_6fb5cd049b57a22d2ec4465d204c15f1c90dd325,com.adyen.PaymentTest.TestAuthoriseError010Mocked,False
3837,adyen-java-api-library_6fb5cd049b57a22d2ec4465d204c15f1c90dd325,com.adyen.ModificationTest.TestVoidPendingRefundReceived,False
3843,adyen-java-api-library_6fb5cd049b57a22d2ec4465d204c15f1c90dd325,com.adyen.CheckoutTest.TestEncryptedPaymentsWithoutHoldernameSuccessMocked,False
3850,adyen-java-api-library_6fb5cd049b57a22d2ec4465d204c15f1c90dd325,com.adyen.CheckoutTest.TestPaymentsDetailsErrorMocked,False
3855,adyen-java-api-library_6fb5cd049b57a22d2ec4465d204c15f1c90dd325,com.adyen.CheckoutTest.TestPaymentMethodsFailureMissingIdentifierOnLive,False
3859,adyen-java-api-library_6fb5cd049b57a22d2ec4465d204c15f1c90dd325,com.adyen.CheckoutTest.TestSepaPaymentMethodDetails,False
3862,adyen-java-api-library_6fb5cd049b57a22d2ec4465d204c15f1c90dd325,com.adyen.CheckoutTest.TestEcontextVoucherDetailsSerialization,False
3866,adyen-java-api-library_6fb5cd049b57a22d2ec4465d204c15f1c90dd325,com.adyen.CheckoutTest.TestPayPalDetailsDeserialization,False
3897,adyen-java-api-library_6fb5cd049b57a22d2ec4465d204c15f1c90dd325,com.adyen.CheckoutTest.TestRecurringProcessingModels,False
3904,adyen-java-api-library_6fb5cd049b57a22d2ec4465d204c15f1c90dd325,com.adyen.CheckoutTest.TestPaymentsNetworkSuccess,False
3909,adyen-java-api-library_6fb5cd049b57a22d2ec4465d204c15f1c90dd325,com.adyen.CheckoutTest.TestStoredPaymentMethods,False
3920,adyen-java-api-library_6fb5cd049b57a22d2ec4465d204c15f1c90dd325,com.adyen.CheckoutTest.TestPaymentsReversalsFailed,False
3940,adyen-java-api-library_6fb5cd049b57a22d2ec4465d204c15f1c90dd325,com.adyen.PaymentRequestTest.TestDefaultApplicationInfoAdyenLibrary,False
3963,adyen-java-api-library_6fb5cd049b57a22d2ec4465d204c15f1c90dd325,com.adyen.serializer.DateTimeGMTSerializerTest.testSerialize,False
3965,adyen-java-api-library_6fb5cd049b57a22d2ec4465d204c15f1c90dd325,com.adyen.serializer.ByteArrayToStringAdapterTest.testDeserialize,False
3993,adyen-java-api-library_6fb5cd049b57a22d2ec4465d204c15f1c90dd325,com.adyen.terminal.security.TerminalCommonNameValidatorTest.TerminalCommonNameValidatorTest,False
3995,adyen-java-api-library_6fb5cd049b57a22d2ec4465d204c15f1c90dd325,com.adyen.service.ResourceTest.testRequest,False
4002,adyen-java-api-library_6fb5cd049b57a22d2ec4465d204c15f1c90dd325,com.adyen.service.PaymentLinksTest.TestGetPaymentLink,False
3768,adyen-java-api-library_6fb5cd049b57a22d2ec4465d204c15f1c90dd325,com.adyen.PosTerminalManagementTest.testAssignTerminalsSuccess,False
3779,adyen-java-api-library_6fb5cd049b57a22d2ec4465d204c15f1c90dd325,com.adyen.UtilTest.testValidateHMACException,False
3788,adyen-java-api-library_6fb5cd049b57a22d2ec4465d204c15f1c90dd325,com.adyen.NotificationTest.testAuthorisationSuccess,False
3792,adyen-java-api-library_6fb5cd049b57a22d2ec4465d204c15f1c90dd325,com.adyen.NotificationTest.testRefundFail,False
3804,adyen-java-api-library_6fb5cd049b57a22d2ec4465d204c15f1c90dd325,com.adyen.NexoCryptoTest.testDecryption,False
3809,adyen-java-api-library_6fb5cd049b57a22d2ec4465d204c15f1c90dd325,com.adyen.BinLookupTest.TestGetCostEstimateSuccessMocked,False
3812,adyen-java-api-library_6fb5cd049b57a22d2ec4465d204c15f1c90dd325,com.adyen.BinLookupTest.TestGetCostEstimateInvalidAmountMocked,False
3819,adyen-java-api-library_6fb5cd049b57a22d2ec4465d204c15f1c90dd325,com.adyen.PaymentTest.TestRetrieve3ds2ResultSuccessMocked,False
3820,adyen-java-api-library_6fb5cd049b57a22d2ec4465d204c15f1c90dd325,com.adyen.PaymentTest.TestAuthoriseCSESuccessMocked,False
3828,adyen-java-api-library_6fb5cd049b57a22d2ec4465d204c15f1c90dd325,com.adyen.PaymentTest.TestGetAuthenticationResultErrorNotFound,False
3835,adyen-java-api-library_6fb5cd049b57a22d2ec4465d204c15f1c90dd325,com.adyen.ModificationTest.TestRefundReceived,False
3879,adyen-java-api-library_6fb5cd049b57a22d2ec4465d204c15f1c90dd325,com.adyen.CheckoutTest.TestVippsDetailsSerialization,False
3882,adyen-java-api-library_6fb5cd049b57a22d2ec4465d204c15f1c90dd325,com.adyen.CheckoutTest.TestShopperNotificationReferencePaymentMethodDetails,False
3900,adyen-java-api-library_6fb5cd049b57a22d2ec4465d204c15f1c90dd325,com.adyen.CheckoutTest.TestPaymentResponseAuthenticationFinished,False
3914,adyen-java-api-library_6fb5cd049b57a22d2ec4465d204c15f1c90dd325,com.adyen.CheckoutTest.TestPaymentsCancelsFailed,False
3930,adyen-java-api-library_6fb5cd049b57a22d2ec4465d204c15f1c90dd325,com.adyen.CheckoutTest.createPaymentsRequestWithOrder,False
3957,adyen-java-api-library_6fb5cd049b57a22d2ec4465d204c15f1c90dd325,com.adyen.TerminalCloudAPITest.syncPaymentRequestSuccess,False
3988,adyen-java-api-library_6fb5cd049b57a22d2ec4465d204c15f1c90dd325,com.adyen.util.HMACValidatorTest.testCalculateHMACNullKey,False
3991,adyen-java-api-library_6fb5cd049b57a22d2ec4465d204c15f1c90dd325,com.adyen.builders.terminal.TerminalAPIRequestBuilderTest.testNoRequest,False
3999,adyen-java-api-library_6fb5cd049b57a22d2ec4465d204c15f1c90dd325,com.adyen.service.PaymentLinksTest.TestCreatePaymentLinksErrorMerchantMissing,False
3761,adyen-java-api-library_6fb5cd049b57a22d2ec4465d204c15f1c90dd325,com.adyen.PayoutTest.testStoreDetailSuccess,False
3765,adyen-java-api-library_6fb5cd049b57a22d2ec4465d204c15f1c90dd325,com.adyen.PayoutTest.testPayoutSuccess,False
3772,adyen-java-api-library_6fb5cd049b57a22d2ec4465d204c15f1c90dd325,com.adyen.PosTerminalManagementTest.testGetTerminalDetailsSuccess,False
3793,adyen-java-api-library_6fb5cd049b57a22d2ec4465d204c15f1c90dd325,com.adyen.NotificationTest.testChargeback,False
3795,adyen-java-api-library_6fb5cd049b57a22d2ec4465d204c15f1c90dd325,com.adyen.NotificationTest.testCancellationTrue,False
3803,adyen-java-api-library_6fb5cd049b57a22d2ec4465d204c15f1c90dd325,com.adyen.NexoCryptoTest.testEncryption,False
3811,adyen-java-api-library_6fb5cd049b57a22d2ec4465d204c15f1c90dd325,com.adyen.BinLookupTest.TestGetCostEstimateInvalidCardNumberMocked,False
3821,adyen-java-api-library_6fb5cd049b57a22d2ec4465d204c15f1c90dd325,com.adyen.PaymentTest.TestAuthoriseCSEErrorExpiredMocked,False
3826,adyen-java-api-library_6fb5cd049b57a22d2ec4465d204c15f1c90dd325,com.adyen.PaymentTest.TestGetAuthenticationResult3ds2Success,False
3832,adyen-java-api-library_6fb5cd049b57a22d2ec4465d204c15f1c90dd325,com.adyen.ModificationTest.TestCaptureSuccess,False
3853,adyen-java-api-library_6fb5cd049b57a22d2ec4465d204c15f1c90dd325,com.adyen.CheckoutTest.TestPaymentsResultSuccessMocked,False
3883,adyen-java-api-library_6fb5cd049b57a22d2ec4465d204c15f1c90dd325,com.adyen.CheckoutTest.TestAndroidPayDetails,False
3886,adyen-java-api-library_6fb5cd049b57a22d2ec4465d204c15f1c90dd325,com.adyen.CheckoutTest.TestMasterPassDetailsSerialization,False
3889,adyen-java-api-library_6fb5cd049b57a22d2ec4465d204c15f1c90dd325,com.adyen.CheckoutTest.TestWeChatPayDetailsSerialization,False
3896,adyen-java-api-library_6fb5cd049b57a22d2ec4465d204c15f1c90dd325,com.adyen.CheckoutTest.TestDateSerializers,False
3899,adyen-java-api-library_6fb5cd049b57a22d2ec4465d204c15f1c90dd325,com.adyen.CheckoutTest.TestPaymentResponseChallengeShopper,False
3906,adyen-java-api-library_6fb5cd049b57a22d2ec4465d204c15f1c90dd325,com.adyen.CheckoutTest.TestOrdersSuccess,False
3917,adyen-java-api-library_6fb5cd049b57a22d2ec4465d204c15f1c90dd325,com.adyen.CheckoutTest.TestPaymentsRefunds,False
3923,adyen-java-api-library_6fb5cd049b57a22d2ec4465d204c15f1c90dd325,com.adyen.CheckoutTest.createPaymentSessionRequest,False
3926,adyen-java-api-library_6fb5cd049b57a22d2ec4465d204c15f1c90dd325,com.adyen.CheckoutTest.createEncryptedPaymentsCheckoutRequest,False
3929,adyen-java-api-library_6fb5cd049b57a22d2ec4465d204c15f1c90dd325,com.adyen.CheckoutTest.createCheckoutCreateOrderRequest,False
3932,adyen-java-api-library_6fb5cd049b57a22d2ec4465d204c15f1c90dd325,com.adyen.CheckoutTest.TestPaymentMethodDetailsDirectDeserialization,False
3950,adyen-java-api-library_6fb5cd049b57a22d2ec4465d204c15f1c90dd325,com.adyen.RecurringTest.testDisable803,False
3952,adyen-java-api-library_6fb5cd049b57a22d2ec4465d204c15f1c90dd325,com.adyen.RecurringTest.testStoreToken101,False
3953,adyen-java-api-library_6fb5cd049b57a22d2ec4465d204c15f1c90dd325,com.adyen.RecurringTest.testScheduleAccountUpdater,False
3954,adyen-java-api-library_6fb5cd049b57a22d2ec4465d204c15f1c90dd325,com.adyen.RecurringTest.testScheduleAccountUpdater130,False
3958,adyen-java-api-library_6fb5cd049b57a22d2ec4465d204c15f1c90dd325,com.adyen.TerminalCloudAPITest.syncPaymentRequestErrorEmptyBody,False
3969,adyen-java-api-library_6fb5cd049b57a22d2ec4465d204c15f1c90dd325,com.adyen.util.CertificateUtilTest.testErrorLoadingCertificateFromPath,False
3975,adyen-java-api-library_6fb5cd049b57a22d2ec4465d204c15f1c90dd325,com.adyen.util.CertificateUtilTest.testLoadKeyStore_ErrorOnNullKeyStorePath,False
3977,adyen-java-api-library_6fb5cd049b57a22d2ec4465d204c15f1c90dd325,com.adyen.util.MaskUtilTest.TestMaskWithFixedSize,False
3981,adyen-java-api-library_6fb5cd049b57a22d2ec4465d204c15f1c90dd325,com.adyen.util.MaskUtilTest.TestMaskCardNumberWithNull,False
3755,adyen-java-api-library_6fb5cd049b57a22d2ec4465d204c15f1c90dd325,com.adyen.ApplicationInfoTest.TestApplicationInfoEquals,False
3757,adyen-java-api-library_6fb5cd049b57a22d2ec4465d204c15f1c90dd325,com.adyen.PosPaymentTest.testConnectedTerminalsSuccess,False
3791,adyen-java-api-library_6fb5cd049b57a22d2ec4465d204c15f1c90dd325,com.adyen.NotificationTest.testRefundSuccess,False
3796,adyen-java-api-library_6fb5cd049b57a22d2ec4465d204c15f1c90dd325,com.adyen.NotificationTest.testOfferClosed,False
3823,adyen-java-api-library_6fb5cd049b57a22d2ec4465d204c15f1c90dd325,com.adyen.PaymentTest.TestOpenInvoice,False
3838,adyen-java-api-library_6fb5cd049b57a22d2ec4465d204c15f1c90dd325,com.adyen.ModificationTest.TestDonateSuccess,False
3840,adyen-java-api-library_6fb5cd049b57a22d2ec4465d204c15f1c90dd325,com.adyen.CheckoutTest.TestPaypalPaymentSuccess,False
3847,adyen-java-api-library_6fb5cd049b57a22d2ec4465d204c15f1c90dd325,com.adyen.CheckoutTest.TestPaymentMethodsStoringMethodsMocked,False
3911,adyen-java-api-library_6fb5cd049b57a22d2ec4465d204c15f1c90dd325,com.adyen.CheckoutTest.TestPaymentsCaptures,False
3912,adyen-java-api-library_6fb5cd049b57a22d2ec4465d204c15f1c90dd325,com.adyen.CheckoutTest.TestPaymentsCapturesFailed,False
3919,adyen-java-api-library_6fb5cd049b57a22d2ec4465d204c15f1c90dd325,com.adyen.CheckoutTest.TestPaymentsReversals,False
3924,adyen-java-api-library_6fb5cd049b57a22d2ec4465d204c15f1c90dd325,com.adyen.CheckoutTest.createPaymentsCheckoutRequest,False
3928,adyen-java-api-library_6fb5cd049b57a22d2ec4465d204c15f1c90dd325,com.adyen.CheckoutTest.createStoredPaymentMethodsRequest,False
3935,adyen-java-api-library_6fb5cd049b57a22d2ec4465d204c15f1c90dd325,com.adyen.CheckoutTest.TestCheckoutSessionSuccess,False
3936,adyen-java-api-library_6fb5cd049b57a22d2ec4465d204c15f1c90dd325,com.adyen.CheckoutTest.TestCheckoutSessionErrorMocked,False
3941,adyen-java-api-library_6fb5cd049b57a22d2ec4465d204c15f1c90dd325,com.adyen.PaymentRequestTest.TestCustomApplicationInfoAdyenLibrary,False
3967,adyen-java-api-library_6fb5cd049b57a22d2ec4465d204c15f1c90dd325,com.adyen.serializer.DateTimeISO8601SerializerTest.testSerialize,False
3972,adyen-java-api-library_6fb5cd049b57a22d2ec4465d204c15f1c90dd325,com.adyen.util.CertificateUtilTest.testLoadKeyStore,False
3978,adyen-java-api-library_6fb5cd049b57a22d2ec4465d204c15f1c90dd325,com.adyen.util.MaskUtilTest.TestMaskWithFixedSizeWithEmptyString,False
3980,adyen-java-api-library_6fb5cd049b57a22d2ec4465d204c15f1c90dd325,com.adyen.util.MaskUtilTest.TestMaskCardNumberWithHyphens,False
3982,adyen-java-api-library_6fb5cd049b57a22d2ec4465d204c15f1c90dd325,com.adyen.util.MaskUtilTest.TestMaskCardNumberWithEmptyString,False
3985,adyen-java-api-library_6fb5cd049b57a22d2ec4465d204c15f1c90dd325,com.adyen.util.HMACValidatorTest.testValidateHMACMissingOptionalField,False
3782,adyen-java-api-library_6fb5cd049b57a22d2ec4465d204c15f1c90dd325,com.adyen.StoredValueTest.testChangeStatusActiveSuccessMocked,False
3789,adyen-java-api-library_6fb5cd049b57a22d2ec4465d204c15f1c90dd325,com.adyen.NotificationTest.testCaptureSuccess,False
3806,adyen-java-api-library_6fb5cd049b57a22d2ec4465d204c15f1c90dd325,com.adyen.NexoCryptoTest.testDecryptionWithInvalidHmac,False
3808,adyen-java-api-library_6fb5cd049b57a22d2ec4465d204c15f1c90dd325,com.adyen.BinLookupTest.TestGet3dsAvailabilityInvalidMerchantMocked,False
3825,adyen-java-api-library_6fb5cd049b57a22d2ec4465d204c15f1c90dd325,com.adyen.PaymentTest.TestGetAuthenticationResult3ds1Success,True
3842,adyen-java-api-library_6fb5cd049b57a22d2ec4465d204c15f1c90dd325,com.adyen.CheckoutTest.TestEncryptedPaymentsSuccessMocked,False
3846,adyen-java-api-library_6fb5cd049b57a22d2ec4465d204c15f1c90dd325,com.adyen.CheckoutTest.TestPaymentMethodsOneClickSuccessMocked,False
3860,adyen-java-api-library_6fb5cd049b57a22d2ec4465d204c15f1c90dd325,com.adyen.CheckoutTest.TestSepaDirectDebitDetailsSerialization,False
3870,adyen-java-api-library_6fb5cd049b57a22d2ec4465d204c15f1c90dd325,com.adyen.CheckoutTest.TestBillDeskOnlineDetailsSerialization,False
3873,adyen-java-api-library_6fb5cd049b57a22d2ec4465d204c15f1c90dd325,com.adyen.CheckoutTest.TestDotpayDetailsSerialization,False
3887,adyen-java-api-library_6fb5cd049b57a22d2ec4465d204c15f1c90dd325,com.adyen.CheckoutTest.TestMobilePayDetailsSerialization,False
3891,adyen-java-api-library_6fb5cd049b57a22d2ec4465d204c15f1c90dd325,com.adyen.CheckoutTest.TestBlikDetailsSerialization,False
3892,adyen-java-api-library_6fb5cd049b57a22d2ec4465d204c15f1c90dd325,com.adyen.CheckoutTest.TestDragonpayDetailsSerialization,False
3901,adyen-java-api-library_6fb5cd049b57a22d2ec4465d204c15f1c90dd325,com.adyen.CheckoutTest.TestStoredPaymentMethodsSuccess,False
3925,adyen-java-api-library_6fb5cd049b57a22d2ec4465d204c15f1c90dd325,com.adyen.CheckoutTest.createBacsDirectDebitDetails,False
3934,adyen-java-api-library_6fb5cd049b57a22d2ec4465d204c15f1c90dd325,com.adyen.CheckoutTest.createCreateCheckoutSessionRequest,False
3944,adyen-java-api-library_6fb5cd049b57a22d2ec4465d204c15f1c90dd325,com.adyen.RecurringTest.createDisableRequest,False
3962,adyen-java-api-library_6fb5cd049b57a22d2ec4465d204c15f1c90dd325,com.adyen.PaymentResultTest.TestAuthenticationFinishedResultCodeDeserialization,False
3973,adyen-java-api-library_6fb5cd049b57a22d2ec4465d204c15f1c90dd325,com.adyen.util.CertificateUtilTest.testLoadKeyStore_WithoutPassword,False
3979,adyen-java-api-library_6fb5cd049b57a22d2ec4465d204c15f1c90dd325,com.adyen.util.MaskUtilTest.TestMaskCardNumber,False
3983,adyen-java-api-library_6fb5cd049b57a22d2ec4465d204c15f1c90dd325,com.adyen.util.MaskUtilTest.TestMaskCardNumberWithTooShortCardNumber,False
3996,adyen-java-api-library_6fb5cd049b57a22d2ec4465d204c15f1c90dd325,com.adyen.service.ResourceTest.testRequestExceptionEmpty,False
4004,adyen-java-api-library_6fb5cd049b57a22d2ec4465d204c15f1c90dd325,com.adyen.service.PaymentLinksTest.assertPaymentLinkResource,False
3764,adyen-java-api-library_6fb5cd049b57a22d2ec4465d204c15f1c90dd325,com.adyen.PayoutTest.testDeclineThirdPartySuccess,True
3769,adyen-java-api-library_6fb5cd049b57a22d2ec4465d204c15f1c90dd325,com.adyen.PosTerminalManagementTest.testFindTerminalSuccess,False
3770,adyen-java-api-library_6fb5cd049b57a22d2ec4465d204c15f1c90dd325,com.adyen.PosTerminalManagementTest.testGetTerminalsUnderAccountSuccess,False
3774,adyen-java-api-library_6fb5cd049b57a22d2ec4465d204c15f1c90dd325,com.adyen.UtilTest.testCreateAmount,False
3794,adyen-java-api-library_6fb5cd049b57a22d2ec4465d204c15f1c90dd325,com.adyen.NotificationTest.testAuthorisationAdjustmentTrue,False
3801,adyen-java-api-library_6fb5cd049b57a22d2ec4465d204c15f1c90dd325,com.adyen.ClientTest.testClientCertificateAuth_US,False
3813,adyen-java-api-library_6fb5cd049b57a22d2ec4465d204c15f1c90dd325,com.adyen.PaymentTest.TestAuthoriseSuccessMocked,False
3816,adyen-java-api-library_6fb5cd049b57a22d2ec4465d204c15f1c90dd325,com.adyen.PaymentTest.TestAuthoriseSuccess3DMocked,True
3852,adyen-java-api-library_6fb5cd049b57a22d2ec4465d204c15f1c90dd325,com.adyen.CheckoutTest.TestPaymentSessionErrorMocked,False
3858,adyen-java-api-library_6fb5cd049b57a22d2ec4465d204c15f1c90dd325,com.adyen.CheckoutTest.TestMultibancoPaymentsSuccessMocked,False
3868,adyen-java-api-library_6fb5cd049b57a22d2ec4465d204c15f1c90dd325,com.adyen.CheckoutTest.TestAmazonPayDetailsSerialization,False
3876,adyen-java-api-library_6fb5cd049b57a22d2ec4465d204c15f1c90dd325,com.adyen.CheckoutTest.TestGiropayDetailsSerialization,False
3878,adyen-java-api-library_6fb5cd049b57a22d2ec4465d204c15f1c90dd325,com.adyen.CheckoutTest.TestSamsungPayDetailsSerialization,False
3880,adyen-java-api-library_6fb5cd049b57a22d2ec4465d204c15f1c90dd325,com.adyen.CheckoutTest.TestVisaCheckoutDetailsSerialization,False
3893,adyen-java-api-library_6fb5cd049b57a22d2ec4465d204c15f1c90dd325,com.adyen.CheckoutTest.TestLianLianPayDetailsSerialization,False
3902,adyen-java-api-library_6fb5cd049b57a22d2ec4465d204c15f1c90dd325,com.adyen.CheckoutTest.TestStoredPaymentMethodsErrorMocked,False
3910,adyen-java-api-library_6fb5cd049b57a22d2ec4465d204c15f1c90dd325,com.adyen.CheckoutTest.TestPaymentsResponseIdentifyShopper,False
3921,adyen-java-api-library_6fb5cd049b57a22d2ec4465d204c15f1c90dd325,com.adyen.CheckoutTest.TestPaymentsAmountUpdates,False
3931,adyen-java-api-library_6fb5cd049b57a22d2ec4465d204c15f1c90dd325,com.adyen.CheckoutTest.createBankTransferPaymentRequest,False
3947,adyen-java-api-library_6fb5cd049b57a22d2ec4465d204c15f1c90dd325,com.adyen.RecurringTest.createNotifyShopperRequest,True
3951,adyen-java-api-library_6fb5cd049b57a22d2ec4465d204c15f1c90dd325,com.adyen.RecurringTest.testStoreToken,False
3959,adyen-java-api-library_6fb5cd049b57a22d2ec4465d204c15f1c90dd325,com.adyen.TerminalCloudAPITest.syncAbortRequestSuccess,True
3964,adyen-java-api-library_6fb5cd049b57a22d2ec4465d204c15f1c90dd325,com.adyen.serializer.ByteArrayToStringAdapterTest.testSerialize,True
3987,adyen-java-api-library_6fb5cd049b57a22d2ec4465d204c15f1c90dd325,com.adyen.util.HMACValidatorTest.testCalculateHMACNullPayload,True
4001,adyen-java-api-library_6fb5cd049b57a22d2ec4465d204c15f1c90dd325,com.adyen.service.PaymentLinksTest.TestCreatePaymentLinksErrorReferenceMissing,True
3767,adyen-java-api-library_6fb5cd049b57a22d2ec4465d204c15f1c90dd325,com.adyen.PayoutTest.testPayoutErrorReference,False
3777,adyen-java-api-library_6fb5cd049b57a22d2ec4465d204c15f1c90dd325,com.adyen.UtilTest.testHmac,False
3781,adyen-java-api-library_6fb5cd049b57a22d2ec4465d204c15f1c90dd325,com.adyen.StoredValueTest.testIssueSuccessMocked,False
3787,adyen-java-api-library_6fb5cd049b57a22d2ec4465d204c15f1c90dd325,com.adyen.NotificationTest.init,False
3798,adyen-java-api-library_6fb5cd049b57a22d2ec4465d204c15f1c90dd325,com.adyen.NotificationTest.readNotificationRequestFromFile,False
3807,adyen-java-api-library_6fb5cd049b57a22d2ec4465d204c15f1c90dd325,com.adyen.BinLookupTest.TestGet3dsAvailabilitySuccessMocked,False
3815,adyen-java-api-library_6fb5cd049b57a22d2ec4465d204c15f1c90dd325,com.adyen.PaymentTest.TestAuthoriseErrorCVCDeclinedMocked,False
3827,adyen-java-api-library_6fb5cd049b57a22d2ec4465d204c15f1c90dd325,com.adyen.PaymentTest.TestGetAuthenticationResultErrorOldAuthentication,False
3833,adyen-java-api-library_6fb5cd049b57a22d2ec4465d204c15f1c90dd325,com.adyen.ModificationTest.TestCaptureError167,False
3841,adyen-java-api-library_6fb5cd049b57a22d2ec4465d204c15f1c90dd325,com.adyen.CheckoutTest.TestOneTimePassPaymentSuccess,False
3851,adyen-java-api-library_6fb5cd049b57a22d2ec4465d204c15f1c90dd325,com.adyen.CheckoutTest.TestPaymentSessionSuccessMocked,False
3856,adyen-java-api-library_6fb5cd049b57a22d2ec4465d204c15f1c90dd325,com.adyen.CheckoutTest.TestPaymentMethodDetails,False
3863,adyen-java-api-library_6fb5cd049b57a22d2ec4465d204c15f1c90dd325,com.adyen.CheckoutTest.TestIdealDetailsSerialization,False
3881,adyen-java-api-library_6fb5cd049b57a22d2ec4465d204c15f1c90dd325,com.adyen.CheckoutTest.TestRecurringPaymentMethodDetails,False
3888,adyen-java-api-library_6fb5cd049b57a22d2ec4465d204c15f1c90dd325,com.adyen.CheckoutTest.TestPayUUpiDetailsSerialization,False
3890,adyen-java-api-library_6fb5cd049b57a22d2ec4465d204c15f1c90dd325,com.adyen.CheckoutTest.TestWeChatPayMiniProgramDetailsSerialization,False
3918,adyen-java-api-library_6fb5cd049b57a22d2ec4465d204c15f1c90dd325,com.adyen.CheckoutTest.TestPaymentsRefundsFailed,False
3956,adyen-java-api-library_6fb5cd049b57a22d2ec4465d204c15f1c90dd325,com.adyen.TerminalCloudAPITest.asyncPaymentRequestSuccess,False
3974,adyen-java-api-library_6fb5cd049b57a22d2ec4465d204c15f1c90dd325,com.adyen.util.CertificateUtilTest.testLoadKeyStore_FileNotFoundErrorOnInvalidPath,False
3994,adyen-java-api-library_6fb5cd049b57a22d2ec4465d204c15f1c90dd325,com.adyen.terminal.security.TerminalCommonNameValidatorTest.testSerialize,False
3997,adyen-java-api-library_6fb5cd049b57a22d2ec4465d204c15f1c90dd325,com.adyen.service.ResourceTest.testRequestException,False
4007,adyen-java-api-library_6fb5cd049b57a22d2ec4465d204c15f1c90dd325,com.adyen.service.CheckoutTest.testPaymentsRequestWithXidAndCavv,False
3766,adyen-java-api-library_6fb5cd049b57a22d2ec4465d204c15f1c90dd325,com.adyen.PayoutTest.testPayoutErrorMerchant,False
3776,adyen-java-api-library_6fb5cd049b57a22d2ec4465d204c15f1c90dd325,com.adyen.UtilTest.testImplode,False
3784,adyen-java-api-library_6fb5cd049b57a22d2ec4465d204c15f1c90dd325,com.adyen.StoredValueTest.testCheckBalanceSuccessMocked,False
3831,adyen-java-api-library_6fb5cd049b57a22d2ec4465d204c15f1c90dd325,com.adyen.TerminalLocalAPITest.syncPaymentRequestSuccess,False
3839,adyen-java-api-library_6fb5cd049b57a22d2ec4465d204c15f1c90dd325,com.adyen.CheckoutTest.TestPaymentsSuccessMocked,False
3854,adyen-java-api-library_6fb5cd049b57a22d2ec4465d204c15f1c90dd325,com.adyen.CheckoutTest.TestPaymentsResultErrorMocked,False
3861,adyen-java-api-library_6fb5cd049b57a22d2ec4465d204c15f1c90dd325,com.adyen.CheckoutTest.TestAchDetailsSerialization,False
3864,adyen-java-api-library_6fb5cd049b57a22d2ec4465d204c15f1c90dd325,com.adyen.CheckoutTest.TestGooglePayDetailsSerialization,False
3869,adyen-java-api-library_6fb5cd049b57a22d2ec4465d204c15f1c90dd325,com.adyen.CheckoutTest.TestApplePayDetailsSerialization,False
3871,adyen-java-api-library_6fb5cd049b57a22d2ec4465d204c15f1c90dd325,com.adyen.CheckoutTest.TestBacsDirectDebitDetailsSerialization,False
3872,adyen-java-api-library_6fb5cd049b57a22d2ec4465d204c15f1c90dd325,com.adyen.CheckoutTest.TestBilldeskWalletDetailsSerialization,False
3877,adyen-java-api-library_6fb5cd049b57a22d2ec4465d204c15f1c90dd325,com.adyen.CheckoutTest.TestQiwiWalletDetailsSerialization,False
3885,adyen-java-api-library_6fb5cd049b57a22d2ec4465d204c15f1c90dd325,com.adyen.CheckoutTest.TestKlarnaDetailsSerialization,False
3895,adyen-java-api-library_6fb5cd049b57a22d2ec4465d204c15f1c90dd325,com.adyen.CheckoutTest.TestMolPayDetailsSerialization,False
3903,adyen-java-api-library_6fb5cd049b57a22d2ec4465d204c15f1c90dd325,com.adyen.CheckoutTest.TestApiExceptionErrorMocked,False
3905,adyen-java-api-library_6fb5cd049b57a22d2ec4465d204c15f1c90dd325,com.adyen.CheckoutTest.TestRiskDataInRequest,False
3908,adyen-java-api-library_6fb5cd049b57a22d2ec4465d204c15f1c90dd325,com.adyen.CheckoutTest.TestOrdersCancelSuccess,False
3913,adyen-java-api-library_6fb5cd049b57a22d2ec4465d204c15f1c90dd325,com.adyen.CheckoutTest.TestPaymentsCancels,False
3939,adyen-java-api-library_6fb5cd049b57a22d2ec4465d204c15f1c90dd325,com.adyen.PaymentRequestTest.TestPaypalEcsRequest,False
3943,adyen-java-api-library_6fb5cd049b57a22d2ec4465d204c15f1c90dd325,com.adyen.RecurringTest.createRecurringDetailsRequest,False
3960,adyen-java-api-library_6fb5cd049b57a22d2ec4465d204c15f1c90dd325,com.adyen.TerminalCloudAPITest.syncInputRequestSuccess,False
3970,adyen-java-api-library_6fb5cd049b57a22d2ec4465d204c15f1c90dd325,com.adyen.util.CertificateUtilTest.testLoadCertificateFromPath,False
3971,adyen-java-api-library_6fb5cd049b57a22d2ec4465d204c15f1c90dd325,com.adyen.util.CertificateUtilTest.testLoadCertificateFromInputStream,False
3976,adyen-java-api-library_6fb5cd049b57a22d2ec4465d204c15f1c90dd325,com.adyen.util.CertificateUtilTest.testLoadKeyStore_ErrorOnNullKeyStoreType,False
3990,adyen-java-api-library_6fb5cd049b57a22d2ec4465d204c15f1c90dd325,com.adyen.builders.terminal.TerminalAPIRequestBuilderTest.testMultipleRequestObjects,False
3992,adyen-java-api-library_6fb5cd049b57a22d2ec4465d204c15f1c90dd325,com.adyen.terminal.security.TerminalCommonNameValidatorTest.data,False
3998,adyen-java-api-library_6fb5cd049b57a22d2ec4465d204c15f1c90dd325,com.adyen.service.PaymentLinksTest.TestCreatePaymentLinksSuccess,False
4000,adyen-java-api-library_6fb5cd049b57a22d2ec4465d204c15f1c90dd325,com.adyen.service.PaymentLinksTest.TestCreatePaymentLinksErrorAmountMissing,False
3756,adyen-java-api-library_6fb5cd049b57a22d2ec4465d204c15f1c90dd325,com.adyen.ApplicationInfoTest.TestApplicationInfoPrefilledLibraryFields,False
3775,adyen-java-api-library_6fb5cd049b57a22d2ec4465d204c15f1c90dd325,com.adyen.UtilTest.testGetDataToSign,False
3778,adyen-java-api-library_6fb5cd049b57a22d2ec4465d204c15f1c90dd325,com.adyen.UtilTest.testNotificationHmac,False
3797,adyen-java-api-library_6fb5cd049b57a22d2ec4465d204c15f1c90dd325,com.adyen.NotificationTest.testGsonAndJacksonSerializeNotificationRequest,False
3799,adyen-java-api-library_6fb5cd049b57a22d2ec4465d204c15f1c90dd325,com.adyen.ClientTest.testClientCertificateAuth,False
3817,adyen-java-api-library_6fb5cd049b57a22d2ec4465d204c15f1c90dd325,com.adyen.PaymentTest.TestAuthorise3DSuccessMocked,False
3818,adyen-java-api-library_6fb5cd049b57a22d2ec4465d204c15f1c90dd325,com.adyen.PaymentTest.TestAuthorise3DS2SuccessMocked,False
3822,adyen-java-api-library_6fb5cd049b57a22d2ec4465d204c15f1c90dd325,com.adyen.PaymentTest.TestError401Mocked,False
3829,adyen-java-api-library_6fb5cd049b57a22d2ec4465d204c15f1c90dd325,com.adyen.PaymentTest.TestGetAuthenticationResultErrorInvalidPsp,False
3844,adyen-java-api-library_6fb5cd049b57a22d2ec4465d204c15f1c90dd325,com.adyen.CheckoutTest.TestPaymentsErrorMocked,False
3845,adyen-java-api-library_6fb5cd049b57a22d2ec4465d204c15f1c90dd325,com.adyen.CheckoutTest.TestPaymentMethodsSuccessMocked,False
3874,adyen-java-api-library_6fb5cd049b57a22d2ec4465d204c15f1c90dd325,com.adyen.CheckoutTest.TestEntercashDetailsSerialization,False
3884,adyen-java-api-library_6fb5cd049b57a22d2ec4465d204c15f1c90dd325,com.adyen.CheckoutTest.TestAndroidPayDetailsDeserializer,False
3894,adyen-java-api-library_6fb5cd049b57a22d2ec4465d204c15f1c90dd325,com.adyen.CheckoutTest.TestMbwayDetailsSerialization,False
3898,adyen-java-api-library_6fb5cd049b57a22d2ec4465d204c15f1c90dd325,com.adyen.CheckoutTest.TestPaymentResponseDate,False
3907,adyen-java-api-library_6fb5cd049b57a22d2ec4465d204c15f1c90dd325,com.adyen.CheckoutTest.TestPaymentsWithOrderSuccess,False
3916,adyen-java-api-library_6fb5cd049b57a22d2ec4465d204c15f1c90dd325,com.adyen.CheckoutTest.TestCancelsFailed,False
3922,adyen-java-api-library_6fb5cd049b57a22d2ec4465d204c15f1c90dd325,com.adyen.CheckoutTest.TestPaymentsAmountUpdatesFailed,False
3927,adyen-java-api-library_6fb5cd049b57a22d2ec4465d204c15f1c90dd325,com.adyen.CheckoutTest.createPaymentsNetworkCheckoutRequest,False
3933,adyen-java-api-library_6fb5cd049b57a22d2ec4465d204c15f1c90dd325,com.adyen.CheckoutTest.TestBankTransferPaymentsSuccess,False
3937,adyen-java-api-library_6fb5cd049b57a22d2ec4465d204c15f1c90dd325,com.adyen.CheckoutUtilityTest.TestOriginKeysSuccessMocked,False
3938,adyen-java-api-library_6fb5cd049b57a22d2ec4465d204c15f1c90dd325,com.adyen.PaymentRequestTest.TestOpenInvoiceRequest,False
3942,adyen-java-api-library_6fb5cd049b57a22d2ec4465d204c15f1c90dd325,com.adyen.PaymentRequestTest.TestPaymentsRequestForPresenceOfItemURLs,False
3945,adyen-java-api-library_6fb5cd049b57a22d2ec4465d204c15f1c90dd325,com.adyen.RecurringTest.createStoreTokenRequest,False
3946,adyen-java-api-library_6fb5cd049b57a22d2ec4465d204c15f1c90dd325,com.adyen.RecurringTest.createScheduleAccountUpdaterRequest,False
3966,adyen-java-api-library_6fb5cd049b57a22d2ec4465d204c15f1c90dd325,com.adyen.serializer.SaleToAcquirerDataSerializerTest.testSerialize,False
3984,adyen-java-api-library_6fb5cd049b57a22d2ec4465d204c15f1c90dd325,com.adyen.util.HMACValidatorTest.testValidateHMAC,False
3986,adyen-java-api-library_6fb5cd049b57a22d2ec4465d204c15f1c90dd325,com.adyen.util.HMACValidatorTest.testValidateHMACEmptyNotificationRequest,False
4005,adyen-java-api-library_6fb5cd049b57a22d2ec4465d204c15f1c90dd325,com.adyen.service.PaymentLinksTest.createPaymentLinkRequest,False
