61060,Java-WebSocket_fa3909c391195178ccf5a92d4ac342a30ae247c8,org.java_websocket.autobahn.AutobahnServerResults.test1_2_8,True
61067,Java-WebSocket_fa3909c391195178ccf5a92d4ac342a30ae247c8,org.java_websocket.autobahn.AutobahnServerResults.test2_7,True
61072,Java-WebSocket_fa3909c391195178ccf5a92d4ac342a30ae247c8,org.java_websocket.autobahn.AutobahnServerResults.test3_1,True
61101,Java-WebSocket_fa3909c391195178ccf5a92d4ac342a30ae247c8,org.java_websocket.autobahn.AutobahnServerResults.test5_13,True
61132,Java-WebSocket_fa3909c391195178ccf5a92d4ac342a30ae247c8,org.java_websocket.autobahn.AutobahnServerResults.test6_6_6,True
61135,Java-WebSocket_fa3909c391195178ccf5a92d4ac342a30ae247c8,org.java_websocket.autobahn.AutobahnServerResults.test6_6_9,True
61136,Java-WebSocket_fa3909c391195178ccf5a92d4ac342a30ae247c8,org.java_websocket.autobahn.AutobahnServerResults.test6_6_10,True
61150,Java-WebSocket_fa3909c391195178ccf5a92d4ac342a30ae247c8,org.java_websocket.autobahn.AutobahnServerResults.test6_10_3,True
61151,Java-WebSocket_fa3909c391195178ccf5a92d4ac342a30ae247c8,org.java_websocket.autobahn.AutobahnServerResults.test6_11_1,True
61159,Java-WebSocket_fa3909c391195178ccf5a92d4ac342a30ae247c8,org.java_websocket.autobahn.AutobahnServerResults.test6_12_4,True
61164,Java-WebSocket_fa3909c391195178ccf5a92d4ac342a30ae247c8,org.java_websocket.autobahn.AutobahnServerResults.test6_13_1,True
61166,Java-WebSocket_fa3909c391195178ccf5a92d4ac342a30ae247c8,org.java_websocket.autobahn.AutobahnServerResults.test6_13_3,True
61174,Java-WebSocket_fa3909c391195178ccf5a92d4ac342a30ae247c8,org.java_websocket.autobahn.AutobahnServerResults.test6_14_6,True
61176,Java-WebSocket_fa3909c391195178ccf5a92d4ac342a30ae247c8,org.java_websocket.autobahn.AutobahnServerResults.test6_14_8,True
61190,Java-WebSocket_fa3909c391195178ccf5a92d4ac342a30ae247c8,org.java_websocket.autobahn.AutobahnServerResults.test6_18_3,True
61210,Java-WebSocket_fa3909c391195178ccf5a92d4ac342a30ae247c8,org.java_websocket.autobahn.AutobahnServerResults.test6_21_6,True
61211,Java-WebSocket_fa3909c391195178ccf5a92d4ac342a30ae247c8,org.java_websocket.autobahn.AutobahnServerResults.test6_21_7,True
61219,Java-WebSocket_fa3909c391195178ccf5a92d4ac342a30ae247c8,org.java_websocket.autobahn.AutobahnServerResults.test6_22_7,True
61228,Java-WebSocket_fa3909c391195178ccf5a92d4ac342a30ae247c8,org.java_websocket.autobahn.AutobahnServerResults.test6_22_16,True
61243,Java-WebSocket_fa3909c391195178ccf5a92d4ac342a30ae247c8,org.java_websocket.autobahn.AutobahnServerResults.test6_22_31,True
61246,Java-WebSocket_fa3909c391195178ccf5a92d4ac342a30ae247c8,org.java_websocket.autobahn.AutobahnServerResults.test6_22_34,True
61247,Java-WebSocket_fa3909c391195178ccf5a92d4ac342a30ae247c8,org.java_websocket.autobahn.AutobahnServerResults.test6_23_1,True
61249,Java-WebSocket_fa3909c391195178ccf5a92d4ac342a30ae247c8,org.java_websocket.autobahn.AutobahnServerResults.test6_23_3,True
61285,Java-WebSocket_fa3909c391195178ccf5a92d4ac342a30ae247c8,org.java_websocket.autobahn.AutobahnServerResults.test7_9_7,True
61287,Java-WebSocket_fa3909c391195178ccf5a92d4ac342a30ae247c8,org.java_websocket.autobahn.AutobahnServerResults.test7_9_9,True
61298,Java-WebSocket_fa3909c391195178ccf5a92d4ac342a30ae247c8,org.java_websocket.autobahn.AutobahnServerResults.test9_2_1,True
61302,Java-WebSocket_fa3909c391195178ccf5a92d4ac342a30ae247c8,org.java_websocket.autobahn.AutobahnServerResults.test9_2_5,True
61308,Java-WebSocket_fa3909c391195178ccf5a92d4ac342a30ae247c8,org.java_websocket.autobahn.AutobahnServerResults.test9_3_5,True
61333,Java-WebSocket_fa3909c391195178ccf5a92d4ac342a30ae247c8,org.java_websocket.autobahn.AutobahnServerResults.test9_6_6,True
61334,Java-WebSocket_fa3909c391195178ccf5a92d4ac342a30ae247c8,org.java_websocket.autobahn.AutobahnServerResults.test9_7_1,True
61339,Java-WebSocket_fa3909c391195178ccf5a92d4ac342a30ae247c8,org.java_websocket.autobahn.AutobahnServerResults.test9_7_6,True
61344,Java-WebSocket_fa3909c391195178ccf5a92d4ac342a30ae247c8,org.java_websocket.autobahn.AutobahnServerResults.test9_8_5,True
61358,Java-WebSocket_fa3909c391195178ccf5a92d4ac342a30ae247c8,org.java_websocket.drafts.Draft_6455Test.testGetKnownExtensions,True
61362,Java-WebSocket_fa3909c391195178ccf5a92d4ac342a30ae247c8,org.java_websocket.drafts.Draft_6455Test.testReset,True
61376,Java-WebSocket_fa3909c391195178ccf5a92d4ac342a30ae247c8,org.java_websocket.extensions.DefaultExtensionTest.testAcceptProvidedExtensionAsClient,True
61397,Java-WebSocket_fa3909c391195178ccf5a92d4ac342a30ae247c8,org.java_websocket.framing.PingFrameTest.testConstructor,True
61401,Java-WebSocket_fa3909c391195178ccf5a92d4ac342a30ae247c8,org.java_websocket.framing.BinaryFrameTest.testExtends,True
61402,Java-WebSocket_fa3909c391195178ccf5a92d4ac342a30ae247c8,org.java_websocket.framing.BinaryFrameTest.testIsValid,True
61412,Java-WebSocket_fa3909c391195178ccf5a92d4ac342a30ae247c8,org.java_websocket.issues.Issue713Test.onStart,True
61440,Java-WebSocket_fa3909c391195178ccf5a92d4ac342a30ae247c8,org.java_websocket.issues.Issue256Test.runReconnectScenario7,True
61445,Java-WebSocket_fa3909c391195178ccf5a92d4ac342a30ae247c8,org.java_websocket.issues.Issue580Test.onClose,True
61452,Java-WebSocket_fa3909c391195178ccf5a92d4ac342a30ae247c8,org.java_websocket.issues.Issue580Test.runNoCloseBlockingTestScenario4,True
61462,Java-WebSocket_fa3909c391195178ccf5a92d4ac342a30ae247c8,org.java_websocket.protocols.ProtocolTest.testHashCode,True
61048,Java-WebSocket_fa3909c391195178ccf5a92d4ac342a30ae247c8,org.java_websocket.autobahn.AutobahnServerResults.test1_1_4,True
61057,Java-WebSocket_fa3909c391195178ccf5a92d4ac342a30ae247c8,org.java_websocket.autobahn.AutobahnServerResults.test1_2_5,True
61062,Java-WebSocket_fa3909c391195178ccf5a92d4ac342a30ae247c8,org.java_websocket.autobahn.AutobahnServerResults.test2_2,True
61066,Java-WebSocket_fa3909c391195178ccf5a92d4ac342a30ae247c8,org.java_websocket.autobahn.AutobahnServerResults.test2_6,True
61108,Java-WebSocket_fa3909c391195178ccf5a92d4ac342a30ae247c8,org.java_websocket.autobahn.AutobahnServerResults.test5_20,True
61117,Java-WebSocket_fa3909c391195178ccf5a92d4ac342a30ae247c8,org.java_websocket.autobahn.AutobahnServerResults.test6_3_2,True
61123,Java-WebSocket_fa3909c391195178ccf5a92d4ac342a30ae247c8,org.java_websocket.autobahn.AutobahnServerResults.test6_5_2,True
61127,Java-WebSocket_fa3909c391195178ccf5a92d4ac342a30ae247c8,org.java_websocket.autobahn.AutobahnServerResults.test6_6_1,True
61149,Java-WebSocket_fa3909c391195178ccf5a92d4ac342a30ae247c8,org.java_websocket.autobahn.AutobahnServerResults.test6_10_2,True
61170,Java-WebSocket_fa3909c391195178ccf5a92d4ac342a30ae247c8,org.java_websocket.autobahn.AutobahnServerResults.test6_14_2,True
61172,Java-WebSocket_fa3909c391195178ccf5a92d4ac342a30ae247c8,org.java_websocket.autobahn.AutobahnServerResults.test6_14_4,True
61191,Java-WebSocket_fa3909c391195178ccf5a92d4ac342a30ae247c8,org.java_websocket.autobahn.AutobahnServerResults.test6_18_4,True
61196,Java-WebSocket_fa3909c391195178ccf5a92d4ac342a30ae247c8,org.java_websocket.autobahn.AutobahnServerResults.test6_19_4,True
61198,Java-WebSocket_fa3909c391195178ccf5a92d4ac342a30ae247c8,org.java_websocket.autobahn.AutobahnServerResults.test6_20_1,True
61212,Java-WebSocket_fa3909c391195178ccf5a92d4ac342a30ae247c8,org.java_websocket.autobahn.AutobahnServerResults.test6_21_8,True
61214,Java-WebSocket_fa3909c391195178ccf5a92d4ac342a30ae247c8,org.java_websocket.autobahn.AutobahnServerResults.test6_22_2,True
61218,Java-WebSocket_fa3909c391195178ccf5a92d4ac342a30ae247c8,org.java_websocket.autobahn.AutobahnServerResults.test6_22_6,True
61236,Java-WebSocket_fa3909c391195178ccf5a92d4ac342a30ae247c8,org.java_websocket.autobahn.AutobahnServerResults.test6_22_24,True
61288,Java-WebSocket_fa3909c391195178ccf5a92d4ac342a30ae247c8,org.java_websocket.autobahn.AutobahnServerResults.test7_9_10,True
61290,Java-WebSocket_fa3909c391195178ccf5a92d4ac342a30ae247c8,org.java_websocket.autobahn.AutobahnServerResults.test7_13_1,True
61293,Java-WebSocket_fa3909c391195178ccf5a92d4ac342a30ae247c8,org.java_websocket.autobahn.AutobahnServerResults.test9_1_2,True
61295,Java-WebSocket_fa3909c391195178ccf5a92d4ac342a30ae247c8,org.java_websocket.autobahn.AutobahnServerResults.test9_1_4,True
61305,Java-WebSocket_fa3909c391195178ccf5a92d4ac342a30ae247c8,org.java_websocket.autobahn.AutobahnServerResults.test9_3_2,True
61311,Java-WebSocket_fa3909c391195178ccf5a92d4ac342a30ae247c8,org.java_websocket.autobahn.AutobahnServerResults.test9_3_8,True
61313,Java-WebSocket_fa3909c391195178ccf5a92d4ac342a30ae247c8,org.java_websocket.autobahn.AutobahnServerResults.test9_4_1,True
61322,Java-WebSocket_fa3909c391195178ccf5a92d4ac342a30ae247c8,org.java_websocket.autobahn.AutobahnServerResults.test9_5_1,True
61335,Java-WebSocket_fa3909c391195178ccf5a92d4ac342a30ae247c8,org.java_websocket.autobahn.AutobahnServerResults.test9_7_2,True
61340,Java-WebSocket_fa3909c391195178ccf5a92d4ac342a30ae247c8,org.java_websocket.autobahn.AutobahnServerResults.test9_8_1,True
61350,Java-WebSocket_fa3909c391195178ccf5a92d4ac342a30ae247c8,org.java_websocket.util.ByteBufferUtilsTest.testTransferByteBufferSmallToBig,True
61374,Java-WebSocket_fa3909c391195178ccf5a92d4ac342a30ae247c8,org.java_websocket.extensions.DefaultExtensionTest.testEncodeFrame,True
61377,Java-WebSocket_fa3909c391195178ccf5a92d4ac342a30ae247c8,org.java_websocket.extensions.DefaultExtensionTest.testIsFrameValid,True
61388,Java-WebSocket_fa3909c391195178ccf5a92d4ac342a30ae247c8,org.java_websocket.framing.FramedataImpl1Test.testGet,True
61411,Java-WebSocket_fa3909c391195178ccf5a92d4ac342a30ae247c8,org.java_websocket.issues.Issue713Test.onError,True
61416,Java-WebSocket_fa3909c391195178ccf5a92d4ac342a30ae247c8,org.java_websocket.issues.Issue256Test.onMessage,True
61433,Java-WebSocket_fa3909c391195178ccf5a92d4ac342a30ae247c8,org.java_websocket.issues.Issue256Test.runReconnectScenario0,True
61435,Java-WebSocket_fa3909c391195178ccf5a92d4ac342a30ae247c8,org.java_websocket.issues.Issue256Test.runReconnectScenario2,True
61439,Java-WebSocket_fa3909c391195178ccf5a92d4ac342a30ae247c8,org.java_websocket.issues.Issue256Test.runReconnectScenario6,True
61443,Java-WebSocket_fa3909c391195178ccf5a92d4ac342a30ae247c8,org.java_websocket.issues.Issue580Test.runTestScenario,False
61453,Java-WebSocket_fa3909c391195178ccf5a92d4ac342a30ae247c8,org.java_websocket.issues.Issue580Test.runNoCloseBlockingTestScenario5,True
61047,Java-WebSocket_fa3909c391195178ccf5a92d4ac342a30ae247c8,org.java_websocket.autobahn.AutobahnServerResults.test1_1_3,True
61055,Java-WebSocket_fa3909c391195178ccf5a92d4ac342a30ae247c8,org.java_websocket.autobahn.AutobahnServerResults.test1_2_3,True
61058,Java-WebSocket_fa3909c391195178ccf5a92d4ac342a30ae247c8,org.java_websocket.autobahn.AutobahnServerResults.test1_2_6,True
61082,Java-WebSocket_fa3909c391195178ccf5a92d4ac342a30ae247c8,org.java_websocket.autobahn.AutobahnServerResults.test4_1_4,True
61084,Java-WebSocket_fa3909c391195178ccf5a92d4ac342a30ae247c8,org.java_websocket.autobahn.AutobahnServerResults.test4_2_1,True
61090,Java-WebSocket_fa3909c391195178ccf5a92d4ac342a30ae247c8,org.java_websocket.autobahn.AutobahnServerResults.test5_2,True
61105,Java-WebSocket_fa3909c391195178ccf5a92d4ac342a30ae247c8,org.java_websocket.autobahn.AutobahnServerResults.test5_17,True
61112,Java-WebSocket_fa3909c391195178ccf5a92d4ac342a30ae247c8,org.java_websocket.autobahn.AutobahnServerResults.test6_2_1,True
61126,Java-WebSocket_fa3909c391195178ccf5a92d4ac342a30ae247c8,org.java_websocket.autobahn.AutobahnServerResults.test6_5_5,True
61144,Java-WebSocket_fa3909c391195178ccf5a92d4ac342a30ae247c8,org.java_websocket.autobahn.AutobahnServerResults.test6_9_1,True
61145,Java-WebSocket_fa3909c391195178ccf5a92d4ac342a30ae247c8,org.java_websocket.autobahn.AutobahnServerResults.test6_9_2,True
61152,Java-WebSocket_fa3909c391195178ccf5a92d4ac342a30ae247c8,org.java_websocket.autobahn.AutobahnServerResults.test6_11_2,True
61169,Java-WebSocket_fa3909c391195178ccf5a92d4ac342a30ae247c8,org.java_websocket.autobahn.AutobahnServerResults.test6_14_1,True
61178,Java-WebSocket_fa3909c391195178ccf5a92d4ac342a30ae247c8,org.java_websocket.autobahn.AutobahnServerResults.test6_14_10,True
61182,Java-WebSocket_fa3909c391195178ccf5a92d4ac342a30ae247c8,org.java_websocket.autobahn.AutobahnServerResults.test6_16_3,True
61187,Java-WebSocket_fa3909c391195178ccf5a92d4ac342a30ae247c8,org.java_websocket.autobahn.AutobahnServerResults.test6_17_5,True
61193,Java-WebSocket_fa3909c391195178ccf5a92d4ac342a30ae247c8,org.java_websocket.autobahn.AutobahnServerResults.test6_19_1,True
61194,Java-WebSocket_fa3909c391195178ccf5a92d4ac342a30ae247c8,org.java_websocket.autobahn.AutobahnServerResults.test6_19_2,True
61217,Java-WebSocket_fa3909c391195178ccf5a92d4ac342a30ae247c8,org.java_websocket.autobahn.AutobahnServerResults.test6_22_5,True
61222,Java-WebSocket_fa3909c391195178ccf5a92d4ac342a30ae247c8,org.java_websocket.autobahn.AutobahnServerResults.test6_22_10,True
61229,Java-WebSocket_fa3909c391195178ccf5a92d4ac342a30ae247c8,org.java_websocket.autobahn.AutobahnServerResults.test6_22_17,True
61238,Java-WebSocket_fa3909c391195178ccf5a92d4ac342a30ae247c8,org.java_websocket.autobahn.AutobahnServerResults.test6_22_26,True
61250,Java-WebSocket_fa3909c391195178ccf5a92d4ac342a30ae247c8,org.java_websocket.autobahn.AutobahnServerResults.test6_23_4,True
61265,Java-WebSocket_fa3909c391195178ccf5a92d4ac342a30ae247c8,org.java_websocket.autobahn.AutobahnServerResults.test7_3_6,True
61266,Java-WebSocket_fa3909c391195178ccf5a92d4ac342a30ae247c8,org.java_websocket.autobahn.AutobahnServerResults.test7_5_1,True
61280,Java-WebSocket_fa3909c391195178ccf5a92d4ac342a30ae247c8,org.java_websocket.autobahn.AutobahnServerResults.test7_9_1,True
61301,Java-WebSocket_fa3909c391195178ccf5a92d4ac342a30ae247c8,org.java_websocket.autobahn.AutobahnServerResults.test9_2_4,True
61307,Java-WebSocket_fa3909c391195178ccf5a92d4ac342a30ae247c8,org.java_websocket.autobahn.AutobahnServerResults.test9_3_4,True
61321,Java-WebSocket_fa3909c391195178ccf5a92d4ac342a30ae247c8,org.java_websocket.autobahn.AutobahnServerResults.test9_4_9,True
61356,Java-WebSocket_fa3909c391195178ccf5a92d4ac342a30ae247c8,org.java_websocket.drafts.Draft_6455Test.testConstructor,True
61357,Java-WebSocket_fa3909c391195178ccf5a92d4ac342a30ae247c8,org.java_websocket.drafts.Draft_6455Test.testGetExtension,True
61381,Java-WebSocket_fa3909c391195178ccf5a92d4ac342a30ae247c8,org.java_websocket.extensions.DefaultExtensionTest.testToString,True
61386,Java-WebSocket_fa3909c391195178ccf5a92d4ac342a30ae247c8,org.java_websocket.framing.ContinuousFrameTest.testIsValid,True
61394,Java-WebSocket_fa3909c391195178ccf5a92d4ac342a30ae247c8,org.java_websocket.framing.CloseFrameTest.testConstructor,True
61415,Java-WebSocket_fa3909c391195178ccf5a92d4ac342a30ae247c8,org.java_websocket.issues.Issue256Test.onClose,True
61418,Java-WebSocket_fa3909c391195178ccf5a92d4ac342a30ae247c8,org.java_websocket.issues.Issue256Test.onStart,True
61422,Java-WebSocket_fa3909c391195178ccf5a92d4ac342a30ae247c8,org.java_websocket.issues.Issue256Test.onClose,True
61424,Java-WebSocket_fa3909c391195178ccf5a92d4ac342a30ae247c8,org.java_websocket.issues.Issue256Test.runReconnectBlockingScenario1,True
61428,Java-WebSocket_fa3909c391195178ccf5a92d4ac342a30ae247c8,org.java_websocket.issues.Issue256Test.runReconnectBlockingScenario5,True
61437,Java-WebSocket_fa3909c391195178ccf5a92d4ac342a30ae247c8,org.java_websocket.issues.Issue256Test.runReconnectScenario4,True
61447,Java-WebSocket_fa3909c391195178ccf5a92d4ac342a30ae247c8,org.java_websocket.issues.Issue580Test.onError,True
61449,Java-WebSocket_fa3909c391195178ccf5a92d4ac342a30ae247c8,org.java_websocket.issues.Issue580Test.runNoCloseBlockingTestScenario0,True
61460,Java-WebSocket_fa3909c391195178ccf5a92d4ac342a30ae247c8,org.java_websocket.protocols.ProtocolTest.testToString,True
61046,Java-WebSocket_fa3909c391195178ccf5a92d4ac342a30ae247c8,org.java_websocket.autobahn.AutobahnServerResults.test1_1_2,True
61050,Java-WebSocket_fa3909c391195178ccf5a92d4ac342a30ae247c8,org.java_websocket.autobahn.AutobahnServerResults.test1_1_6,True
61056,Java-WebSocket_fa3909c391195178ccf5a92d4ac342a30ae247c8,org.java_websocket.autobahn.AutobahnServerResults.test1_2_4,True
61069,Java-WebSocket_fa3909c391195178ccf5a92d4ac342a30ae247c8,org.java_websocket.autobahn.AutobahnServerResults.test2_9,True
61095,Java-WebSocket_fa3909c391195178ccf5a92d4ac342a30ae247c8,org.java_websocket.autobahn.AutobahnServerResults.test5_7,True
61103,Java-WebSocket_fa3909c391195178ccf5a92d4ac342a30ae247c8,org.java_websocket.autobahn.AutobahnServerResults.test5_15,True
61109,Java-WebSocket_fa3909c391195178ccf5a92d4ac342a30ae247c8,org.java_websocket.autobahn.AutobahnServerResults.test6_1_1,True
61118,Java-WebSocket_fa3909c391195178ccf5a92d4ac342a30ae247c8,org.java_websocket.autobahn.AutobahnServerResults.test6_4_1,True
61158,Java-WebSocket_fa3909c391195178ccf5a92d4ac342a30ae247c8,org.java_websocket.autobahn.AutobahnServerResults.test6_12_3,True
61168,Java-WebSocket_fa3909c391195178ccf5a92d4ac342a30ae247c8,org.java_websocket.autobahn.AutobahnServerResults.test6_13_5,True
61179,Java-WebSocket_fa3909c391195178ccf5a92d4ac342a30ae247c8,org.java_websocket.autobahn.AutobahnServerResults.test6_15_1,True
61195,Java-WebSocket_fa3909c391195178ccf5a92d4ac342a30ae247c8,org.java_websocket.autobahn.AutobahnServerResults.test6_19_3,True
61205,Java-WebSocket_fa3909c391195178ccf5a92d4ac342a30ae247c8,org.java_websocket.autobahn.AutobahnServerResults.test6_21_1,True
61213,Java-WebSocket_fa3909c391195178ccf5a92d4ac342a30ae247c8,org.java_websocket.autobahn.AutobahnServerResults.test6_22_1,True
61221,Java-WebSocket_fa3909c391195178ccf5a92d4ac342a30ae247c8,org.java_websocket.autobahn.AutobahnServerResults.test6_22_9,True
61227,Java-WebSocket_fa3909c391195178ccf5a92d4ac342a30ae247c8,org.java_websocket.autobahn.AutobahnServerResults.test6_22_15,True
61234,Java-WebSocket_fa3909c391195178ccf5a92d4ac342a30ae247c8,org.java_websocket.autobahn.AutobahnServerResults.test6_22_22,True
61245,Java-WebSocket_fa3909c391195178ccf5a92d4ac342a30ae247c8,org.java_websocket.autobahn.AutobahnServerResults.test6_22_33,True
61248,Java-WebSocket_fa3909c391195178ccf5a92d4ac342a30ae247c8,org.java_websocket.autobahn.AutobahnServerResults.test6_23_2,True
61251,Java-WebSocket_fa3909c391195178ccf5a92d4ac342a30ae247c8,org.java_websocket.autobahn.AutobahnServerResults.test6_23_5,True
61274,Java-WebSocket_fa3909c391195178ccf5a92d4ac342a30ae247c8,org.java_websocket.autobahn.AutobahnServerResults.test7_7_8,True
61279,Java-WebSocket_fa3909c391195178ccf5a92d4ac342a30ae247c8,org.java_websocket.autobahn.AutobahnServerResults.test7_7_13,True
61309,Java-WebSocket_fa3909c391195178ccf5a92d4ac342a30ae247c8,org.java_websocket.autobahn.AutobahnServerResults.test9_3_6,True
61325,Java-WebSocket_fa3909c391195178ccf5a92d4ac342a30ae247c8,org.java_websocket.autobahn.AutobahnServerResults.test9_5_4,True
61329,Java-WebSocket_fa3909c391195178ccf5a92d4ac342a30ae247c8,org.java_websocket.autobahn.AutobahnServerResults.test9_6_2,True
61336,Java-WebSocket_fa3909c391195178ccf5a92d4ac342a30ae247c8,org.java_websocket.autobahn.AutobahnServerResults.test9_7_3,True
61337,Java-WebSocket_fa3909c391195178ccf5a92d4ac342a30ae247c8,org.java_websocket.autobahn.AutobahnServerResults.test9_7_4,True
61342,Java-WebSocket_fa3909c391195178ccf5a92d4ac342a30ae247c8,org.java_websocket.autobahn.AutobahnServerResults.test9_8_3,True
61355,Java-WebSocket_fa3909c391195178ccf5a92d4ac342a30ae247c8,org.java_websocket.drafts.Draft_6455Test.Draft_6455Test,True
61361,Java-WebSocket_fa3909c391195178ccf5a92d4ac342a30ae247c8,org.java_websocket.drafts.Draft_6455Test.testCopyInstance,True
61366,Java-WebSocket_fa3909c391195178ccf5a92d4ac342a30ae247c8,org.java_websocket.drafts.Draft_6455Test.testHashCode,True
61370,Java-WebSocket_fa3909c391195178ccf5a92d4ac342a30ae247c8,org.java_websocket.drafts.Draft_6455Test.postProcessHandshakeResponseAsServer,True
61372,Java-WebSocket_fa3909c391195178ccf5a92d4ac342a30ae247c8,org.java_websocket.drafts.Draft_6455Test.createFramesText,True
61379,Java-WebSocket_fa3909c391195178ccf5a92d4ac342a30ae247c8,org.java_websocket.extensions.DefaultExtensionTest.testGetProvidedExtensionAsServer,True
61385,Java-WebSocket_fa3909c391195178ccf5a92d4ac342a30ae247c8,org.java_websocket.framing.ContinuousFrameTest.testExtends,True
61425,Java-WebSocket_fa3909c391195178ccf5a92d4ac342a30ae247c8,org.java_websocket.issues.Issue256Test.runReconnectBlockingScenario2,True
61432,Java-WebSocket_fa3909c391195178ccf5a92d4ac342a30ae247c8,org.java_websocket.issues.Issue256Test.runReconnectBlockingScenario9,True
61436,Java-WebSocket_fa3909c391195178ccf5a92d4ac342a30ae247c8,org.java_websocket.issues.Issue256Test.runReconnectScenario3,True
61045,Java-WebSocket_fa3909c391195178ccf5a92d4ac342a30ae247c8,org.java_websocket.autobahn.AutobahnServerResults.test1_1_1,True
61049,Java-WebSocket_fa3909c391195178ccf5a92d4ac342a30ae247c8,org.java_websocket.autobahn.AutobahnServerResults.test1_1_5,True
61054,Java-WebSocket_fa3909c391195178ccf5a92d4ac342a30ae247c8,org.java_websocket.autobahn.AutobahnServerResults.test1_2_2,True
61074,Java-WebSocket_fa3909c391195178ccf5a92d4ac342a30ae247c8,org.java_websocket.autobahn.AutobahnServerResults.test3_3,True
61078,Java-WebSocket_fa3909c391195178ccf5a92d4ac342a30ae247c8,org.java_websocket.autobahn.AutobahnServerResults.test3_7,True
61079,Java-WebSocket_fa3909c391195178ccf5a92d4ac342a30ae247c8,org.java_websocket.autobahn.AutobahnServerResults.test4_1_1,True
61085,Java-WebSocket_fa3909c391195178ccf5a92d4ac342a30ae247c8,org.java_websocket.autobahn.AutobahnServerResults.test4_2_2,True
61099,Java-WebSocket_fa3909c391195178ccf5a92d4ac342a30ae247c8,org.java_websocket.autobahn.AutobahnServerResults.test5_11,True
61104,Java-WebSocket_fa3909c391195178ccf5a92d4ac342a30ae247c8,org.java_websocket.autobahn.AutobahnServerResults.test5_16,True
61107,Java-WebSocket_fa3909c391195178ccf5a92d4ac342a30ae247c8,org.java_websocket.autobahn.AutobahnServerResults.test5_19,True
61110,Java-WebSocket_fa3909c391195178ccf5a92d4ac342a30ae247c8,org.java_websocket.autobahn.AutobahnServerResults.test6_1_2,True
61121,Java-WebSocket_fa3909c391195178ccf5a92d4ac342a30ae247c8,org.java_websocket.autobahn.AutobahnServerResults.test6_4_4,True
61125,Java-WebSocket_fa3909c391195178ccf5a92d4ac342a30ae247c8,org.java_websocket.autobahn.AutobahnServerResults.test6_5_4,True
61140,Java-WebSocket_fa3909c391195178ccf5a92d4ac342a30ae247c8,org.java_websocket.autobahn.AutobahnServerResults.test6_7_3,True
61141,Java-WebSocket_fa3909c391195178ccf5a92d4ac342a30ae247c8,org.java_websocket.autobahn.AutobahnServerResults.test6_7_4,True
61153,Java-WebSocket_fa3909c391195178ccf5a92d4ac342a30ae247c8,org.java_websocket.autobahn.AutobahnServerResults.test6_11_3,True
61177,Java-WebSocket_fa3909c391195178ccf5a92d4ac342a30ae247c8,org.java_websocket.autobahn.AutobahnServerResults.test6_14_9,True
61186,Java-WebSocket_fa3909c391195178ccf5a92d4ac342a30ae247c8,org.java_websocket.autobahn.AutobahnServerResults.test6_17_4,True
61192,Java-WebSocket_fa3909c391195178ccf5a92d4ac342a30ae247c8,org.java_websocket.autobahn.AutobahnServerResults.test6_18_5,True
61199,Java-WebSocket_fa3909c391195178ccf5a92d4ac342a30ae247c8,org.java_websocket.autobahn.AutobahnServerResults.test6_20_2,True
61201,Java-WebSocket_fa3909c391195178ccf5a92d4ac342a30ae247c8,org.java_websocket.autobahn.AutobahnServerResults.test6_20_4,True
61204,Java-WebSocket_fa3909c391195178ccf5a92d4ac342a30ae247c8,org.java_websocket.autobahn.AutobahnServerResults.test6_20_7,True
61224,Java-WebSocket_fa3909c391195178ccf5a92d4ac342a30ae247c8,org.java_websocket.autobahn.AutobahnServerResults.test6_22_12,True
61233,Java-WebSocket_fa3909c391195178ccf5a92d4ac342a30ae247c8,org.java_websocket.autobahn.AutobahnServerResults.test6_22_21,True
61255,Java-WebSocket_fa3909c391195178ccf5a92d4ac342a30ae247c8,org.java_websocket.autobahn.AutobahnServerResults.test7_1_2,True
61259,Java-WebSocket_fa3909c391195178ccf5a92d4ac342a30ae247c8,org.java_websocket.autobahn.AutobahnServerResults.test7_1_6,True
61268,Java-WebSocket_fa3909c391195178ccf5a92d4ac342a30ae247c8,org.java_websocket.autobahn.AutobahnServerResults.test7_7_2,True
61291,Java-WebSocket_fa3909c391195178ccf5a92d4ac342a30ae247c8,org.java_websocket.autobahn.AutobahnServerResults.test7_13_2,True
61297,Java-WebSocket_fa3909c391195178ccf5a92d4ac342a30ae247c8,org.java_websocket.autobahn.AutobahnServerResults.test9_1_6,True
61304,Java-WebSocket_fa3909c391195178ccf5a92d4ac342a30ae247c8,org.java_websocket.autobahn.AutobahnServerResults.test9_3_1,True
61314,Java-WebSocket_fa3909c391195178ccf5a92d4ac342a30ae247c8,org.java_websocket.autobahn.AutobahnServerResults.test9_4_2,True
61326,Java-WebSocket_fa3909c391195178ccf5a92d4ac342a30ae247c8,org.java_websocket.autobahn.AutobahnServerResults.test9_5_5,True
61338,Java-WebSocket_fa3909c391195178ccf5a92d4ac342a30ae247c8,org.java_websocket.autobahn.AutobahnServerResults.test9_7_5,True
61345,Java-WebSocket_fa3909c391195178ccf5a92d4ac342a30ae247c8,org.java_websocket.autobahn.AutobahnServerResults.test9_8_6,True
61351,Java-WebSocket_fa3909c391195178ccf5a92d4ac342a30ae247c8,org.java_websocket.util.ByteBufferUtilsTest.testTransferByteBufferBigToSmall,True
61383,Java-WebSocket_fa3909c391195178ccf5a92d4ac342a30ae247c8,org.java_websocket.extensions.DefaultExtensionTest.testEquals,True
61384,Java-WebSocket_fa3909c391195178ccf5a92d4ac342a30ae247c8,org.java_websocket.framing.ContinuousFrameTest.testConstructor,True
61389,Java-WebSocket_fa3909c391195178ccf5a92d4ac342a30ae247c8,org.java_websocket.framing.FramedataImpl1Test.testSetters,True
61395,Java-WebSocket_fa3909c391195178ccf5a92d4ac342a30ae247c8,org.java_websocket.framing.CloseFrameTest.testExtends,True
61400,Java-WebSocket_fa3909c391195178ccf5a92d4ac342a30ae247c8,org.java_websocket.framing.BinaryFrameTest.testConstructor,True
61420,Java-WebSocket_fa3909c391195178ccf5a92d4ac342a30ae247c8,org.java_websocket.issues.Issue256Test.onOpen,True
61451,Java-WebSocket_fa3909c391195178ccf5a92d4ac342a30ae247c8,org.java_websocket.issues.Issue580Test.runNoCloseBlockingTestScenario3,True
61459,Java-WebSocket_fa3909c391195178ccf5a92d4ac342a30ae247c8,org.java_websocket.protocols.ProtocolTest.testCopyInstance,True
61051,Java-WebSocket_fa3909c391195178ccf5a92d4ac342a30ae247c8,org.java_websocket.autobahn.AutobahnServerResults.test1_1_7,True
61053,Java-WebSocket_fa3909c391195178ccf5a92d4ac342a30ae247c8,org.java_websocket.autobahn.AutobahnServerResults.test1_2_1,True
61059,Java-WebSocket_fa3909c391195178ccf5a92d4ac342a30ae247c8,org.java_websocket.autobahn.AutobahnServerResults.test1_2_7,True
61063,Java-WebSocket_fa3909c391195178ccf5a92d4ac342a30ae247c8,org.java_websocket.autobahn.AutobahnServerResults.test2_3,True
61064,Java-WebSocket_fa3909c391195178ccf5a92d4ac342a30ae247c8,org.java_websocket.autobahn.AutobahnServerResults.test2_4,True
61075,Java-WebSocket_fa3909c391195178ccf5a92d4ac342a30ae247c8,org.java_websocket.autobahn.AutobahnServerResults.test3_4,True
61077,Java-WebSocket_fa3909c391195178ccf5a92d4ac342a30ae247c8,org.java_websocket.autobahn.AutobahnServerResults.test3_6,True
61087,Java-WebSocket_fa3909c391195178ccf5a92d4ac342a30ae247c8,org.java_websocket.autobahn.AutobahnServerResults.test4_2_4,True
61091,Java-WebSocket_fa3909c391195178ccf5a92d4ac342a30ae247c8,org.java_websocket.autobahn.AutobahnServerResults.test5_3,True
61094,Java-WebSocket_fa3909c391195178ccf5a92d4ac342a30ae247c8,org.java_websocket.autobahn.AutobahnServerResults.test5_6,True
61096,Java-WebSocket_fa3909c391195178ccf5a92d4ac342a30ae247c8,org.java_websocket.autobahn.AutobahnServerResults.test5_8,True
61100,Java-WebSocket_fa3909c391195178ccf5a92d4ac342a30ae247c8,org.java_websocket.autobahn.AutobahnServerResults.test5_12,True
61120,Java-WebSocket_fa3909c391195178ccf5a92d4ac342a30ae247c8,org.java_websocket.autobahn.AutobahnServerResults.test6_4_3,True
61130,Java-WebSocket_fa3909c391195178ccf5a92d4ac342a30ae247c8,org.java_websocket.autobahn.AutobahnServerResults.test6_6_4,True
61148,Java-WebSocket_fa3909c391195178ccf5a92d4ac342a30ae247c8,org.java_websocket.autobahn.AutobahnServerResults.test6_10_1,True
61154,Java-WebSocket_fa3909c391195178ccf5a92d4ac342a30ae247c8,org.java_websocket.autobahn.AutobahnServerResults.test6_11_4,True
61160,Java-WebSocket_fa3909c391195178ccf5a92d4ac342a30ae247c8,org.java_websocket.autobahn.AutobahnServerResults.test6_12_5,True
61171,Java-WebSocket_fa3909c391195178ccf5a92d4ac342a30ae247c8,org.java_websocket.autobahn.AutobahnServerResults.test6_14_3,True
61200,Java-WebSocket_fa3909c391195178ccf5a92d4ac342a30ae247c8,org.java_websocket.autobahn.AutobahnServerResults.test6_20_3,True
61202,Java-WebSocket_fa3909c391195178ccf5a92d4ac342a30ae247c8,org.java_websocket.autobahn.AutobahnServerResults.test6_20_5,True
61206,Java-WebSocket_fa3909c391195178ccf5a92d4ac342a30ae247c8,org.java_websocket.autobahn.AutobahnServerResults.test6_21_2,True
61225,Java-WebSocket_fa3909c391195178ccf5a92d4ac342a30ae247c8,org.java_websocket.autobahn.AutobahnServerResults.test6_22_13,True
61235,Java-WebSocket_fa3909c391195178ccf5a92d4ac342a30ae247c8,org.java_websocket.autobahn.AutobahnServerResults.test6_22_23,True
61252,Java-WebSocket_fa3909c391195178ccf5a92d4ac342a30ae247c8,org.java_websocket.autobahn.AutobahnServerResults.test6_23_6,True
61253,Java-WebSocket_fa3909c391195178ccf5a92d4ac342a30ae247c8,org.java_websocket.autobahn.AutobahnServerResults.test6_23_7,True
61254,Java-WebSocket_fa3909c391195178ccf5a92d4ac342a30ae247c8,org.java_websocket.autobahn.AutobahnServerResults.test7_1_1,True
61276,Java-WebSocket_fa3909c391195178ccf5a92d4ac342a30ae247c8,org.java_websocket.autobahn.AutobahnServerResults.test7_7_10,True
61278,Java-WebSocket_fa3909c391195178ccf5a92d4ac342a30ae247c8,org.java_websocket.autobahn.AutobahnServerResults.test7_7_12,True
61312,Java-WebSocket_fa3909c391195178ccf5a92d4ac342a30ae247c8,org.java_websocket.autobahn.AutobahnServerResults.test9_3_9,True
61319,Java-WebSocket_fa3909c391195178ccf5a92d4ac342a30ae247c8,org.java_websocket.autobahn.AutobahnServerResults.test9_4_7,True
61323,Java-WebSocket_fa3909c391195178ccf5a92d4ac342a30ae247c8,org.java_websocket.autobahn.AutobahnServerResults.test9_5_2,True
61324,Java-WebSocket_fa3909c391195178ccf5a92d4ac342a30ae247c8,org.java_websocket.autobahn.AutobahnServerResults.test9_5_3,True
61332,Java-WebSocket_fa3909c391195178ccf5a92d4ac342a30ae247c8,org.java_websocket.autobahn.AutobahnServerResults.test9_6_5,True
61346,Java-WebSocket_fa3909c391195178ccf5a92d4ac342a30ae247c8,org.java_websocket.autobahn.AutobahnServerResults.test10_1_1,True
61349,Java-WebSocket_fa3909c391195178ccf5a92d4ac342a30ae247c8,org.java_websocket.util.ByteBufferUtilsTest.testTransferByteBufferSmallToEmpty,True
61359,Java-WebSocket_fa3909c391195178ccf5a92d4ac342a30ae247c8,org.java_websocket.drafts.Draft_6455Test.testGetProtocol,True
61360,Java-WebSocket_fa3909c391195178ccf5a92d4ac342a30ae247c8,org.java_websocket.drafts.Draft_6455Test.testGetKnownProtocols,True
61380,Java-WebSocket_fa3909c391195178ccf5a92d4ac342a30ae247c8,org.java_websocket.extensions.DefaultExtensionTest.testCopyInstance,True
61390,Java-WebSocket_fa3909c391195178ccf5a92d4ac342a30ae247c8,org.java_websocket.framing.FramedataImpl1Test.testAppend,True
61408,Java-WebSocket_fa3909c391195178ccf5a92d4ac342a30ae247c8,org.java_websocket.issues.Issue713Test.onOpen,True
61414,Java-WebSocket_fa3909c391195178ccf5a92d4ac342a30ae247c8,org.java_websocket.issues.Issue256Test.onOpen,True
61429,Java-WebSocket_fa3909c391195178ccf5a92d4ac342a30ae247c8,org.java_websocket.issues.Issue256Test.runReconnectBlockingScenario6,True
61430,Java-WebSocket_fa3909c391195178ccf5a92d4ac342a30ae247c8,org.java_websocket.issues.Issue256Test.runReconnectBlockingScenario7,True
61068,Java-WebSocket_fa3909c391195178ccf5a92d4ac342a30ae247c8,org.java_websocket.autobahn.AutobahnServerResults.test2_8,True
61089,Java-WebSocket_fa3909c391195178ccf5a92d4ac342a30ae247c8,org.java_websocket.autobahn.AutobahnServerResults.test5_1,True
61114,Java-WebSocket_fa3909c391195178ccf5a92d4ac342a30ae247c8,org.java_websocket.autobahn.AutobahnServerResults.test6_2_3,True
61124,Java-WebSocket_fa3909c391195178ccf5a92d4ac342a30ae247c8,org.java_websocket.autobahn.AutobahnServerResults.test6_5_3,True
61128,Java-WebSocket_fa3909c391195178ccf5a92d4ac342a30ae247c8,org.java_websocket.autobahn.AutobahnServerResults.test6_6_2,True
61131,Java-WebSocket_fa3909c391195178ccf5a92d4ac342a30ae247c8,org.java_websocket.autobahn.AutobahnServerResults.test6_6_5,True
61134,Java-WebSocket_fa3909c391195178ccf5a92d4ac342a30ae247c8,org.java_websocket.autobahn.AutobahnServerResults.test6_6_8,True
61137,Java-WebSocket_fa3909c391195178ccf5a92d4ac342a30ae247c8,org.java_websocket.autobahn.AutobahnServerResults.test6_6_11,True
61146,Java-WebSocket_fa3909c391195178ccf5a92d4ac342a30ae247c8,org.java_websocket.autobahn.AutobahnServerResults.test6_9_3,True
61156,Java-WebSocket_fa3909c391195178ccf5a92d4ac342a30ae247c8,org.java_websocket.autobahn.AutobahnServerResults.test6_12_1,True
61162,Java-WebSocket_fa3909c391195178ccf5a92d4ac342a30ae247c8,org.java_websocket.autobahn.AutobahnServerResults.test6_12_7,True
61203,Java-WebSocket_fa3909c391195178ccf5a92d4ac342a30ae247c8,org.java_websocket.autobahn.AutobahnServerResults.test6_20_6,True
61207,Java-WebSocket_fa3909c391195178ccf5a92d4ac342a30ae247c8,org.java_websocket.autobahn.AutobahnServerResults.test6_21_3,True
61209,Java-WebSocket_fa3909c391195178ccf5a92d4ac342a30ae247c8,org.java_websocket.autobahn.AutobahnServerResults.test6_21_5,True
61215,Java-WebSocket_fa3909c391195178ccf5a92d4ac342a30ae247c8,org.java_websocket.autobahn.AutobahnServerResults.test6_22_3,True
61220,Java-WebSocket_fa3909c391195178ccf5a92d4ac342a30ae247c8,org.java_websocket.autobahn.AutobahnServerResults.test6_22_8,True
61223,Java-WebSocket_fa3909c391195178ccf5a92d4ac342a30ae247c8,org.java_websocket.autobahn.AutobahnServerResults.test6_22_11,True
61230,Java-WebSocket_fa3909c391195178ccf5a92d4ac342a30ae247c8,org.java_websocket.autobahn.AutobahnServerResults.test6_22_18,True
61239,Java-WebSocket_fa3909c391195178ccf5a92d4ac342a30ae247c8,org.java_websocket.autobahn.AutobahnServerResults.test6_22_27,True
61240,Java-WebSocket_fa3909c391195178ccf5a92d4ac342a30ae247c8,org.java_websocket.autobahn.AutobahnServerResults.test6_22_28,True
61256,Java-WebSocket_fa3909c391195178ccf5a92d4ac342a30ae247c8,org.java_websocket.autobahn.AutobahnServerResults.test7_1_3,True
61273,Java-WebSocket_fa3909c391195178ccf5a92d4ac342a30ae247c8,org.java_websocket.autobahn.AutobahnServerResults.test7_7_7,True
61282,Java-WebSocket_fa3909c391195178ccf5a92d4ac342a30ae247c8,org.java_websocket.autobahn.AutobahnServerResults.test7_9_3,True
61286,Java-WebSocket_fa3909c391195178ccf5a92d4ac342a30ae247c8,org.java_websocket.autobahn.AutobahnServerResults.test7_9_8,True
61292,Java-WebSocket_fa3909c391195178ccf5a92d4ac342a30ae247c8,org.java_websocket.autobahn.AutobahnServerResults.test9_1_1,True
61306,Java-WebSocket_fa3909c391195178ccf5a92d4ac342a30ae247c8,org.java_websocket.autobahn.AutobahnServerResults.test9_3_3,True
61315,Java-WebSocket_fa3909c391195178ccf5a92d4ac342a30ae247c8,org.java_websocket.autobahn.AutobahnServerResults.test9_4_3,True
61317,Java-WebSocket_fa3909c391195178ccf5a92d4ac342a30ae247c8,org.java_websocket.autobahn.AutobahnServerResults.test9_4_5,True
61318,Java-WebSocket_fa3909c391195178ccf5a92d4ac342a30ae247c8,org.java_websocket.autobahn.AutobahnServerResults.test9_4_6,True
61330,Java-WebSocket_fa3909c391195178ccf5a92d4ac342a30ae247c8,org.java_websocket.autobahn.AutobahnServerResults.test9_6_3,True
61348,Java-WebSocket_fa3909c391195178ccf5a92d4ac342a30ae247c8,org.java_websocket.util.ByteBufferUtilsTest.testEmptyByteBufferNewObject,True
61364,Java-WebSocket_fa3909c391195178ccf5a92d4ac342a30ae247c8,org.java_websocket.drafts.Draft_6455Test.testToString,True
61371,Java-WebSocket_fa3909c391195178ccf5a92d4ac342a30ae247c8,org.java_websocket.drafts.Draft_6455Test.createFramesBinary,True
61382,Java-WebSocket_fa3909c391195178ccf5a92d4ac342a30ae247c8,org.java_websocket.extensions.DefaultExtensionTest.testHashCode,True
61392,Java-WebSocket_fa3909c391195178ccf5a92d4ac342a30ae247c8,org.java_websocket.framing.TextFrameTest.testExtends,True
61399,Java-WebSocket_fa3909c391195178ccf5a92d4ac342a30ae247c8,org.java_websocket.framing.PingFrameTest.testIsValid,True
61403,Java-WebSocket_fa3909c391195178ccf5a92d4ac342a30ae247c8,org.java_websocket.framing.PongFrameTest.testConstructor,True
61410,Java-WebSocket_fa3909c391195178ccf5a92d4ac342a30ae247c8,org.java_websocket.issues.Issue713Test.onMessage,True
61426,Java-WebSocket_fa3909c391195178ccf5a92d4ac342a30ae247c8,org.java_websocket.issues.Issue256Test.runReconnectBlockingScenario3,True
61442,Java-WebSocket_fa3909c391195178ccf5a92d4ac342a30ae247c8,org.java_websocket.issues.Issue256Test.runReconnectScenario9,True
61450,Java-WebSocket_fa3909c391195178ccf5a92d4ac342a30ae247c8,org.java_websocket.issues.Issue580Test.runNoCloseBlockingTestScenario2,True
61455,Java-WebSocket_fa3909c391195178ccf5a92d4ac342a30ae247c8,org.java_websocket.issues.Issue580Test.runNoCloseBlockingTestScenario8,True
61052,Java-WebSocket_fa3909c391195178ccf5a92d4ac342a30ae247c8,org.java_websocket.autobahn.AutobahnServerResults.test1_1_8,True
61092,Java-WebSocket_fa3909c391195178ccf5a92d4ac342a30ae247c8,org.java_websocket.autobahn.AutobahnServerResults.test5_4,True
61093,Java-WebSocket_fa3909c391195178ccf5a92d4ac342a30ae247c8,org.java_websocket.autobahn.AutobahnServerResults.test5_5,True
61098,Java-WebSocket_fa3909c391195178ccf5a92d4ac342a30ae247c8,org.java_websocket.autobahn.AutobahnServerResults.test5_10,True
61102,Java-WebSocket_fa3909c391195178ccf5a92d4ac342a30ae247c8,org.java_websocket.autobahn.AutobahnServerResults.test5_14,True
61106,Java-WebSocket_fa3909c391195178ccf5a92d4ac342a30ae247c8,org.java_websocket.autobahn.AutobahnServerResults.test5_18,True
61111,Java-WebSocket_fa3909c391195178ccf5a92d4ac342a30ae247c8,org.java_websocket.autobahn.AutobahnServerResults.test6_1_3,True
61119,Java-WebSocket_fa3909c391195178ccf5a92d4ac342a30ae247c8,org.java_websocket.autobahn.AutobahnServerResults.test6_4_2,True
61122,Java-WebSocket_fa3909c391195178ccf5a92d4ac342a30ae247c8,org.java_websocket.autobahn.AutobahnServerResults.test6_5_1,True
61138,Java-WebSocket_fa3909c391195178ccf5a92d4ac342a30ae247c8,org.java_websocket.autobahn.AutobahnServerResults.test6_7_1,True
61143,Java-WebSocket_fa3909c391195178ccf5a92d4ac342a30ae247c8,org.java_websocket.autobahn.AutobahnServerResults.test6_8_2,True
61165,Java-WebSocket_fa3909c391195178ccf5a92d4ac342a30ae247c8,org.java_websocket.autobahn.AutobahnServerResults.test6_13_2,True
61180,Java-WebSocket_fa3909c391195178ccf5a92d4ac342a30ae247c8,org.java_websocket.autobahn.AutobahnServerResults.test6_16_1,True
61188,Java-WebSocket_fa3909c391195178ccf5a92d4ac342a30ae247c8,org.java_websocket.autobahn.AutobahnServerResults.test6_18_1,True
61197,Java-WebSocket_fa3909c391195178ccf5a92d4ac342a30ae247c8,org.java_websocket.autobahn.AutobahnServerResults.test6_19_5,True
61216,Java-WebSocket_fa3909c391195178ccf5a92d4ac342a30ae247c8,org.java_websocket.autobahn.AutobahnServerResults.test6_22_4,True
61237,Java-WebSocket_fa3909c391195178ccf5a92d4ac342a30ae247c8,org.java_websocket.autobahn.AutobahnServerResults.test6_22_25,True
61241,Java-WebSocket_fa3909c391195178ccf5a92d4ac342a30ae247c8,org.java_websocket.autobahn.AutobahnServerResults.test6_22_29,True
61244,Java-WebSocket_fa3909c391195178ccf5a92d4ac342a30ae247c8,org.java_websocket.autobahn.AutobahnServerResults.test6_22_32,True
61261,Java-WebSocket_fa3909c391195178ccf5a92d4ac342a30ae247c8,org.java_websocket.autobahn.AutobahnServerResults.test7_3_2,True
61262,Java-WebSocket_fa3909c391195178ccf5a92d4ac342a30ae247c8,org.java_websocket.autobahn.AutobahnServerResults.test7_3_3,True
61264,Java-WebSocket_fa3909c391195178ccf5a92d4ac342a30ae247c8,org.java_websocket.autobahn.AutobahnServerResults.test7_3_5,True
61269,Java-WebSocket_fa3909c391195178ccf5a92d4ac342a30ae247c8,org.java_websocket.autobahn.AutobahnServerResults.test7_7_3,True
61272,Java-WebSocket_fa3909c391195178ccf5a92d4ac342a30ae247c8,org.java_websocket.autobahn.AutobahnServerResults.test7_7_6,True
61283,Java-WebSocket_fa3909c391195178ccf5a92d4ac342a30ae247c8,org.java_websocket.autobahn.AutobahnServerResults.test7_9_4,True
61294,Java-WebSocket_fa3909c391195178ccf5a92d4ac342a30ae247c8,org.java_websocket.autobahn.AutobahnServerResults.test9_1_3,True
61320,Java-WebSocket_fa3909c391195178ccf5a92d4ac342a30ae247c8,org.java_websocket.autobahn.AutobahnServerResults.test9_4_8,True
61327,Java-WebSocket_fa3909c391195178ccf5a92d4ac342a30ae247c8,org.java_websocket.autobahn.AutobahnServerResults.test9_5_6,True
61341,Java-WebSocket_fa3909c391195178ccf5a92d4ac342a30ae247c8,org.java_websocket.autobahn.AutobahnServerResults.test9_8_2,True
61352,Java-WebSocket_fa3909c391195178ccf5a92d4ac342a30ae247c8,org.java_websocket.util.ByteBufferUtilsTest.testTransferByteBufferCheckNullDest,True
61365,Java-WebSocket_fa3909c391195178ccf5a92d4ac342a30ae247c8,org.java_websocket.drafts.Draft_6455Test.testEquals,True
61367,Java-WebSocket_fa3909c391195178ccf5a92d4ac342a30ae247c8,org.java_websocket.drafts.Draft_6455Test.acceptHandshakeAsServer,True
61368,Java-WebSocket_fa3909c391195178ccf5a92d4ac342a30ae247c8,org.java_websocket.drafts.Draft_6455Test.acceptHandshakeAsClient,True
61378,Java-WebSocket_fa3909c391195178ccf5a92d4ac342a30ae247c8,org.java_websocket.extensions.DefaultExtensionTest.testGetProvidedExtensionAsClient,True
61387,Java-WebSocket_fa3909c391195178ccf5a92d4ac342a30ae247c8,org.java_websocket.framing.FramedataImpl1Test.testDefaultValues,True
61396,Java-WebSocket_fa3909c391195178ccf5a92d4ac342a30ae247c8,org.java_websocket.framing.CloseFrameTest.testIsValid,True
61406,Java-WebSocket_fa3909c391195178ccf5a92d4ac342a30ae247c8,org.java_websocket.framing.PongFrameTest.testIsValid,True
61407,Java-WebSocket_fa3909c391195178ccf5a92d4ac342a30ae247c8,org.java_websocket.issues.Issue713Test.testIssue,True
61419,Java-WebSocket_fa3909c391195178ccf5a92d4ac342a30ae247c8,org.java_websocket.issues.Issue256Test.runTestScenarioReconnect,True
61434,Java-WebSocket_fa3909c391195178ccf5a92d4ac342a30ae247c8,org.java_websocket.issues.Issue256Test.runReconnectScenario1,True
61444,Java-WebSocket_fa3909c391195178ccf5a92d4ac342a30ae247c8,org.java_websocket.issues.Issue580Test.onOpen,True
61446,Java-WebSocket_fa3909c391195178ccf5a92d4ac342a30ae247c8,org.java_websocket.issues.Issue580Test.onMessage,True
61457,Java-WebSocket_fa3909c391195178ccf5a92d4ac342a30ae247c8,org.java_websocket.protocols.ProtocolTest.testAcceptProvidedProtocol,True
61458,Java-WebSocket_fa3909c391195178ccf5a92d4ac342a30ae247c8,org.java_websocket.protocols.ProtocolTest.testGetProvidedProtocol,True
61065,Java-WebSocket_fa3909c391195178ccf5a92d4ac342a30ae247c8,org.java_websocket.autobahn.AutobahnServerResults.test2_5,True
61070,Java-WebSocket_fa3909c391195178ccf5a92d4ac342a30ae247c8,org.java_websocket.autobahn.AutobahnServerResults.test2_10,True
61076,Java-WebSocket_fa3909c391195178ccf5a92d4ac342a30ae247c8,org.java_websocket.autobahn.AutobahnServerResults.test3_5,True
61080,Java-WebSocket_fa3909c391195178ccf5a92d4ac342a30ae247c8,org.java_websocket.autobahn.AutobahnServerResults.test4_1_2,True
61081,Java-WebSocket_fa3909c391195178ccf5a92d4ac342a30ae247c8,org.java_websocket.autobahn.AutobahnServerResults.test4_1_3,True
61086,Java-WebSocket_fa3909c391195178ccf5a92d4ac342a30ae247c8,org.java_websocket.autobahn.AutobahnServerResults.test4_2_3,True
61113,Java-WebSocket_fa3909c391195178ccf5a92d4ac342a30ae247c8,org.java_websocket.autobahn.AutobahnServerResults.test6_2_2,True
61116,Java-WebSocket_fa3909c391195178ccf5a92d4ac342a30ae247c8,org.java_websocket.autobahn.AutobahnServerResults.test6_3_1,True
61129,Java-WebSocket_fa3909c391195178ccf5a92d4ac342a30ae247c8,org.java_websocket.autobahn.AutobahnServerResults.test6_6_3,True
61133,Java-WebSocket_fa3909c391195178ccf5a92d4ac342a30ae247c8,org.java_websocket.autobahn.AutobahnServerResults.test6_6_7,True
61142,Java-WebSocket_fa3909c391195178ccf5a92d4ac342a30ae247c8,org.java_websocket.autobahn.AutobahnServerResults.test6_8_1,True
61147,Java-WebSocket_fa3909c391195178ccf5a92d4ac342a30ae247c8,org.java_websocket.autobahn.AutobahnServerResults.test6_9_4,True
61157,Java-WebSocket_fa3909c391195178ccf5a92d4ac342a30ae247c8,org.java_websocket.autobahn.AutobahnServerResults.test6_12_2,True
61161,Java-WebSocket_fa3909c391195178ccf5a92d4ac342a30ae247c8,org.java_websocket.autobahn.AutobahnServerResults.test6_12_6,True
61163,Java-WebSocket_fa3909c391195178ccf5a92d4ac342a30ae247c8,org.java_websocket.autobahn.AutobahnServerResults.test6_12_8,True
61167,Java-WebSocket_fa3909c391195178ccf5a92d4ac342a30ae247c8,org.java_websocket.autobahn.AutobahnServerResults.test6_13_4,True
61173,Java-WebSocket_fa3909c391195178ccf5a92d4ac342a30ae247c8,org.java_websocket.autobahn.AutobahnServerResults.test6_14_5,True
61175,Java-WebSocket_fa3909c391195178ccf5a92d4ac342a30ae247c8,org.java_websocket.autobahn.AutobahnServerResults.test6_14_7,True
61185,Java-WebSocket_fa3909c391195178ccf5a92d4ac342a30ae247c8,org.java_websocket.autobahn.AutobahnServerResults.test6_17_3,True
61208,Java-WebSocket_fa3909c391195178ccf5a92d4ac342a30ae247c8,org.java_websocket.autobahn.AutobahnServerResults.test6_21_4,True
61257,Java-WebSocket_fa3909c391195178ccf5a92d4ac342a30ae247c8,org.java_websocket.autobahn.AutobahnServerResults.test7_1_4,True
61258,Java-WebSocket_fa3909c391195178ccf5a92d4ac342a30ae247c8,org.java_websocket.autobahn.AutobahnServerResults.test7_1_5,True
61260,Java-WebSocket_fa3909c391195178ccf5a92d4ac342a30ae247c8,org.java_websocket.autobahn.AutobahnServerResults.test7_3_1,True
61267,Java-WebSocket_fa3909c391195178ccf5a92d4ac342a30ae247c8,org.java_websocket.autobahn.AutobahnServerResults.test7_7_1,True
61277,Java-WebSocket_fa3909c391195178ccf5a92d4ac342a30ae247c8,org.java_websocket.autobahn.AutobahnServerResults.test7_7_11,True
61296,Java-WebSocket_fa3909c391195178ccf5a92d4ac342a30ae247c8,org.java_websocket.autobahn.AutobahnServerResults.test9_1_5,True
61300,Java-WebSocket_fa3909c391195178ccf5a92d4ac342a30ae247c8,org.java_websocket.autobahn.AutobahnServerResults.test9_2_3,True
61310,Java-WebSocket_fa3909c391195178ccf5a92d4ac342a30ae247c8,org.java_websocket.autobahn.AutobahnServerResults.test9_3_7,True
61331,Java-WebSocket_fa3909c391195178ccf5a92d4ac342a30ae247c8,org.java_websocket.autobahn.AutobahnServerResults.test9_6_4,True
61347,Java-WebSocket_fa3909c391195178ccf5a92d4ac342a30ae247c8,org.java_websocket.util.ByteBufferUtilsTest.testEmptyByteBufferCapacity,True
61354,Java-WebSocket_fa3909c391195178ccf5a92d4ac342a30ae247c8,org.java_websocket.util.ByteBufferUtilsTest.testTransferByteBufferCheckNullBoth,True
61363,Java-WebSocket_fa3909c391195178ccf5a92d4ac342a30ae247c8,org.java_websocket.drafts.Draft_6455Test.testGetCloseHandshakeType,True
61375,Java-WebSocket_fa3909c391195178ccf5a92d4ac342a30ae247c8,org.java_websocket.extensions.DefaultExtensionTest.testAcceptProvidedExtensionAsServer,True
61398,Java-WebSocket_fa3909c391195178ccf5a92d4ac342a30ae247c8,org.java_websocket.framing.PingFrameTest.testExtends,True
61404,Java-WebSocket_fa3909c391195178ccf5a92d4ac342a30ae247c8,org.java_websocket.framing.PongFrameTest.testCopyConstructor,True
61405,Java-WebSocket_fa3909c391195178ccf5a92d4ac342a30ae247c8,org.java_websocket.framing.PongFrameTest.testExtends,True
61409,Java-WebSocket_fa3909c391195178ccf5a92d4ac342a30ae247c8,org.java_websocket.issues.Issue713Test.onClose,True
61417,Java-WebSocket_fa3909c391195178ccf5a92d4ac342a30ae247c8,org.java_websocket.issues.Issue256Test.onError,True
61423,Java-WebSocket_fa3909c391195178ccf5a92d4ac342a30ae247c8,org.java_websocket.issues.Issue256Test.runReconnectBlockingScenario0,True
61427,Java-WebSocket_fa3909c391195178ccf5a92d4ac342a30ae247c8,org.java_websocket.issues.Issue256Test.runReconnectBlockingScenario4,True
61431,Java-WebSocket_fa3909c391195178ccf5a92d4ac342a30ae247c8,org.java_websocket.issues.Issue256Test.runReconnectBlockingScenario8,True
61438,Java-WebSocket_fa3909c391195178ccf5a92d4ac342a30ae247c8,org.java_websocket.issues.Issue256Test.runReconnectScenario5,True
61454,Java-WebSocket_fa3909c391195178ccf5a92d4ac342a30ae247c8,org.java_websocket.issues.Issue580Test.runNoCloseBlockingTestScenario6,True
61044,Java-WebSocket_fa3909c391195178ccf5a92d4ac342a30ae247c8,org.java_websocket.autobahn.AutobahnServerResults.getJSONObject,True
61061,Java-WebSocket_fa3909c391195178ccf5a92d4ac342a30ae247c8,org.java_websocket.autobahn.AutobahnServerResults.test2_1,True
61071,Java-WebSocket_fa3909c391195178ccf5a92d4ac342a30ae247c8,org.java_websocket.autobahn.AutobahnServerResults.test2_11,True
61073,Java-WebSocket_fa3909c391195178ccf5a92d4ac342a30ae247c8,org.java_websocket.autobahn.AutobahnServerResults.test3_2,True
61083,Java-WebSocket_fa3909c391195178ccf5a92d4ac342a30ae247c8,org.java_websocket.autobahn.AutobahnServerResults.test4_1_5,True
61088,Java-WebSocket_fa3909c391195178ccf5a92d4ac342a30ae247c8,org.java_websocket.autobahn.AutobahnServerResults.test4_2_5,True
61097,Java-WebSocket_fa3909c391195178ccf5a92d4ac342a30ae247c8,org.java_websocket.autobahn.AutobahnServerResults.test5_9,True
61115,Java-WebSocket_fa3909c391195178ccf5a92d4ac342a30ae247c8,org.java_websocket.autobahn.AutobahnServerResults.test6_2_4,True
61139,Java-WebSocket_fa3909c391195178ccf5a92d4ac342a30ae247c8,org.java_websocket.autobahn.AutobahnServerResults.test6_7_2,True
61155,Java-WebSocket_fa3909c391195178ccf5a92d4ac342a30ae247c8,org.java_websocket.autobahn.AutobahnServerResults.test6_11_5,True
61181,Java-WebSocket_fa3909c391195178ccf5a92d4ac342a30ae247c8,org.java_websocket.autobahn.AutobahnServerResults.test6_16_2,True
61183,Java-WebSocket_fa3909c391195178ccf5a92d4ac342a30ae247c8,org.java_websocket.autobahn.AutobahnServerResults.test6_17_1,True
61184,Java-WebSocket_fa3909c391195178ccf5a92d4ac342a30ae247c8,org.java_websocket.autobahn.AutobahnServerResults.test6_17_2,True
61189,Java-WebSocket_fa3909c391195178ccf5a92d4ac342a30ae247c8,org.java_websocket.autobahn.AutobahnServerResults.test6_18_2,True
61226,Java-WebSocket_fa3909c391195178ccf5a92d4ac342a30ae247c8,org.java_websocket.autobahn.AutobahnServerResults.test6_22_14,True
61231,Java-WebSocket_fa3909c391195178ccf5a92d4ac342a30ae247c8,org.java_websocket.autobahn.AutobahnServerResults.test6_22_19,True
61232,Java-WebSocket_fa3909c391195178ccf5a92d4ac342a30ae247c8,org.java_websocket.autobahn.AutobahnServerResults.test6_22_20,True
61242,Java-WebSocket_fa3909c391195178ccf5a92d4ac342a30ae247c8,org.java_websocket.autobahn.AutobahnServerResults.test6_22_30,True
61263,Java-WebSocket_fa3909c391195178ccf5a92d4ac342a30ae247c8,org.java_websocket.autobahn.AutobahnServerResults.test7_3_4,True
61270,Java-WebSocket_fa3909c391195178ccf5a92d4ac342a30ae247c8,org.java_websocket.autobahn.AutobahnServerResults.test7_7_4,True
61271,Java-WebSocket_fa3909c391195178ccf5a92d4ac342a30ae247c8,org.java_websocket.autobahn.AutobahnServerResults.test7_7_5,True
61275,Java-WebSocket_fa3909c391195178ccf5a92d4ac342a30ae247c8,org.java_websocket.autobahn.AutobahnServerResults.test7_7_9,True
61281,Java-WebSocket_fa3909c391195178ccf5a92d4ac342a30ae247c8,org.java_websocket.autobahn.AutobahnServerResults.test7_9_2,True
61284,Java-WebSocket_fa3909c391195178ccf5a92d4ac342a30ae247c8,org.java_websocket.autobahn.AutobahnServerResults.test7_9_5,True
61289,Java-WebSocket_fa3909c391195178ccf5a92d4ac342a30ae247c8,org.java_websocket.autobahn.AutobahnServerResults.test7_9_11,True
61299,Java-WebSocket_fa3909c391195178ccf5a92d4ac342a30ae247c8,org.java_websocket.autobahn.AutobahnServerResults.test9_2_2,True
61303,Java-WebSocket_fa3909c391195178ccf5a92d4ac342a30ae247c8,org.java_websocket.autobahn.AutobahnServerResults.test9_2_6,True
61316,Java-WebSocket_fa3909c391195178ccf5a92d4ac342a30ae247c8,org.java_websocket.autobahn.AutobahnServerResults.test9_4_4,True
61328,Java-WebSocket_fa3909c391195178ccf5a92d4ac342a30ae247c8,org.java_websocket.autobahn.AutobahnServerResults.test9_6_1,True
61343,Java-WebSocket_fa3909c391195178ccf5a92d4ac342a30ae247c8,org.java_websocket.autobahn.AutobahnServerResults.test9_8_4,True
61353,Java-WebSocket_fa3909c391195178ccf5a92d4ac342a30ae247c8,org.java_websocket.util.ByteBufferUtilsTest.testTransferByteBufferCheckNullSource,True
61369,Java-WebSocket_fa3909c391195178ccf5a92d4ac342a30ae247c8,org.java_websocket.drafts.Draft_6455Test.postProcessHandshakeRequestAsClient,True
61373,Java-WebSocket_fa3909c391195178ccf5a92d4ac342a30ae247c8,org.java_websocket.extensions.DefaultExtensionTest.testDecodeFrame,True
61391,Java-WebSocket_fa3909c391195178ccf5a92d4ac342a30ae247c8,org.java_websocket.framing.TextFrameTest.testConstructor,True
61393,Java-WebSocket_fa3909c391195178ccf5a92d4ac342a30ae247c8,org.java_websocket.framing.TextFrameTest.testIsValid,True
61413,Java-WebSocket_fa3909c391195178ccf5a92d4ac342a30ae247c8,org.java_websocket.issues.Issue256Test.startServer,True
61421,Java-WebSocket_fa3909c391195178ccf5a92d4ac342a30ae247c8,org.java_websocket.issues.Issue256Test.onMessage,True
61441,Java-WebSocket_fa3909c391195178ccf5a92d4ac342a30ae247c8,org.java_websocket.issues.Issue256Test.runReconnectScenario8,True
61448,Java-WebSocket_fa3909c391195178ccf5a92d4ac342a30ae247c8,org.java_websocket.issues.Issue580Test.onStart,True
61456,Java-WebSocket_fa3909c391195178ccf5a92d4ac342a30ae247c8,org.java_websocket.protocols.ProtocolTest.testConstructor,True
61461,Java-WebSocket_fa3909c391195178ccf5a92d4ac342a30ae247c8,org.java_websocket.protocols.ProtocolTest.testEquals,True
