5110,Chronicle-Wire_a4dfcb6885ce468a64f6a3ceb5e4e16bb858ed2e,net.openhft.chronicle.wire.YamlTokeniserTest.eg2_3,False
5114,Chronicle-Wire_a4dfcb6885ce468a64f6a3ceb5e4e16bb858ed2e,net.openhft.chronicle.wire.YamlTokeniserTest.eg2_6,False
5115,Chronicle-Wire_a4dfcb6885ce468a64f6a3ceb5e4e16bb858ed2e,net.openhft.chronicle.wire.YamlTokeniserTest.eg2_7,False
5117,Chronicle-Wire_a4dfcb6885ce468a64f6a3ceb5e4e16bb858ed2e,net.openhft.chronicle.wire.YamlTokeniserTest.eg2_9,False
5125,Chronicle-Wire_a4dfcb6885ce468a64f6a3ceb5e4e16bb858ed2e,net.openhft.chronicle.wire.YamlTokeniserTest.eg2_17,False
5128,Chronicle-Wire_a4dfcb6885ce468a64f6a3ceb5e4e16bb858ed2e,net.openhft.chronicle.wire.YamlTokeniserTest.eg2_20,False
5134,Chronicle-Wire_a4dfcb6885ce468a64f6a3ceb5e4e16bb858ed2e,net.openhft.chronicle.wire.YamlTokeniserTest.eg2_26,False
5142,Chronicle-Wire_a4dfcb6885ce468a64f6a3ceb5e4e16bb858ed2e,net.openhft.chronicle.wire.YamlTokeniserTest.sample6,False
5149,Chronicle-Wire_a4dfcb6885ce468a64f6a3ceb5e4e16bb858ed2e,net.openhft.chronicle.wire.WireToOutputStreamTest.writeAnObject,False
5158,Chronicle-Wire_a4dfcb6885ce468a64f6a3ceb5e4e16bb858ed2e,net.openhft.chronicle.wire.Base64LongConverterTest.parse,False
5168,Chronicle-Wire_a4dfcb6885ce468a64f6a3ceb5e4e16bb858ed2e,net.openhft.chronicle.wire.ReadAnyWireTest.testCreateReadAnyFirstFIELDLESS_BINARYWire,False
5172,Chronicle-Wire_a4dfcb6885ce468a64f6a3ceb5e4e16bb858ed2e,net.openhft.chronicle.wire.BinaryMethodWriterInvocationHandlerTest.testOnClose,False
5186,Chronicle-Wire_a4dfcb6885ce468a64f6a3ceb5e4e16bb858ed2e,net.openhft.chronicle.wire.StrangeTextCombination.testXML,False
5197,Chronicle-Wire_a4dfcb6885ce468a64f6a3ceb5e4e16bb858ed2e,net.openhft.chronicle.wire.JSONWireTest.testNullString,False
5201,Chronicle-Wire_a4dfcb6885ce468a64f6a3ceb5e4e16bb858ed2e,net.openhft.chronicle.wire.WireDumperTest.parameters,False
5203,Chronicle-Wire_a4dfcb6885ce468a64f6a3ceb5e4e16bb858ed2e,net.openhft.chronicle.wire.WireDumperTest.shouldSerialiseContent,False
5204,Chronicle-Wire_a4dfcb6885ce468a64f6a3ceb5e4e16bb858ed2e,net.openhft.chronicle.wire.WireDumperTest.shouldSerialisePartialContent,False
5221,Chronicle-Wire_a4dfcb6885ce468a64f6a3ceb5e4e16bb858ed2e,net.openhft.chronicle.wire.TextWireTest.testWhiteSpaceInType,False
5232,Chronicle-Wire_a4dfcb6885ce468a64f6a3ceb5e4e16bb858ed2e,net.openhft.chronicle.wire.TextWireTest.testWriteToBinaryAndTriesToConvertToText,False
5235,Chronicle-Wire_a4dfcb6885ce468a64f6a3ceb5e4e16bb858ed2e,net.openhft.chronicle.wire.TextWireTest.testSimpleBool,False
5239,Chronicle-Wire_a4dfcb6885ce468a64f6a3ceb5e4e16bb858ed2e,net.openhft.chronicle.wire.TextWireTest.expectWithSnakeYaml,False
5248,Chronicle-Wire_a4dfcb6885ce468a64f6a3ceb5e4e16bb858ed2e,net.openhft.chronicle.wire.TextWireTest.testRead1,False
5257,Chronicle-Wire_a4dfcb6885ce468a64f6a3ceb5e4e16bb858ed2e,net.openhft.chronicle.wire.TextWireTest.float64,False
5261,Chronicle-Wire_a4dfcb6885ce468a64f6a3ceb5e4e16bb858ed2e,net.openhft.chronicle.wire.TextWireTest.testSingleQuote,False
5262,Chronicle-Wire_a4dfcb6885ce468a64f6a3ceb5e4e16bb858ed2e,net.openhft.chronicle.wire.TextWireTest.testBool,False
5263,Chronicle-Wire_a4dfcb6885ce468a64f6a3ceb5e4e16bb858ed2e,net.openhft.chronicle.wire.TextWireTest.testFloat32,False
5264,Chronicle-Wire_a4dfcb6885ce468a64f6a3ceb5e4e16bb858ed2e,net.openhft.chronicle.wire.TextWireTest.testTime,False
5275,Chronicle-Wire_a4dfcb6885ce468a64f6a3ceb5e4e16bb858ed2e,net.openhft.chronicle.wire.TextWireTest.testWriteMarshallableAndFieldLength,False
5277,Chronicle-Wire_a4dfcb6885ce468a64f6a3ceb5e4e16bb858ed2e,net.openhft.chronicle.wire.TextWireTest.testMapReadAndWriteMarshable,False
5285,Chronicle-Wire_a4dfcb6885ce468a64f6a3ceb5e4e16bb858ed2e,net.openhft.chronicle.wire.TextWireTest.testStringSet,False
5295,Chronicle-Wire_a4dfcb6885ce468a64f6a3ceb5e4e16bb858ed2e,net.openhft.chronicle.wire.TextWireTest.writeCharacter,False
5304,Chronicle-Wire_a4dfcb6885ce468a64f6a3ceb5e4e16bb858ed2e,net.openhft.chronicle.wire.TextWireTest.readMarshallableAsEnum,False
5309,Chronicle-Wire_a4dfcb6885ce468a64f6a3ceb5e4e16bb858ed2e,net.openhft.chronicle.wire.CharSequenceObjectMapTest.put,False
5312,Chronicle-Wire_a4dfcb6885ce468a64f6a3ceb5e4e16bb858ed2e,net.openhft.chronicle.wire.Base85LongConverterTest.parse,False
5319,Chronicle-Wire_a4dfcb6885ce468a64f6a3ceb5e4e16bb858ed2e,net.openhft.chronicle.wire.DocumentContextTest.multiMessageBinary,False
5325,Chronicle-Wire_a4dfcb6885ce468a64f6a3ceb5e4e16bb858ed2e,net.openhft.chronicle.wire.MarshallableTest.testBytesMarshallable,False
5326,Chronicle-Wire_a4dfcb6885ce468a64f6a3ceb5e4e16bb858ed2e,net.openhft.chronicle.wire.MarshallableTest.testEquals,False
5339,Chronicle-Wire_a4dfcb6885ce468a64f6a3ceb5e4e16bb858ed2e,net.openhft.chronicle.wire.WriteDocumentContextTest.nestedBinary,False
5367,Chronicle-Wire_a4dfcb6885ce468a64f6a3ceb5e4e16bb858ed2e,net.openhft.chronicle.wire.RawWireTest.testZonedDateTime,False
5385,Chronicle-Wire_a4dfcb6885ce468a64f6a3ceb5e4e16bb858ed2e,net.openhft.chronicle.wire.BinaryWireTest.int8,False
5387,Chronicle-Wire_a4dfcb6885ce468a64f6a3ceb5e4e16bb858ed2e,net.openhft.chronicle.wire.BinaryWireTest.checkAsText123_0,False
5404,Chronicle-Wire_a4dfcb6885ce468a64f6a3ceb5e4e16bb858ed2e,net.openhft.chronicle.wire.BinaryWireTest.testBytes,False
5405,Chronicle-Wire_a4dfcb6885ce468a64f6a3ceb5e4e16bb858ed2e,net.openhft.chronicle.wire.BinaryWireTest.testWriteMarshallable,False
5430,Chronicle-Wire_a4dfcb6885ce468a64f6a3ceb5e4e16bb858ed2e,net.openhft.chronicle.wire.YamlWireTest.comment,False
5447,Chronicle-Wire_a4dfcb6885ce468a64f6a3ceb5e4e16bb858ed2e,net.openhft.chronicle.wire.YamlWireTest.testInt64,False
5455,Chronicle-Wire_a4dfcb6885ce468a64f6a3ceb5e4e16bb858ed2e,net.openhft.chronicle.wire.YamlWireTest.testRead1,False
5458,Chronicle-Wire_a4dfcb6885ce468a64f6a3ceb5e4e16bb858ed2e,net.openhft.chronicle.wire.YamlWireTest.int16,False
5464,Chronicle-Wire_a4dfcb6885ce468a64f6a3ceb5e4e16bb858ed2e,net.openhft.chronicle.wire.YamlWireTest.float64,False
5473,Chronicle-Wire_a4dfcb6885ce468a64f6a3ceb5e4e16bb858ed2e,net.openhft.chronicle.wire.YamlWireTest.testDate,False
5476,Chronicle-Wire_a4dfcb6885ce468a64f6a3ceb5e4e16bb858ed2e,net.openhft.chronicle.wire.YamlWireTest.testNANValue,False
5481,Chronicle-Wire_a4dfcb6885ce468a64f6a3ceb5e4e16bb858ed2e,net.openhft.chronicle.wire.YamlWireTest.testWriteMarshallable,False
5516,Chronicle-Wire_a4dfcb6885ce468a64f6a3ceb5e4e16bb858ed2e,net.openhft.chronicle.wire.YamlWireTest.readMarshallableAsEnum,False
5102,Chronicle-Wire_a4dfcb6885ce468a64f6a3ceb5e4e16bb858ed2e,net.openhft.chronicle.wire.MessagePathClassifierTest.messageHistory,False
5137,Chronicle-Wire_a4dfcb6885ce468a64f6a3ceb5e4e16bb858ed2e,net.openhft.chronicle.wire.YamlTokeniserTest.sample1,False
5145,Chronicle-Wire_a4dfcb6885ce468a64f6a3ceb5e4e16bb858ed2e,net.openhft.chronicle.wire.WireToOutputStreamTest.testTimestamp,False
5152,Chronicle-Wire_a4dfcb6885ce468a64f6a3ceb5e4e16bb858ed2e,net.openhft.chronicle.wire.CSVWireTest.tstFrom3,False
5164,Chronicle-Wire_a4dfcb6885ce468a64f6a3ceb5e4e16bb858ed2e,net.openhft.chronicle.wire.ReadAnyWireTest.testReadAny,False
5170,Chronicle-Wire_a4dfcb6885ce468a64f6a3ceb5e4e16bb858ed2e,net.openhft.chronicle.wire.Base40LongConverterTest.parse,True
5173,Chronicle-Wire_a4dfcb6885ce468a64f6a3ceb5e4e16bb858ed2e,net.openhft.chronicle.wire.StrangeTextCombination.StrangeTextCombination,False
5177,Chronicle-Wire_a4dfcb6885ce468a64f6a3ceb5e4e16bb858ed2e,net.openhft.chronicle.wire.StrangeTextCombination.testSlashQuoteTest,False
5182,Chronicle-Wire_a4dfcb6885ce468a64f6a3ceb5e4e16bb858ed2e,net.openhft.chronicle.wire.StrangeTextCombination.testEmpty,False
5183,Chronicle-Wire_a4dfcb6885ce468a64f6a3ceb5e4e16bb858ed2e,net.openhft.chronicle.wire.StrangeTextCombination.testNull,False
5200,Chronicle-Wire_a4dfcb6885ce468a64f6a3ceb5e4e16bb858ed2e,net.openhft.chronicle.wire.WireDumperTest.WireDumperTest,False
5211,Chronicle-Wire_a4dfcb6885ce468a64f6a3ceb5e4e16bb858ed2e,net.openhft.chronicle.wire.ReadDocumentContextTest.testWritingNotCompleteDocument,True
5217,Chronicle-Wire_a4dfcb6885ce468a64f6a3ceb5e4e16bb858ed2e,net.openhft.chronicle.wire.MessageHistoryTest.checkHistoryMaxSizeException,False
5219,Chronicle-Wire_a4dfcb6885ce468a64f6a3ceb5e4e16bb858ed2e,net.openhft.chronicle.wire.Base256IntConverterTest.parse,False
5236,Chronicle-Wire_a4dfcb6885ce468a64f6a3ceb5e4e16bb858ed2e,net.openhft.chronicle.wire.TextWireTest.testFailingBool,False
5242,Chronicle-Wire_a4dfcb6885ce468a64f6a3ceb5e4e16bb858ed2e,net.openhft.chronicle.wire.TextWireTest.testInt16TooLarge,False
5244,Chronicle-Wire_a4dfcb6885ce468a64f6a3ceb5e4e16bb858ed2e,net.openhft.chronicle.wire.TextWireTest.testInt32TooLarge,False
5247,Chronicle-Wire_a4dfcb6885ce468a64f6a3ceb5e4e16bb858ed2e,net.openhft.chronicle.wire.TextWireTest.testRead,False
5253,Chronicle-Wire_a4dfcb6885ce468a64f6a3ceb5e4e16bb858ed2e,net.openhft.chronicle.wire.TextWireTest.uint16,False
5254,Chronicle-Wire_a4dfcb6885ce468a64f6a3ceb5e4e16bb858ed2e,net.openhft.chronicle.wire.TextWireTest.uint32,False
5278,Chronicle-Wire_a4dfcb6885ce468a64f6a3ceb5e4e16bb858ed2e,net.openhft.chronicle.wire.TextWireTest.testException,False
5282,Chronicle-Wire_a4dfcb6885ce468a64f6a3ceb5e4e16bb858ed2e,net.openhft.chronicle.wire.TextWireTest.testArrays2,False
5287,Chronicle-Wire_a4dfcb6885ce468a64f6a3ceb5e4e16bb858ed2e,net.openhft.chronicle.wire.TextWireTest.testNestedDecode,False
5292,Chronicle-Wire_a4dfcb6885ce468a64f6a3ceb5e4e16bb858ed2e,net.openhft.chronicle.wire.TextWireTest.testByteArray,False
5297,Chronicle-Wire_a4dfcb6885ce468a64f6a3ceb5e4e16bb858ed2e,net.openhft.chronicle.wire.TextWireTest.testSortedMap,False
5335,Chronicle-Wire_a4dfcb6885ce468a64f6a3ceb5e4e16bb858ed2e,net.openhft.chronicle.wire.WriteDocumentContextTest.nestedPlainText,False
5349,Chronicle-Wire_a4dfcb6885ce468a64f6a3ceb5e4e16bb858ed2e,net.openhft.chronicle.wire.RawWireTest.testWrite1,False
5357,Chronicle-Wire_a4dfcb6885ce468a64f6a3ceb5e4e16bb858ed2e,net.openhft.chronicle.wire.RawWireTest.uint16,False
5361,Chronicle-Wire_a4dfcb6885ce468a64f6a3ceb5e4e16bb858ed2e,net.openhft.chronicle.wire.RawWireTest.float64,False
5364,Chronicle-Wire_a4dfcb6885ce468a64f6a3ceb5e4e16bb858ed2e,net.openhft.chronicle.wire.RawWireTest.testBool,False
5371,Chronicle-Wire_a4dfcb6885ce468a64f6a3ceb5e4e16bb858ed2e,net.openhft.chronicle.wire.RawWireTest.testWriteMarshallable,False
5386,Chronicle-Wire_a4dfcb6885ce468a64f6a3ceb5e4e16bb858ed2e,net.openhft.chronicle.wire.BinaryWireTest.checkAsText123,False
5389,Chronicle-Wire_a4dfcb6885ce468a64f6a3ceb5e4e16bb858ed2e,net.openhft.chronicle.wire.BinaryWireTest.uint8,False
5403,Chronicle-Wire_a4dfcb6885ce468a64f6a3ceb5e4e16bb858ed2e,net.openhft.chronicle.wire.BinaryWireTest.testUuid,False
5432,Chronicle-Wire_a4dfcb6885ce468a64f6a3ceb5e4e16bb858ed2e,net.openhft.chronicle.wire.YamlWireTest.testFieldWithComment2,False
5438,Chronicle-Wire_a4dfcb6885ce468a64f6a3ceb5e4e16bb858ed2e,net.openhft.chronicle.wire.YamlWireTest.testFromString2,False
5443,Chronicle-Wire_a4dfcb6885ce468a64f6a3ceb5e4e16bb858ed2e,net.openhft.chronicle.wire.YamlWireTest.testFailingBool,False
5449,Chronicle-Wire_a4dfcb6885ce468a64f6a3ceb5e4e16bb858ed2e,net.openhft.chronicle.wire.YamlWireTest.testInt16TooLarge,False
5460,Chronicle-Wire_a4dfcb6885ce468a64f6a3ceb5e4e16bb858ed2e,net.openhft.chronicle.wire.YamlWireTest.uint16,False
5484,Chronicle-Wire_a4dfcb6885ce468a64f6a3ceb5e4e16bb858ed2e,net.openhft.chronicle.wire.YamlWireTest.testContextDump2,False
5489,Chronicle-Wire_a4dfcb6885ce468a64f6a3ceb5e4e16bb858ed2e,net.openhft.chronicle.wire.YamlWireTest.testException,False
5499,Chronicle-Wire_a4dfcb6885ce468a64f6a3ceb5e4e16bb858ed2e,net.openhft.chronicle.wire.YamlWireTest.testYNestedDecode,False
5501,Chronicle-Wire_a4dfcb6885ce468a64f6a3ceb5e4e16bb858ed2e,net.openhft.chronicle.wire.YamlWireTest.testAllChars,False
5505,Chronicle-Wire_a4dfcb6885ce468a64f6a3ceb5e4e16bb858ed2e,net.openhft.chronicle.wire.YamlWireTest.testObjectKeys,False
5509,Chronicle-Wire_a4dfcb6885ce468a64f6a3ceb5e4e16bb858ed2e,net.openhft.chronicle.wire.YamlWireTest.testSortedMap,False
5513,Chronicle-Wire_a4dfcb6885ce468a64f6a3ceb5e4e16bb858ed2e,net.openhft.chronicle.wire.YamlWireTest.testArrayTypes,False
5522,Chronicle-Wire_a4dfcb6885ce468a64f6a3ceb5e4e16bb858ed2e,net.openhft.chronicle.wire.reuse.NestedClassTest.combinations,False
5536,Chronicle-Wire_a4dfcb6885ce468a64f6a3ceb5e4e16bb858ed2e,net.openhft.chronicle.wire.marshallable.FieldInfoTest.fieldInfo,False
5538,Chronicle-Wire_a4dfcb6885ce468a64f6a3ceb5e4e16bb858ed2e,net.openhft.chronicle.wire.method.VanillaMethodReaderTest.a,False
5547,Chronicle-Wire_a4dfcb6885ce468a64f6a3ceb5e4e16bb858ed2e,net.openhft.chronicle.wire.method.VanillaMethodReaderTest.resetGenerateTuples,False
5548,Chronicle-Wire_a4dfcb6885ce468a64f6a3ceb5e4e16bb858ed2e,net.openhft.chronicle.wire.method.VanillaMethodReaderTest.testOverloaded,False
5549,Chronicle-Wire_a4dfcb6885ce468a64f6a3ceb5e4e16bb858ed2e,net.openhft.chronicle.wire.method.MethodWriterTest.testSubclasses,True
5551,Chronicle-Wire_a4dfcb6885ce468a64f6a3ceb5e4e16bb858ed2e,net.openhft.chronicle.wire.method.MethodWriterTest.multiOut,True
5553,Chronicle-Wire_a4dfcb6885ce468a64f6a3ceb5e4e16bb858ed2e,net.openhft.chronicle.wire.method.MethodWriterTest.testNoArgs,True
5108,Chronicle-Wire_a4dfcb6885ce468a64f6a3ceb5e4e16bb858ed2e,net.openhft.chronicle.wire.YamlTokeniserTest.eg2_1,False
5109,Chronicle-Wire_a4dfcb6885ce468a64f6a3ceb5e4e16bb858ed2e,net.openhft.chronicle.wire.YamlTokeniserTest.eg2_2,False
5119,Chronicle-Wire_a4dfcb6885ce468a64f6a3ceb5e4e16bb858ed2e,net.openhft.chronicle.wire.YamlTokeniserTest.eg2_11,False
5144,Chronicle-Wire_a4dfcb6885ce468a64f6a3ceb5e4e16bb858ed2e,net.openhft.chronicle.wire.WireToOutputStreamTest.data,False
5147,Chronicle-Wire_a4dfcb6885ce468a64f6a3ceb5e4e16bb858ed2e,net.openhft.chronicle.wire.WireToOutputStreamTest.testVisSocket,True
5154,Chronicle-Wire_a4dfcb6885ce468a64f6a3ceb5e4e16bb858ed2e,net.openhft.chronicle.wire.WordsLongConverterTest.asString,False
5163,Chronicle-Wire_a4dfcb6885ce468a64f6a3ceb5e4e16bb858ed2e,net.openhft.chronicle.wire.Base32IntConverterTest.parse,False
5189,Chronicle-Wire_a4dfcb6885ce468a64f6a3ceb5e4e16bb858ed2e,net.openhft.chronicle.wire.Base85IntConverterTest.asString,False
5191,Chronicle-Wire_a4dfcb6885ce468a64f6a3ceb5e4e16bb858ed2e,net.openhft.chronicle.wire.JSONWireTest.testListFormatting,False
5196,Chronicle-Wire_a4dfcb6885ce468a64f6a3ceb5e4e16bb858ed2e,net.openhft.chronicle.wire.JSONWireTest.testMarshallableWithTwoLists,False
5212,Chronicle-Wire_a4dfcb6885ce468a64f6a3ceb5e4e16bb858ed2e,net.openhft.chronicle.wire.ReadDocumentContextTest.testWritingNotCompleteDocumentShared,False
5224,Chronicle-Wire_a4dfcb6885ce468a64f6a3ceb5e4e16bb858ed2e,net.openhft.chronicle.wire.TextWireTest.testTypeInsteadOfField,False
5226,Chronicle-Wire_a4dfcb6885ce468a64f6a3ceb5e4e16bb858ed2e,net.openhft.chronicle.wire.TextWireTest.handleUnexpectedFields,False
5238,Chronicle-Wire_a4dfcb6885ce468a64f6a3ceb5e4e16bb858ed2e,net.openhft.chronicle.wire.TextWireTest.testLeadingSpace,False
5266,Chronicle-Wire_a4dfcb6885ce468a64f6a3ceb5e4e16bb858ed2e,net.openhft.chronicle.wire.TextWireTest.testDate,False
5274,Chronicle-Wire_a4dfcb6885ce468a64f6a3ceb5e4e16bb858ed2e,net.openhft.chronicle.wire.TextWireTest.testWriteMarshallable,False
5283,Chronicle-Wire_a4dfcb6885ce468a64f6a3ceb5e4e16bb858ed2e,net.openhft.chronicle.wire.TextWireTest.testGZIPCompressionAsText,False
5289,Chronicle-Wire_a4dfcb6885ce468a64f6a3ceb5e4e16bb858ed2e,net.openhft.chronicle.wire.TextWireTest.testAllChars,False
5290,Chronicle-Wire_a4dfcb6885ce468a64f6a3ceb5e4e16bb858ed2e,net.openhft.chronicle.wire.TextWireTest.readDemarshallable,False
5301,Chronicle-Wire_a4dfcb6885ce468a64f6a3ceb5e4e16bb858ed2e,net.openhft.chronicle.wire.TextWireTest.testArrayTypes,False
5303,Chronicle-Wire_a4dfcb6885ce468a64f6a3ceb5e4e16bb858ed2e,net.openhft.chronicle.wire.TextWireTest.testArrayTypes2,False
5314,Chronicle-Wire_a4dfcb6885ce468a64f6a3ceb5e4e16bb858ed2e,net.openhft.chronicle.wire.NanoTimestampLongConverterTest.parse,False
5315,Chronicle-Wire_a4dfcb6885ce468a64f6a3ceb5e4e16bb858ed2e,net.openhft.chronicle.wire.NanoTimestampLongConverterTest.parse2,False
5332,Chronicle-Wire_a4dfcb6885ce468a64f6a3ceb5e4e16bb858ed2e,net.openhft.chronicle.wire.MarshallableTest.getLongField,False
5345,Chronicle-Wire_a4dfcb6885ce468a64f6a3ceb5e4e16bb858ed2e,net.openhft.chronicle.wire.MilliTimestampLongConverterTest.parse2,False
5346,Chronicle-Wire_a4dfcb6885ce468a64f6a3ceb5e4e16bb858ed2e,net.openhft.chronicle.wire.RawWireTest.assertReferencesReleased,False
5352,Chronicle-Wire_a4dfcb6885ce468a64f6a3ceb5e4e16bb858ed2e,net.openhft.chronicle.wire.RawWireTest.testRead1,False
5358,Chronicle-Wire_a4dfcb6885ce468a64f6a3ceb5e4e16bb858ed2e,net.openhft.chronicle.wire.RawWireTest.uint32,False
5362,Chronicle-Wire_a4dfcb6885ce468a64f6a3ceb5e4e16bb858ed2e,net.openhft.chronicle.wire.RawWireTest.text,False
5370,Chronicle-Wire_a4dfcb6885ce468a64f6a3ceb5e4e16bb858ed2e,net.openhft.chronicle.wire.RawWireTest.testBytes,False
5373,Chronicle-Wire_a4dfcb6885ce468a64f6a3ceb5e4e16bb858ed2e,net.openhft.chronicle.wire.BinaryWireTest.combinations,False
5379,Chronicle-Wire_a4dfcb6885ce468a64f6a3ceb5e4e16bb858ed2e,net.openhft.chronicle.wire.BinaryWireTest.testWrite1,False
5393,Chronicle-Wire_a4dfcb6885ce468a64f6a3ceb5e4e16bb858ed2e,net.openhft.chronicle.wire.BinaryWireTest.int64,False
5402,Chronicle-Wire_a4dfcb6885ce468a64f6a3ceb5e4e16bb858ed2e,net.openhft.chronicle.wire.BinaryWireTest.testDate,False
5411,Chronicle-Wire_a4dfcb6885ce468a64f6a3ceb5e4e16bb858ed2e,net.openhft.chronicle.wire.BinaryWireTest.testSortedSet,False
5435,Chronicle-Wire_a4dfcb6885ce468a64f6a3ceb5e4e16bb858ed2e,net.openhft.chronicle.wire.YamlWireTest.licenseCheck,False
5440,Chronicle-Wire_a4dfcb6885ce468a64f6a3ceb5e4e16bb858ed2e,net.openhft.chronicle.wire.YamlWireTest.testWrite,False
5451,Chronicle-Wire_a4dfcb6885ce468a64f6a3ceb5e4e16bb858ed2e,net.openhft.chronicle.wire.YamlWireTest.testInt32TooLarge,False
5459,Chronicle-Wire_a4dfcb6885ce468a64f6a3ceb5e4e16bb858ed2e,net.openhft.chronicle.wire.YamlWireTest.uint8,False
5461,Chronicle-Wire_a4dfcb6885ce468a64f6a3ceb5e4e16bb858ed2e,net.openhft.chronicle.wire.YamlWireTest.uint32,False
5512,Chronicle-Wire_a4dfcb6885ce468a64f6a3ceb5e4e16bb858ed2e,net.openhft.chronicle.wire.YamlWireTest.testYNestedList,False
5515,Chronicle-Wire_a4dfcb6885ce468a64f6a3ceb5e4e16bb858ed2e,net.openhft.chronicle.wire.YamlWireTest.testArrayTypes2,False
5527,Chronicle-Wire_a4dfcb6885ce468a64f6a3ceb5e4e16bb858ed2e,net.openhft.chronicle.wire.reuse.WireCollectionTest.checkThreadDump,False
5533,Chronicle-Wire_a4dfcb6885ce468a64f6a3ceb5e4e16bb858ed2e,net.openhft.chronicle.wire.marshallable.WithDefaultsTest.doTest,False
5542,Chronicle-Wire_a4dfcb6885ce468a64f6a3ceb5e4e16bb858ed2e,net.openhft.chronicle.wire.method.VanillaMethodReaderTest.testSubclasses,False
5543,Chronicle-Wire_a4dfcb6885ce468a64f6a3ceb5e4e16bb858ed2e,net.openhft.chronicle.wire.method.VanillaMethodReaderTest.methodInterceptor,False
5546,Chronicle-Wire_a4dfcb6885ce468a64f6a3ceb5e4e16bb858ed2e,net.openhft.chronicle.wire.method.VanillaMethodReaderTest.testUnknownClass,False
5111,Chronicle-Wire_a4dfcb6885ce468a64f6a3ceb5e4e16bb858ed2e,net.openhft.chronicle.wire.YamlTokeniserTest.eg2_4,False
5121,Chronicle-Wire_a4dfcb6885ce468a64f6a3ceb5e4e16bb858ed2e,net.openhft.chronicle.wire.YamlTokeniserTest.eg2_13,False
5126,Chronicle-Wire_a4dfcb6885ce468a64f6a3ceb5e4e16bb858ed2e,net.openhft.chronicle.wire.YamlTokeniserTest.eg2_18,False
5130,Chronicle-Wire_a4dfcb6885ce468a64f6a3ceb5e4e16bb858ed2e,net.openhft.chronicle.wire.YamlTokeniserTest.eg2_22,False
5161,Chronicle-Wire_a4dfcb6885ce468a64f6a3ceb5e4e16bb858ed2e,net.openhft.chronicle.wire.WireSerializedLambdaTest.testTextWire,True
5165,Chronicle-Wire_a4dfcb6885ce468a64f6a3ceb5e4e16bb858ed2e,net.openhft.chronicle.wire.ReadAnyWireTest.testCreateReadAnyFirstTextWire,False
5166,Chronicle-Wire_a4dfcb6885ce468a64f6a3ceb5e4e16bb858ed2e,net.openhft.chronicle.wire.ReadAnyWireTest.testCreateReadAnyFirstBinaryWire,False
5185,Chronicle-Wire_a4dfcb6885ce468a64f6a3ceb5e4e16bb858ed2e,net.openhft.chronicle.wire.StrangeTextCombination.testUnicode,False
5210,Chronicle-Wire_a4dfcb6885ce468a64f6a3ceb5e4e16bb858ed2e,net.openhft.chronicle.wire.SequenceTest.test,True
5222,Chronicle-Wire_a4dfcb6885ce468a64f6a3ceb5e4e16bb858ed2e,net.openhft.chronicle.wire.TextWireTest.testBytes,False
5227,Chronicle-Wire_a4dfcb6885ce468a64f6a3ceb5e4e16bb858ed2e,net.openhft.chronicle.wire.TextWireTest.asProperties,False
5233,Chronicle-Wire_a4dfcb6885ce468a64f6a3ceb5e4e16bb858ed2e,net.openhft.chronicle.wire.TextWireTest.testWrite,False
5251,Chronicle-Wire_a4dfcb6885ce468a64f6a3ceb5e4e16bb858ed2e,net.openhft.chronicle.wire.TextWireTest.int16,False
5255,Chronicle-Wire_a4dfcb6885ce468a64f6a3ceb5e4e16bb858ed2e,net.openhft.chronicle.wire.TextWireTest.int32,False
5271,Chronicle-Wire_a4dfcb6885ce468a64f6a3ceb5e4e16bb858ed2e,net.openhft.chronicle.wire.TextWireTest.testABCStringBuilder,False
5281,Chronicle-Wire_a4dfcb6885ce468a64f6a3ceb5e4e16bb858ed2e,net.openhft.chronicle.wire.TextWireTest.testArrays,False
5291,Chronicle-Wire_a4dfcb6885ce468a64f6a3ceb5e4e16bb858ed2e,net.openhft.chronicle.wire.TextWireTest.testByteArrayValueWithRealBytesNegative,False
5317,Chronicle-Wire_a4dfcb6885ce468a64f6a3ceb5e4e16bb858ed2e,net.openhft.chronicle.wire.Base128LongConverterTest.asString,False
5321,Chronicle-Wire_a4dfcb6885ce468a64f6a3ceb5e4e16bb858ed2e,net.openhft.chronicle.wire.MarshallableTest.fromFile,False
5340,Chronicle-Wire_a4dfcb6885ce468a64f6a3ceb5e4e16bb858ed2e,net.openhft.chronicle.wire.WriteDocumentContextTest.chainedBinary,False
5350,Chronicle-Wire_a4dfcb6885ce468a64f6a3ceb5e4e16bb858ed2e,net.openhft.chronicle.wire.RawWireTest.testWrite2,False
5354,Chronicle-Wire_a4dfcb6885ce468a64f6a3ceb5e4e16bb858ed2e,net.openhft.chronicle.wire.RawWireTest.int8,False
5372,Chronicle-Wire_a4dfcb6885ce468a64f6a3ceb5e4e16bb858ed2e,net.openhft.chronicle.wire.BinaryWireTest.BinaryWireTest,False
5381,Chronicle-Wire_a4dfcb6885ce468a64f6a3ceb5e4e16bb858ed2e,net.openhft.chronicle.wire.BinaryWireTest.testWrite2,False
5394,Chronicle-Wire_a4dfcb6885ce468a64f6a3ceb5e4e16bb858ed2e,net.openhft.chronicle.wire.BinaryWireTest.testFloat64s,False
5407,Chronicle-Wire_a4dfcb6885ce468a64f6a3ceb5e4e16bb858ed2e,net.openhft.chronicle.wire.BinaryWireTest.testLongString,False
5412,Chronicle-Wire_a4dfcb6885ce468a64f6a3ceb5e4e16bb858ed2e,net.openhft.chronicle.wire.BinaryWireTest.testSortedMap,False
5416,Chronicle-Wire_a4dfcb6885ce468a64f6a3ceb5e4e16bb858ed2e,net.openhft.chronicle.wire.LongValueBitSetTest.testNextSetBit,False
5424,Chronicle-Wire_a4dfcb6885ce468a64f6a3ceb5e4e16bb858ed2e,net.openhft.chronicle.wire.GenerateMethodDelegateTest.testAcquireClass,True
5425,Chronicle-Wire_a4dfcb6885ce468a64f6a3ceb5e4e16bb858ed2e,net.openhft.chronicle.wire.GenerateMethodDelegateTest.chainedDelegate,False
5434,Chronicle-Wire_a4dfcb6885ce468a64f6a3ceb5e4e16bb858ed2e,net.openhft.chronicle.wire.YamlWireTest.asProperties,False
5436,Chronicle-Wire_a4dfcb6885ce468a64f6a3ceb5e4e16bb858ed2e,net.openhft.chronicle.wire.YamlWireTest.writeObjectWithTreeMap,False
5444,Chronicle-Wire_a4dfcb6885ce468a64f6a3ceb5e4e16bb858ed2e,net.openhft.chronicle.wire.YamlWireTest.testFailingBoolean,False
5454,Chronicle-Wire_a4dfcb6885ce468a64f6a3ceb5e4e16bb858ed2e,net.openhft.chronicle.wire.YamlWireTest.testRead,False
5462,Chronicle-Wire_a4dfcb6885ce468a64f6a3ceb5e4e16bb858ed2e,net.openhft.chronicle.wire.YamlWireTest.int32,False
5465,Chronicle-Wire_a4dfcb6885ce468a64f6a3ceb5e4e16bb858ed2e,net.openhft.chronicle.wire.YamlWireTest.text,False
5467,Chronicle-Wire_a4dfcb6885ce468a64f6a3ceb5e4e16bb858ed2e,net.openhft.chronicle.wire.YamlWireTest.testTypeWithEmpty,False
5469,Chronicle-Wire_a4dfcb6885ce468a64f6a3ceb5e4e16bb858ed2e,net.openhft.chronicle.wire.YamlWireTest.testBool,False
5474,Chronicle-Wire_a4dfcb6885ce468a64f6a3ceb5e4e16bb858ed2e,net.openhft.chronicle.wire.YamlWireTest.testUuid,False
5479,Chronicle-Wire_a4dfcb6885ce468a64f6a3ceb5e4e16bb858ed2e,net.openhft.chronicle.wire.YamlWireTest.testBytes,False
5494,Chronicle-Wire_a4dfcb6885ce468a64f6a3ceb5e4e16bb858ed2e,net.openhft.chronicle.wire.YamlWireTest.testGZIPCompressionAsText,False
5507,Chronicle-Wire_a4dfcb6885ce468a64f6a3ceb5e4e16bb858ed2e,net.openhft.chronicle.wire.YamlWireTest.writeCharacter,False
5510,Chronicle-Wire_a4dfcb6885ce468a64f6a3ceb5e4e16bb858ed2e,net.openhft.chronicle.wire.YamlWireTest.testStringArray,False
5518,Chronicle-Wire_a4dfcb6885ce468a64f6a3ceb5e4e16bb858ed2e,net.openhft.chronicle.wire.YamlWireTest.testParse2,False
5535,Chronicle-Wire_a4dfcb6885ce468a64f6a3ceb5e4e16bb858ed2e,net.openhft.chronicle.wire.marshallable.FieldInfoTest.combinations,False
5541,Chronicle-Wire_a4dfcb6885ce468a64f6a3ceb5e4e16bb858ed2e,net.openhft.chronicle.wire.method.VanillaMethodReaderTest.readMethodsCollections,False
5552,Chronicle-Wire_a4dfcb6885ce468a64f6a3ceb5e4e16bb858ed2e,net.openhft.chronicle.wire.method.MethodWriterTest.ignoreStatic,True
5556,Chronicle-Wire_a4dfcb6885ce468a64f6a3ceb5e4e16bb858ed2e,net.openhft.chronicle.wire.method.MethodWriterTest.testMicroTS,True
5113,Chronicle-Wire_a4dfcb6885ce468a64f6a3ceb5e4e16bb858ed2e,net.openhft.chronicle.wire.YamlTokeniserTest.eg2_5,False
5122,Chronicle-Wire_a4dfcb6885ce468a64f6a3ceb5e4e16bb858ed2e,net.openhft.chronicle.wire.YamlTokeniserTest.eg2_14,False
5127,Chronicle-Wire_a4dfcb6885ce468a64f6a3ceb5e4e16bb858ed2e,net.openhft.chronicle.wire.YamlTokeniserTest.eg2_19,False
5131,Chronicle-Wire_a4dfcb6885ce468a64f6a3ceb5e4e16bb858ed2e,net.openhft.chronicle.wire.YamlTokeniserTest.eg2_23,False
5136,Chronicle-Wire_a4dfcb6885ce468a64f6a3ceb5e4e16bb858ed2e,net.openhft.chronicle.wire.YamlTokeniserTest.eg2_28,False
5140,Chronicle-Wire_a4dfcb6885ce468a64f6a3ceb5e4e16bb858ed2e,net.openhft.chronicle.wire.YamlTokeniserTest.sample4,False
5155,Chronicle-Wire_a4dfcb6885ce468a64f6a3ceb5e4e16bb858ed2e,net.openhft.chronicle.wire.WordsLongConverterTest.parse,False
5160,Chronicle-Wire_a4dfcb6885ce468a64f6a3ceb5e4e16bb858ed2e,net.openhft.chronicle.wire.WireSerializedLambdaTest.testIsLambda,False
5162,Chronicle-Wire_a4dfcb6885ce468a64f6a3ceb5e4e16bb858ed2e,net.openhft.chronicle.wire.WireSerializedLambdaTest.testBinaryWire,False
5169,Chronicle-Wire_a4dfcb6885ce468a64f6a3ceb5e4e16bb858ed2e,net.openhft.chronicle.wire.WordsIntConverterTest.parse,False
5174,Chronicle-Wire_a4dfcb6885ce468a64f6a3ceb5e4e16bb858ed2e,net.openhft.chronicle.wire.StrangeTextCombination.data,False
5178,Chronicle-Wire_a4dfcb6885ce468a64f6a3ceb5e4e16bb858ed2e,net.openhft.chronicle.wire.StrangeTextCombination.testYaml,False
5208,Chronicle-Wire_a4dfcb6885ce468a64f6a3ceb5e4e16bb858ed2e,net.openhft.chronicle.wire.SequenceTest.SequenceTest,False
5214,Chronicle-Wire_a4dfcb6885ce468a64f6a3ceb5e4e16bb858ed2e,net.openhft.chronicle.wire.ReadDocumentContextTest.testReadingADocumentThatHasNotBeenFullyReadFromTheTcpSocketAt2Bytes,True
5223,Chronicle-Wire_a4dfcb6885ce468a64f6a3ceb5e4e16bb858ed2e,net.openhft.chronicle.wire.TextWireTest.comment,False
5231,Chronicle-Wire_a4dfcb6885ce468a64f6a3ceb5e4e16bb858ed2e,net.openhft.chronicle.wire.TextWireTest.testFromString2,False
5265,Chronicle-Wire_a4dfcb6885ce468a64f6a3ceb5e4e16bb858ed2e,net.openhft.chronicle.wire.TextWireTest.testZonedDateTime,False
5293,Chronicle-Wire_a4dfcb6885ce468a64f6a3ceb5e4e16bb858ed2e,net.openhft.chronicle.wire.TextWireTest.testObjectKeys,False
5298,Chronicle-Wire_a4dfcb6885ce468a64f6a3ceb5e4e16bb858ed2e,net.openhft.chronicle.wire.TextWireTest.testStringArray,False
5300,Chronicle-Wire_a4dfcb6885ce468a64f6a3ceb5e4e16bb858ed2e,net.openhft.chronicle.wire.TextWireTest.testNestedList,False
5308,Chronicle-Wire_a4dfcb6885ce468a64f6a3ceb5e4e16bb858ed2e,net.openhft.chronicle.wire.TextWireTest.testDoublePrecisionOverTextWire,False
5310,Chronicle-Wire_a4dfcb6885ce468a64f6a3ceb5e4e16bb858ed2e,net.openhft.chronicle.wire.QueryWireTest.createWire,False
5324,Chronicle-Wire_a4dfcb6885ce468a64f6a3ceb5e4e16bb858ed2e,net.openhft.chronicle.wire.MarshallableTest.testFromString3,False
5328,Chronicle-Wire_a4dfcb6885ce468a64f6a3ceb5e4e16bb858ed2e,net.openhft.chronicle.wire.MarshallableTest.equalsWithArray,True
5329,Chronicle-Wire_a4dfcb6885ce468a64f6a3ceb5e4e16bb858ed2e,net.openhft.chronicle.wire.MarshallableTest.test,False
5331,Chronicle-Wire_a4dfcb6885ce468a64f6a3ceb5e4e16bb858ed2e,net.openhft.chronicle.wire.MarshallableTest.getField,True
5333,Chronicle-Wire_a4dfcb6885ce468a64f6a3ceb5e4e16bb858ed2e,net.openhft.chronicle.wire.WriteDocumentContextTest.writeThreeKeys,False
5341,Chronicle-Wire_a4dfcb6885ce468a64f6a3ceb5e4e16bb858ed2e,net.openhft.chronicle.wire.WireMarshallerTest.usesBinary,False
5342,Chronicle-Wire_a4dfcb6885ce468a64f6a3ceb5e4e16bb858ed2e,net.openhft.chronicle.wire.WireTestCommon.enableReferenceTracing,False
5344,Chronicle-Wire_a4dfcb6885ce468a64f6a3ceb5e4e16bb858ed2e,net.openhft.chronicle.wire.MilliTimestampLongConverterTest.parse,False
5353,Chronicle-Wire_a4dfcb6885ce468a64f6a3ceb5e4e16bb858ed2e,net.openhft.chronicle.wire.RawWireTest.testRead2,False
5363,Chronicle-Wire_a4dfcb6885ce468a64f6a3ceb5e4e16bb858ed2e,net.openhft.chronicle.wire.RawWireTest.type,False
5399,Chronicle-Wire_a4dfcb6885ce468a64f6a3ceb5e4e16bb858ed2e,net.openhft.chronicle.wire.BinaryWireTest.testFloat32,False
5401,Chronicle-Wire_a4dfcb6885ce468a64f6a3ceb5e4e16bb858ed2e,net.openhft.chronicle.wire.BinaryWireTest.testZonedDateTime,False
5409,Chronicle-Wire_a4dfcb6885ce468a64f6a3ceb5e4e16bb858ed2e,net.openhft.chronicle.wire.BinaryWireTest.testArrays2,False
5410,Chronicle-Wire_a4dfcb6885ce468a64f6a3ceb5e4e16bb858ed2e,net.openhft.chronicle.wire.BinaryWireTest.testUsingEvents,False
5417,Chronicle-Wire_a4dfcb6885ce468a64f6a3ceb5e4e16bb858ed2e,net.openhft.chronicle.wire.ValueOutTest.ValueOutTest,False
5433,Chronicle-Wire_a4dfcb6885ce468a64f6a3ceb5e4e16bb858ed2e,net.openhft.chronicle.wire.YamlWireTest.handleUnexpectedFields,False
5441,Chronicle-Wire_a4dfcb6885ce468a64f6a3ceb5e4e16bb858ed2e,net.openhft.chronicle.wire.YamlWireTest.createWire,False
5445,Chronicle-Wire_a4dfcb6885ce468a64f6a3ceb5e4e16bb858ed2e,net.openhft.chronicle.wire.YamlWireTest.testLeadingSpace,False
5450,Chronicle-Wire_a4dfcb6885ce468a64f6a3ceb5e4e16bb858ed2e,net.openhft.chronicle.wire.YamlWireTest.testInt32,False
5478,Chronicle-Wire_a4dfcb6885ce468a64f6a3ceb5e4e16bb858ed2e,net.openhft.chronicle.wire.YamlWireTest.testABCStringBuilder,False
5488,Chronicle-Wire_a4dfcb6885ce468a64f6a3ceb5e4e16bb858ed2e,net.openhft.chronicle.wire.YamlWireTest.testMapReadAndWriteMarshable,False
5491,Chronicle-Wire_a4dfcb6885ce468a64f6a3ceb5e4e16bb858ed2e,net.openhft.chronicle.wire.YamlWireTest.testEnum,False
5498,Chronicle-Wire_a4dfcb6885ce468a64f6a3ceb5e4e16bb858ed2e,net.openhft.chronicle.wire.YamlWireTest.testStringMap,False
5500,Chronicle-Wire_a4dfcb6885ce468a64f6a3ceb5e4e16bb858ed2e,net.openhft.chronicle.wire.YamlWireTest.writeNull,False
5520,Chronicle-Wire_a4dfcb6885ce468a64f6a3ceb5e4e16bb858ed2e,net.openhft.chronicle.wire.YamlWireTest.testDoublePrecisionOverYamlWire,False
5523,Chronicle-Wire_a4dfcb6885ce468a64f6a3ceb5e4e16bb858ed2e,net.openhft.chronicle.wire.reuse.NestedClassTest.testMultipleReads,True
5540,Chronicle-Wire_a4dfcb6885ce468a64f6a3ceb5e4e16bb858ed2e,net.openhft.chronicle.wire.method.VanillaMethodReaderTest.readMethods,False
5104,Chronicle-Wire_a4dfcb6885ce468a64f6a3ceb5e4e16bb858ed2e,net.openhft.chronicle.wire.MessagePathClassifierTest.addPathForSourcesEnding,False
5118,Chronicle-Wire_a4dfcb6885ce468a64f6a3ceb5e4e16bb858ed2e,net.openhft.chronicle.wire.YamlTokeniserTest.eg2_10,False
5133,Chronicle-Wire_a4dfcb6885ce468a64f6a3ceb5e4e16bb858ed2e,net.openhft.chronicle.wire.YamlTokeniserTest.eg2_25,False
5143,Chronicle-Wire_a4dfcb6885ce468a64f6a3ceb5e4e16bb858ed2e,net.openhft.chronicle.wire.WireToOutputStreamTest.WireToOutputStreamTest,False
5157,Chronicle-Wire_a4dfcb6885ce468a64f6a3ceb5e4e16bb858ed2e,net.openhft.chronicle.wire.HashWireTest.testHashWithMap,False
5188,Chronicle-Wire_a4dfcb6885ce468a64f6a3ceb5e4e16bb858ed2e,net.openhft.chronicle.wire.Base85IntConverterTest.parse,False
5190,Chronicle-Wire_a4dfcb6885ce468a64f6a3ceb5e4e16bb858ed2e,net.openhft.chronicle.wire.JSONWireTest.getWire,False
5199,Chronicle-Wire_a4dfcb6885ce468a64f6a3ceb5e4e16bb858ed2e,net.openhft.chronicle.wire.JSONWireTest.testFloatFromJson,False
5230,Chronicle-Wire_a4dfcb6885ce468a64f6a3ceb5e4e16bb858ed2e,net.openhft.chronicle.wire.TextWireTest.testFromString,False
5237,Chronicle-Wire_a4dfcb6885ce468a64f6a3ceb5e4e16bb858ed2e,net.openhft.chronicle.wire.TextWireTest.testFailingBoolean,False
5246,Chronicle-Wire_a4dfcb6885ce468a64f6a3ceb5e4e16bb858ed2e,net.openhft.chronicle.wire.TextWireTest.testWrite2,False
5250,Chronicle-Wire_a4dfcb6885ce468a64f6a3ceb5e4e16bb858ed2e,net.openhft.chronicle.wire.TextWireTest.int8,False
5252,Chronicle-Wire_a4dfcb6885ce468a64f6a3ceb5e4e16bb858ed2e,net.openhft.chronicle.wire.TextWireTest.uint8,False
5259,Chronicle-Wire_a4dfcb6885ce468a64f6a3ceb5e4e16bb858ed2e,net.openhft.chronicle.wire.TextWireTest.type,False
5269,Chronicle-Wire_a4dfcb6885ce468a64f6a3ceb5e4e16bb858ed2e,net.openhft.chronicle.wire.TextWireTest.testNANValue,False
5280,Chronicle-Wire_a4dfcb6885ce468a64f6a3ceb5e4e16bb858ed2e,net.openhft.chronicle.wire.TextWireTest.testEnum,False
5323,Chronicle-Wire_a4dfcb6885ce468a64f6a3ceb5e4e16bb858ed2e,net.openhft.chronicle.wire.MarshallableTest.testFromString2,False
5330,Chronicle-Wire_a4dfcb6885ce468a64f6a3ceb5e4e16bb858ed2e,net.openhft.chronicle.wire.MarshallableTest.testReset,False
5336,Chronicle-Wire_a4dfcb6885ce468a64f6a3ceb5e4e16bb858ed2e,net.openhft.chronicle.wire.WriteDocumentContextTest.chainedPlainText,False
5338,Chronicle-Wire_a4dfcb6885ce468a64f6a3ceb5e4e16bb858ed2e,net.openhft.chronicle.wire.WriteDocumentContextTest.chainedText,False
5347,Chronicle-Wire_a4dfcb6885ce468a64f6a3ceb5e4e16bb858ed2e,net.openhft.chronicle.wire.RawWireTest.testWrite,False
5351,Chronicle-Wire_a4dfcb6885ce468a64f6a3ceb5e4e16bb858ed2e,net.openhft.chronicle.wire.RawWireTest.testRead,False
5376,Chronicle-Wire_a4dfcb6885ce468a64f6a3ceb5e4e16bb858ed2e,net.openhft.chronicle.wire.BinaryWireTest.readWriteString,False
5377,Chronicle-Wire_a4dfcb6885ce468a64f6a3ceb5e4e16bb858ed2e,net.openhft.chronicle.wire.BinaryWireTest.createWire,False
5396,Chronicle-Wire_a4dfcb6885ce468a64f6a3ceb5e4e16bb858ed2e,net.openhft.chronicle.wire.BinaryWireTest.text,False
5414,Chronicle-Wire_a4dfcb6885ce468a64f6a3ceb5e4e16bb858ed2e,net.openhft.chronicle.wire.BinaryWireTest.BWKey,False
5419,Chronicle-Wire_a4dfcb6885ce468a64f6a3ceb5e4e16bb858ed2e,net.openhft.chronicle.wire.ValueOutTest.test,False
5429,Chronicle-Wire_a4dfcb6885ce468a64f6a3ceb5e4e16bb858ed2e,net.openhft.chronicle.wire.MicroTimestampLongConverterTest.parse2,False
5431,Chronicle-Wire_a4dfcb6885ce468a64f6a3ceb5e4e16bb858ed2e,net.openhft.chronicle.wire.YamlWireTest.testTypeInsteadOfField,False
5486,Chronicle-Wire_a4dfcb6885ce468a64f6a3ceb5e4e16bb858ed2e,net.openhft.chronicle.wire.YamlWireTest.testMapReadAndWriteStrings,False
5495,Chronicle-Wire_a4dfcb6885ce468a64f6a3ceb5e4e16bb858ed2e,net.openhft.chronicle.wire.YamlWireTest.testLZWCompressionAsText,False
5504,Chronicle-Wire_a4dfcb6885ce468a64f6a3ceb5e4e16bb858ed2e,net.openhft.chronicle.wire.YamlWireTest.testByteArray,False
5514,Chronicle-Wire_a4dfcb6885ce468a64f6a3ceb5e4e16bb858ed2e,net.openhft.chronicle.wire.YamlWireTest.testArrayTypes1,False
5537,Chronicle-Wire_a4dfcb6885ce468a64f6a3ceb5e4e16bb858ed2e,net.openhft.chronicle.wire.method.VanillaMethodReaderTest.testMethodReaderWriterMetadata,False
5557,Chronicle-Wire_a4dfcb6885ce468a64f6a3ceb5e4e16bb858ed2e,net.openhft.chronicle.wire.method.MethodWriterTest.testPrimitives,True
5103,Chronicle-Wire_a4dfcb6885ce468a64f6a3ceb5e4e16bb858ed2e,net.openhft.chronicle.wire.MessagePathClassifierTest.pathFor,False
5107,Chronicle-Wire_a4dfcb6885ce468a64f6a3ceb5e4e16bb858ed2e,net.openhft.chronicle.wire.YamlTokeniserTest.doTest,False
5112,Chronicle-Wire_a4dfcb6885ce468a64f6a3ceb5e4e16bb858ed2e,net.openhft.chronicle.wire.YamlTokeniserTest.eg2_4B,False
5116,Chronicle-Wire_a4dfcb6885ce468a64f6a3ceb5e4e16bb858ed2e,net.openhft.chronicle.wire.YamlTokeniserTest.eg2_8,False
5141,Chronicle-Wire_a4dfcb6885ce468a64f6a3ceb5e4e16bb858ed2e,net.openhft.chronicle.wire.YamlTokeniserTest.sample5,False
5148,Chronicle-Wire_a4dfcb6885ce468a64f6a3ceb5e4e16bb858ed2e,net.openhft.chronicle.wire.WireToOutputStreamTest.readAnObject,False
5179,Chronicle-Wire_a4dfcb6885ce468a64f6a3ceb5e4e16bb858ed2e,net.openhft.chronicle.wire.StrangeTextCombination.testString,False
5184,Chronicle-Wire_a4dfcb6885ce468a64f6a3ceb5e4e16bb858ed2e,net.openhft.chronicle.wire.StrangeTextCombination.testNewLine,False
5193,Chronicle-Wire_a4dfcb6885ce468a64f6a3ceb5e4e16bb858ed2e,net.openhft.chronicle.wire.JSONWireTest.readExpect,False
5202,Chronicle-Wire_a4dfcb6885ce468a64f6a3ceb5e4e16bb858ed2e,net.openhft.chronicle.wire.WireDumperTest.toParams,False
5205,Chronicle-Wire_a4dfcb6885ce468a64f6a3ceb5e4e16bb858ed2e,net.openhft.chronicle.wire.WireDumperTest.initTestData,False
5209,Chronicle-Wire_a4dfcb6885ce468a64f6a3ceb5e4e16bb858ed2e,net.openhft.chronicle.wire.SequenceTest.wireTypes,False
5213,Chronicle-Wire_a4dfcb6885ce468a64f6a3ceb5e4e16bb858ed2e,net.openhft.chronicle.wire.ReadDocumentContextTest.testEmptyMessage,False
5216,Chronicle-Wire_a4dfcb6885ce468a64f6a3ceb5e4e16bb858ed2e,net.openhft.chronicle.wire.Base40IntConverterTest.parse,False
5228,Chronicle-Wire_a4dfcb6885ce468a64f6a3ceb5e4e16bb858ed2e,net.openhft.chronicle.wire.TextWireTest.licenseCheck,False
5229,Chronicle-Wire_a4dfcb6885ce468a64f6a3ceb5e4e16bb858ed2e,net.openhft.chronicle.wire.TextWireTest.writeObjectWithTreeMap,False
5234,Chronicle-Wire_a4dfcb6885ce468a64f6a3ceb5e4e16bb858ed2e,net.openhft.chronicle.wire.TextWireTest.createWire,False
5245,Chronicle-Wire_a4dfcb6885ce468a64f6a3ceb5e4e16bb858ed2e,net.openhft.chronicle.wire.TextWireTest.testWrite1,False
5256,Chronicle-Wire_a4dfcb6885ce468a64f6a3ceb5e4e16bb858ed2e,net.openhft.chronicle.wire.TextWireTest.int64,False
5272,Chronicle-Wire_a4dfcb6885ce468a64f6a3ceb5e4e16bb858ed2e,net.openhft.chronicle.wire.TextWireTest.testMapReadAndWriteStrings,False
5296,Chronicle-Wire_a4dfcb6885ce468a64f6a3ceb5e4e16bb858ed2e,net.openhft.chronicle.wire.TextWireTest.testSortedSet,False
5305,Chronicle-Wire_a4dfcb6885ce468a64f6a3ceb5e4e16bb858ed2e,net.openhft.chronicle.wire.TextWireTest.nestedWithEnumSet,False
5316,Chronicle-Wire_a4dfcb6885ce468a64f6a3ceb5e4e16bb858ed2e,net.openhft.chronicle.wire.Base128LongConverterTest.parse,False
5320,Chronicle-Wire_a4dfcb6885ce468a64f6a3ceb5e4e16bb858ed2e,net.openhft.chronicle.wire.DocumentContextTest.doTest,True
5359,Chronicle-Wire_a4dfcb6885ce468a64f6a3ceb5e4e16bb858ed2e,net.openhft.chronicle.wire.RawWireTest.int32,False
5375,Chronicle-Wire_a4dfcb6885ce468a64f6a3ceb5e4e16bb858ed2e,net.openhft.chronicle.wire.BinaryWireTest.testWrite,False
5388,Chronicle-Wire_a4dfcb6885ce468a64f6a3ceb5e4e16bb858ed2e,net.openhft.chronicle.wire.BinaryWireTest.int16,False
5406,Chronicle-Wire_a4dfcb6885ce468a64f6a3ceb5e4e16bb858ed2e,net.openhft.chronicle.wire.BinaryWireTest.writeNull,False
5415,Chronicle-Wire_a4dfcb6885ce468a64f6a3ceb5e4e16bb858ed2e,net.openhft.chronicle.wire.BinaryWireTest.code,False
5418,Chronicle-Wire_a4dfcb6885ce468a64f6a3ceb5e4e16bb858ed2e,net.openhft.chronicle.wire.ValueOutTest.data,False
5426,Chronicle-Wire_a4dfcb6885ce468a64f6a3ceb5e4e16bb858ed2e,net.openhft.chronicle.wire.GenerateMethodDelegateTest.getDelegateType,False
5439,Chronicle-Wire_a4dfcb6885ce468a64f6a3ceb5e4e16bb858ed2e,net.openhft.chronicle.wire.YamlWireTest.testWriteToBinaryAndTriesToConvertToText,False
5456,Chronicle-Wire_a4dfcb6885ce468a64f6a3ceb5e4e16bb858ed2e,net.openhft.chronicle.wire.YamlWireTest.testRead2,False
5463,Chronicle-Wire_a4dfcb6885ce468a64f6a3ceb5e4e16bb858ed2e,net.openhft.chronicle.wire.YamlWireTest.int64,False
5466,Chronicle-Wire_a4dfcb6885ce468a64f6a3ceb5e4e16bb858ed2e,net.openhft.chronicle.wire.YamlWireTest.type,False
5480,Chronicle-Wire_a4dfcb6885ce468a64f6a3ceb5e4e16bb858ed2e,net.openhft.chronicle.wire.YamlWireTest.testBytesField,False
5482,Chronicle-Wire_a4dfcb6885ce468a64f6a3ceb5e4e16bb858ed2e,net.openhft.chronicle.wire.YamlWireTest.testWriteMarshallableAndFieldLength,False
5483,Chronicle-Wire_a4dfcb6885ce468a64f6a3ceb5e4e16bb858ed2e,net.openhft.chronicle.wire.YamlWireTest.testContextDump,False
5493,Chronicle-Wire_a4dfcb6885ce468a64f6a3ceb5e4e16bb858ed2e,net.openhft.chronicle.wire.YamlWireTest.testArrays2,False
5506,Chronicle-Wire_a4dfcb6885ce468a64f6a3ceb5e4e16bb858ed2e,net.openhft.chronicle.wire.YamlWireTest.writeUnserializable,False
5508,Chronicle-Wire_a4dfcb6885ce468a64f6a3ceb5e4e16bb858ed2e,net.openhft.chronicle.wire.YamlWireTest.testSortedSet,False
5526,Chronicle-Wire_a4dfcb6885ce468a64f6a3ceb5e4e16bb858ed2e,net.openhft.chronicle.wire.reuse.WireCollectionTest.threadDump,False
5530,Chronicle-Wire_a4dfcb6885ce468a64f6a3ceb5e4e16bb858ed2e,net.openhft.chronicle.wire.marshallable.ThreeSequenceTest.testThree,False
5531,Chronicle-Wire_a4dfcb6885ce468a64f6a3ceb5e4e16bb858ed2e,net.openhft.chronicle.wire.marshallable.TwoArraysTest.testTwoArrays,True
5554,Chronicle-Wire_a4dfcb6885ce468a64f6a3ceb5e4e16bb858ed2e,net.openhft.chronicle.wire.method.MethodWriterTest.testUpdateListener,True
5105,Chronicle-Wire_a4dfcb6885ce468a64f6a3ceb5e4e16bb858ed2e,net.openhft.chronicle.wire.MessagePathClassifierTest.addPathForSourcesEnding2,False
5106,Chronicle-Wire_a4dfcb6885ce468a64f6a3ceb5e4e16bb858ed2e,net.openhft.chronicle.wire.Base32LongConverterTest.parse,False
5123,Chronicle-Wire_a4dfcb6885ce468a64f6a3ceb5e4e16bb858ed2e,net.openhft.chronicle.wire.YamlTokeniserTest.eg2_15,False
5124,Chronicle-Wire_a4dfcb6885ce468a64f6a3ceb5e4e16bb858ed2e,net.openhft.chronicle.wire.YamlTokeniserTest.eg2_16,False
5135,Chronicle-Wire_a4dfcb6885ce468a64f6a3ceb5e4e16bb858ed2e,net.openhft.chronicle.wire.YamlTokeniserTest.eg2_27,False
5138,Chronicle-Wire_a4dfcb6885ce468a64f6a3ceb5e4e16bb858ed2e,net.openhft.chronicle.wire.YamlTokeniserTest.sample2,False
5146,Chronicle-Wire_a4dfcb6885ce468a64f6a3ceb5e4e16bb858ed2e,net.openhft.chronicle.wire.WireToOutputStreamTest.testNoSocket,False
5150,Chronicle-Wire_a4dfcb6885ce468a64f6a3ceb5e4e16bb858ed2e,net.openhft.chronicle.wire.CSVWireTest.testFrom,False
5153,Chronicle-Wire_a4dfcb6885ce468a64f6a3ceb5e4e16bb858ed2e,net.openhft.chronicle.wire.CSVWireTest.doTestWire,False
5159,Chronicle-Wire_a4dfcb6885ce468a64f6a3ceb5e4e16bb858ed2e,net.openhft.chronicle.wire.Base64LongConverterTest.asString,False
5167,Chronicle-Wire_a4dfcb6885ce468a64f6a3ceb5e4e16bb858ed2e,net.openhft.chronicle.wire.ReadAnyWireTest.testCreateReadAnyFirstJSONWire,False
5171,Chronicle-Wire_a4dfcb6885ce468a64f6a3ceb5e4e16bb858ed2e,net.openhft.chronicle.wire.Base40LongConverterTest.parseLower,False
5181,Chronicle-Wire_a4dfcb6885ce468a64f6a3ceb5e4e16bb858ed2e,net.openhft.chronicle.wire.StrangeTextCombination.testBinaryWithSpace,False
5192,Chronicle-Wire_a4dfcb6885ce468a64f6a3ceb5e4e16bb858ed2e,net.openhft.chronicle.wire.JSONWireTest.testOpenBracket,False
5206,Chronicle-Wire_a4dfcb6885ce468a64f6a3ceb5e4e16bb858ed2e,net.openhft.chronicle.wire.VanillaWireParserTest.impl,False
5218,Chronicle-Wire_a4dfcb6885ce468a64f6a3ceb5e4e16bb858ed2e,net.openhft.chronicle.wire.MessageHistoryTest.checkToString,False
5240,Chronicle-Wire_a4dfcb6885ce468a64f6a3ceb5e4e16bb858ed2e,net.openhft.chronicle.wire.TextWireTest.testInt64,False
5241,Chronicle-Wire_a4dfcb6885ce468a64f6a3ceb5e4e16bb858ed2e,net.openhft.chronicle.wire.TextWireTest.testInt16,False
5249,Chronicle-Wire_a4dfcb6885ce468a64f6a3ceb5e4e16bb858ed2e,net.openhft.chronicle.wire.TextWireTest.testRead2,False
5268,Chronicle-Wire_a4dfcb6885ce468a64f6a3ceb5e4e16bb858ed2e,net.openhft.chronicle.wire.TextWireTest.testTypeWithoutSpace,False
5270,Chronicle-Wire_a4dfcb6885ce468a64f6a3ceb5e4e16bb858ed2e,net.openhft.chronicle.wire.TextWireTest.testABCDBytes,False
5276,Chronicle-Wire_a4dfcb6885ce468a64f6a3ceb5e4e16bb858ed2e,net.openhft.chronicle.wire.TextWireTest.testMapReadAndWriteIntegers,False
5288,Chronicle-Wire_a4dfcb6885ce468a64f6a3ceb5e4e16bb858ed2e,net.openhft.chronicle.wire.TextWireTest.writeNull,False
5334,Chronicle-Wire_a4dfcb6885ce468a64f6a3ceb5e4e16bb858ed2e,net.openhft.chronicle.wire.WriteDocumentContextTest.writeThreeChainedKeys,False
5343,Chronicle-Wire_a4dfcb6885ce468a64f6a3ceb5e4e16bb858ed2e,net.openhft.chronicle.wire.WireTestCommon.assertReferencesReleased,False
5355,Chronicle-Wire_a4dfcb6885ce468a64f6a3ceb5e4e16bb858ed2e,net.openhft.chronicle.wire.RawWireTest.int16,False
5374,Chronicle-Wire_a4dfcb6885ce468a64f6a3ceb5e4e16bb858ed2e,net.openhft.chronicle.wire.BinaryWireTest.assertReferencesReleased,False
5383,Chronicle-Wire_a4dfcb6885ce468a64f6a3ceb5e4e16bb858ed2e,net.openhft.chronicle.wire.BinaryWireTest.testRead1,False
5392,Chronicle-Wire_a4dfcb6885ce468a64f6a3ceb5e4e16bb858ed2e,net.openhft.chronicle.wire.BinaryWireTest.int32,False
5395,Chronicle-Wire_a4dfcb6885ce468a64f6a3ceb5e4e16bb858ed2e,net.openhft.chronicle.wire.BinaryWireTest.float64,False
5398,Chronicle-Wire_a4dfcb6885ce468a64f6a3ceb5e4e16bb858ed2e,net.openhft.chronicle.wire.BinaryWireTest.testBool,False
5400,Chronicle-Wire_a4dfcb6885ce468a64f6a3ceb5e4e16bb858ed2e,net.openhft.chronicle.wire.BinaryWireTest.testTime,False
5421,Chronicle-Wire_a4dfcb6885ce468a64f6a3ceb5e4e16bb858ed2e,net.openhft.chronicle.wire.ValueOutTest.testAllBytes,False
5422,Chronicle-Wire_a4dfcb6885ce468a64f6a3ceb5e4e16bb858ed2e,net.openhft.chronicle.wire.Base95LongConverterTest.parse,False
5437,Chronicle-Wire_a4dfcb6885ce468a64f6a3ceb5e4e16bb858ed2e,net.openhft.chronicle.wire.YamlWireTest.testFromString,False
5475,Chronicle-Wire_a4dfcb6885ce468a64f6a3ceb5e4e16bb858ed2e,net.openhft.chronicle.wire.YamlWireTest.testTypeWithoutSpace,False
5487,Chronicle-Wire_a4dfcb6885ce468a64f6a3ceb5e4e16bb858ed2e,net.openhft.chronicle.wire.YamlWireTest.testMapReadAndWriteIntegers,False
5490,Chronicle-Wire_a4dfcb6885ce468a64f6a3ceb5e4e16bb858ed2e,net.openhft.chronicle.wire.YamlWireTest.getStackTrace,False
5502,Chronicle-Wire_a4dfcb6885ce468a64f6a3ceb5e4e16bb858ed2e,net.openhft.chronicle.wire.YamlWireTest.readDemarshallable,False
5511,Chronicle-Wire_a4dfcb6885ce468a64f6a3ceb5e4e16bb858ed2e,net.openhft.chronicle.wire.YamlWireTest.testDoubleEngineering,False
5525,Chronicle-Wire_a4dfcb6885ce468a64f6a3ceb5e4e16bb858ed2e,net.openhft.chronicle.wire.reuse.WireCollectionTest.combinations,False
5534,Chronicle-Wire_a4dfcb6885ce468a64f6a3ceb5e4e16bb858ed2e,net.openhft.chronicle.wire.marshallable.FieldInfoTest.FieldInfoTest,False
5539,Chronicle-Wire_a4dfcb6885ce468a64f6a3ceb5e4e16bb858ed2e,net.openhft.chronicle.wire.method.VanillaMethodReaderTest.index2index,False
5545,Chronicle-Wire_a4dfcb6885ce468a64f6a3ceb5e4e16bb858ed2e,net.openhft.chronicle.wire.method.VanillaMethodReaderTest.testNestedUnknownClass,False
5550,Chronicle-Wire_a4dfcb6885ce468a64f6a3ceb5e4e16bb858ed2e,net.openhft.chronicle.wire.method.MethodWriterTest.testDefault,True
5555,Chronicle-Wire_a4dfcb6885ce468a64f6a3ceb5e4e16bb858ed2e,net.openhft.chronicle.wire.method.MethodWriterTest.testUpdateListenerCheckUpdateInterceptorReturnValue,True
5175,Chronicle-Wire_a4dfcb6885ce468a64f6a3ceb5e4e16bb858ed2e,net.openhft.chronicle.wire.StrangeTextCombination.testPrependedSpace,False
5176,Chronicle-Wire_a4dfcb6885ce468a64f6a3ceb5e4e16bb858ed2e,net.openhft.chronicle.wire.StrangeTextCombination.testPostpendedSpace,False
5187,Chronicle-Wire_a4dfcb6885ce468a64f6a3ceb5e4e16bb858ed2e,net.openhft.chronicle.wire.StrangeTextCombination.wireFactory,False
5198,Chronicle-Wire_a4dfcb6885ce468a64f6a3ceb5e4e16bb858ed2e,net.openhft.chronicle.wire.JSONWireTest.testBytes,False
5215,Chronicle-Wire_a4dfcb6885ce468a64f6a3ceb5e4e16bb858ed2e,net.openhft.chronicle.wire.ReadDocumentContextTest.testReadingADocumentThatHasNotBeenFullyReadFromTheTcpSocketAt5Bytes,True
5220,Chronicle-Wire_a4dfcb6885ce468a64f6a3ceb5e4e16bb858ed2e,net.openhft.chronicle.wire.Base256IntConverterTest.append,False
5225,Chronicle-Wire_a4dfcb6885ce468a64f6a3ceb5e4e16bb858ed2e,net.openhft.chronicle.wire.TextWireTest.testFieldWithComment2,False
5243,Chronicle-Wire_a4dfcb6885ce468a64f6a3ceb5e4e16bb858ed2e,net.openhft.chronicle.wire.TextWireTest.testInt32,False
5258,Chronicle-Wire_a4dfcb6885ce468a64f6a3ceb5e4e16bb858ed2e,net.openhft.chronicle.wire.TextWireTest.text,False
5267,Chronicle-Wire_a4dfcb6885ce468a64f6a3ceb5e4e16bb858ed2e,net.openhft.chronicle.wire.TextWireTest.testUuid,False
5273,Chronicle-Wire_a4dfcb6885ce468a64f6a3ceb5e4e16bb858ed2e,net.openhft.chronicle.wire.TextWireTest.testBytesField,False
5284,Chronicle-Wire_a4dfcb6885ce468a64f6a3ceb5e4e16bb858ed2e,net.openhft.chronicle.wire.TextWireTest.testLZWCompressionAsText,False
5286,Chronicle-Wire_a4dfcb6885ce468a64f6a3ceb5e4e16bb858ed2e,net.openhft.chronicle.wire.TextWireTest.testStringMap,False
5294,Chronicle-Wire_a4dfcb6885ce468a64f6a3ceb5e4e16bb858ed2e,net.openhft.chronicle.wire.TextWireTest.writeUnserializable,False
5306,Chronicle-Wire_a4dfcb6885ce468a64f6a3ceb5e4e16bb858ed2e,net.openhft.chronicle.wire.TextWireTest.testParse2,False
5307,Chronicle-Wire_a4dfcb6885ce468a64f6a3ceb5e4e16bb858ed2e,net.openhft.chronicle.wire.TextWireTest.longConverter,False
5313,Chronicle-Wire_a4dfcb6885ce468a64f6a3ceb5e4e16bb858ed2e,net.openhft.chronicle.wire.Base85LongConverterTest.asString,False
5318,Chronicle-Wire_a4dfcb6885ce468a64f6a3ceb5e4e16bb858ed2e,net.openhft.chronicle.wire.DocumentContextTest.multiMessageText,False
5322,Chronicle-Wire_a4dfcb6885ce468a64f6a3ceb5e4e16bb858ed2e,net.openhft.chronicle.wire.MarshallableTest.testEmptyFromString,False
5327,Chronicle-Wire_a4dfcb6885ce468a64f6a3ceb5e4e16bb858ed2e,net.openhft.chronicle.wire.MarshallableTest.testCopy,False
5356,Chronicle-Wire_a4dfcb6885ce468a64f6a3ceb5e4e16bb858ed2e,net.openhft.chronicle.wire.RawWireTest.uint8,False
5360,Chronicle-Wire_a4dfcb6885ce468a64f6a3ceb5e4e16bb858ed2e,net.openhft.chronicle.wire.RawWireTest.int64,False
5365,Chronicle-Wire_a4dfcb6885ce468a64f6a3ceb5e4e16bb858ed2e,net.openhft.chronicle.wire.RawWireTest.testFloat32,False
5366,Chronicle-Wire_a4dfcb6885ce468a64f6a3ceb5e4e16bb858ed2e,net.openhft.chronicle.wire.RawWireTest.testTime,False
5368,Chronicle-Wire_a4dfcb6885ce468a64f6a3ceb5e4e16bb858ed2e,net.openhft.chronicle.wire.RawWireTest.testDate,False
5369,Chronicle-Wire_a4dfcb6885ce468a64f6a3ceb5e4e16bb858ed2e,net.openhft.chronicle.wire.RawWireTest.testUuid,False
5378,Chronicle-Wire_a4dfcb6885ce468a64f6a3ceb5e4e16bb858ed2e,net.openhft.chronicle.wire.BinaryWireTest.checkWire,False
5380,Chronicle-Wire_a4dfcb6885ce468a64f6a3ceb5e4e16bb858ed2e,net.openhft.chronicle.wire.BinaryWireTest.checkAsText,False
5391,Chronicle-Wire_a4dfcb6885ce468a64f6a3ceb5e4e16bb858ed2e,net.openhft.chronicle.wire.BinaryWireTest.uint32,False
5413,Chronicle-Wire_a4dfcb6885ce468a64f6a3ceb5e4e16bb858ed2e,net.openhft.chronicle.wire.BinaryWireTest.testSkipPadding,False
5420,Chronicle-Wire_a4dfcb6885ce468a64f6a3ceb5e4e16bb858ed2e,net.openhft.chronicle.wire.ValueOutTest.testRequestedType,False
5446,Chronicle-Wire_a4dfcb6885ce468a64f6a3ceb5e4e16bb858ed2e,net.openhft.chronicle.wire.YamlWireTest.expectWithSnakeYaml,False
5448,Chronicle-Wire_a4dfcb6885ce468a64f6a3ceb5e4e16bb858ed2e,net.openhft.chronicle.wire.YamlWireTest.testInt16,False
5457,Chronicle-Wire_a4dfcb6885ce468a64f6a3ceb5e4e16bb858ed2e,net.openhft.chronicle.wire.YamlWireTest.int8,False
5470,Chronicle-Wire_a4dfcb6885ce468a64f6a3ceb5e4e16bb858ed2e,net.openhft.chronicle.wire.YamlWireTest.testFloat32,False
5471,Chronicle-Wire_a4dfcb6885ce468a64f6a3ceb5e4e16bb858ed2e,net.openhft.chronicle.wire.YamlWireTest.testTime,False
5472,Chronicle-Wire_a4dfcb6885ce468a64f6a3ceb5e4e16bb858ed2e,net.openhft.chronicle.wire.YamlWireTest.testZonedDateTime,False
5485,Chronicle-Wire_a4dfcb6885ce468a64f6a3ceb5e4e16bb858ed2e,net.openhft.chronicle.wire.YamlWireTest.testConsumeAny,False
5492,Chronicle-Wire_a4dfcb6885ce468a64f6a3ceb5e4e16bb858ed2e,net.openhft.chronicle.wire.YamlWireTest.testArrays,False
5496,Chronicle-Wire_a4dfcb6885ce468a64f6a3ceb5e4e16bb858ed2e,net.openhft.chronicle.wire.YamlWireTest.testStringArrays,False
5517,Chronicle-Wire_a4dfcb6885ce468a64f6a3ceb5e4e16bb858ed2e,net.openhft.chronicle.wire.YamlWireTest.nestedWithEnumSet,False
5521,Chronicle-Wire_a4dfcb6885ce468a64f6a3ceb5e4e16bb858ed2e,net.openhft.chronicle.wire.reuse.NestedClassTest.NestedClassTest,False
5529,Chronicle-Wire_a4dfcb6885ce468a64f6a3ceb5e4e16bb858ed2e,net.openhft.chronicle.wire.utils.JavaSourceCodeFormatterTest.testAppend,False
5100,Chronicle-Wire_a4dfcb6885ce468a64f6a3ceb5e4e16bb858ed2e,net.openhft.chronicle.wire.WireParserTest.noOpReadOne,False
5101,Chronicle-Wire_a4dfcb6885ce468a64f6a3ceb5e4e16bb858ed2e,net.openhft.chronicle.wire.GenerateJsonSchemaMainTest.generateSchemaFor,False
5120,Chronicle-Wire_a4dfcb6885ce468a64f6a3ceb5e4e16bb858ed2e,net.openhft.chronicle.wire.YamlTokeniserTest.eg2_12,False
5129,Chronicle-Wire_a4dfcb6885ce468a64f6a3ceb5e4e16bb858ed2e,net.openhft.chronicle.wire.YamlTokeniserTest.eg2_21,False
5132,Chronicle-Wire_a4dfcb6885ce468a64f6a3ceb5e4e16bb858ed2e,net.openhft.chronicle.wire.YamlTokeniserTest.eg2_24,False
5139,Chronicle-Wire_a4dfcb6885ce468a64f6a3ceb5e4e16bb858ed2e,net.openhft.chronicle.wire.YamlTokeniserTest.sample3,False
5151,Chronicle-Wire_a4dfcb6885ce468a64f6a3ceb5e4e16bb858ed2e,net.openhft.chronicle.wire.CSVWireTest.tstFrom2,False
5156,Chronicle-Wire_a4dfcb6885ce468a64f6a3ceb5e4e16bb858ed2e,net.openhft.chronicle.wire.HashWireTest.testHash64,False
5180,Chronicle-Wire_a4dfcb6885ce468a64f6a3ceb5e4e16bb858ed2e,net.openhft.chronicle.wire.StrangeTextCombination.testBinary,False
5194,Chronicle-Wire_a4dfcb6885ce468a64f6a3ceb5e4e16bb858ed2e,net.openhft.chronicle.wire.JSONWireTest.testNoSpaces,False
5195,Chronicle-Wire_a4dfcb6885ce468a64f6a3ceb5e4e16bb858ed2e,net.openhft.chronicle.wire.JSONWireTest.soutWireParselet,False
5207,Chronicle-Wire_a4dfcb6885ce468a64f6a3ceb5e4e16bb858ed2e,net.openhft.chronicle.wire.VanillaWireParserTest.shouldDetermineMethodNamesFromMethodIds,False
5260,Chronicle-Wire_a4dfcb6885ce468a64f6a3ceb5e4e16bb858ed2e,net.openhft.chronicle.wire.TextWireTest.testTypeWithEmpty,False
5279,Chronicle-Wire_a4dfcb6885ce468a64f6a3ceb5e4e16bb858ed2e,net.openhft.chronicle.wire.TextWireTest.getStackTrace,False
5299,Chronicle-Wire_a4dfcb6885ce468a64f6a3ceb5e4e16bb858ed2e,net.openhft.chronicle.wire.TextWireTest.testDoubleEngineering,False
5302,Chronicle-Wire_a4dfcb6885ce468a64f6a3ceb5e4e16bb858ed2e,net.openhft.chronicle.wire.TextWireTest.testArrayTypes1,False
5311,Chronicle-Wire_a4dfcb6885ce468a64f6a3ceb5e4e16bb858ed2e,net.openhft.chronicle.wire.QueryWireTest.readWriteQuery,False
5337,Chronicle-Wire_a4dfcb6885ce468a64f6a3ceb5e4e16bb858ed2e,net.openhft.chronicle.wire.WriteDocumentContextTest.nestedText,False
5348,Chronicle-Wire_a4dfcb6885ce468a64f6a3ceb5e4e16bb858ed2e,net.openhft.chronicle.wire.RawWireTest.createWire,False
5382,Chronicle-Wire_a4dfcb6885ce468a64f6a3ceb5e4e16bb858ed2e,net.openhft.chronicle.wire.BinaryWireTest.testRead,False
5384,Chronicle-Wire_a4dfcb6885ce468a64f6a3ceb5e4e16bb858ed2e,net.openhft.chronicle.wire.BinaryWireTest.testRead2,False
5390,Chronicle-Wire_a4dfcb6885ce468a64f6a3ceb5e4e16bb858ed2e,net.openhft.chronicle.wire.BinaryWireTest.uint16,False
5397,Chronicle-Wire_a4dfcb6885ce468a64f6a3ceb5e4e16bb858ed2e,net.openhft.chronicle.wire.BinaryWireTest.type,False
5408,Chronicle-Wire_a4dfcb6885ce468a64f6a3ceb5e4e16bb858ed2e,net.openhft.chronicle.wire.BinaryWireTest.testArrays,False
5423,Chronicle-Wire_a4dfcb6885ce468a64f6a3ceb5e4e16bb858ed2e,net.openhft.chronicle.wire.Base95LongConverterTest.asString,False
5427,Chronicle-Wire_a4dfcb6885ce468a64f6a3ceb5e4e16bb858ed2e,net.openhft.chronicle.wire.GenerateMethodDelegateTest.getDelegate,False
5428,Chronicle-Wire_a4dfcb6885ce468a64f6a3ceb5e4e16bb858ed2e,net.openhft.chronicle.wire.MicroTimestampLongConverterTest.parse,False
5442,Chronicle-Wire_a4dfcb6885ce468a64f6a3ceb5e4e16bb858ed2e,net.openhft.chronicle.wire.YamlWireTest.testSimpleBool,False
5452,Chronicle-Wire_a4dfcb6885ce468a64f6a3ceb5e4e16bb858ed2e,net.openhft.chronicle.wire.YamlWireTest.testWrite1,False
5453,Chronicle-Wire_a4dfcb6885ce468a64f6a3ceb5e4e16bb858ed2e,net.openhft.chronicle.wire.YamlWireTest.testWrite2,False
5468,Chronicle-Wire_a4dfcb6885ce468a64f6a3ceb5e4e16bb858ed2e,net.openhft.chronicle.wire.YamlWireTest.testSingleQuote,False
5477,Chronicle-Wire_a4dfcb6885ce468a64f6a3ceb5e4e16bb858ed2e,net.openhft.chronicle.wire.YamlWireTest.testABCDBytes,False
5497,Chronicle-Wire_a4dfcb6885ce468a64f6a3ceb5e4e16bb858ed2e,net.openhft.chronicle.wire.YamlWireTest.testStringSet,False
5503,Chronicle-Wire_a4dfcb6885ce468a64f6a3ceb5e4e16bb858ed2e,net.openhft.chronicle.wire.YamlWireTest.testByteArrayValueWithRealBytesNegative,False
5519,Chronicle-Wire_a4dfcb6885ce468a64f6a3ceb5e4e16bb858ed2e,net.openhft.chronicle.wire.YamlWireTest.longConverter,False
5524,Chronicle-Wire_a4dfcb6885ce468a64f6a3ceb5e4e16bb858ed2e,net.openhft.chronicle.wire.reuse.WireCollectionTest.WireCollectionTest,False
5528,Chronicle-Wire_a4dfcb6885ce468a64f6a3ceb5e4e16bb858ed2e,net.openhft.chronicle.wire.reuse.WireCollectionTest.testMultipleReads,False
5532,Chronicle-Wire_a4dfcb6885ce468a64f6a3ceb5e4e16bb858ed2e,net.openhft.chronicle.wire.marshallable.WithDefaultsTest.writeMarshallable,True
5544,Chronicle-Wire_a4dfcb6885ce468a64f6a3ceb5e4e16bb858ed2e,net.openhft.chronicle.wire.method.VanillaMethodReaderTest.methodInterceptorNull,False
5558,Chronicle-Wire_a4dfcb6885ce468a64f6a3ceb5e4e16bb858ed2e,net.openhft.chronicle.wire.method.MethodWriterTest.doTestPrimitives,False
5559,Chronicle-Wire_a4dfcb6885ce468a64f6a3ceb5e4e16bb858ed2e,net.openhft.chronicle.wire.method.MethodWriterTest.checkWriterType,False
